datetime,close,volume,ret_1h,ret_3h,vol_change,rsi_14,macd,macd_signal,sma20_ratio,bb_pct,btc_mentions,n_articles,total_coin_mentions,sent_mean,btc_share,sent_net,btc_sent_mean,btc_mentions_3h
2025-07-17 00:00:00+00:00,118894.33,37962783.2895799,0.0022245557063227395,-0.0033807039267499395,-0.06933809057384088,52.414602923024965,268.53139525378356,321.30693524105595,8.211326469220737e-05,0.5052533501764174,0.0,0.0,0.0,0.0,0.0,0.0,0.0,0.0
2025-07-17 01:00:00+00:00,118149.7,101036811.1598899,-0.0062629563579693626,-0.00412713017452726,1.6614700610643238,44.882632821005245,183.83612620948406,293.8127734347416,-0.006298326803986121,0.07177720307276649,0.0,0.0,0.0,0.0,0.0,0.0,0.0,0.0
2025-07-17 02:00:00+00:00,118330.57,71905806.6287625,0.0015308545006886831,-0.002527681978392815,-0.28832070407514976,46.87941117658132,129.81281141740328,261.01278103127396,-0.004799826558630871,0.17085354449613416,0.0,0.0,0.0,0.0,0.0,0.0,0.0,0.0
2025-07-17 03:00:00+00:00,118128.8,53394432.9749121,-0.0017051384101336442,-0.006438742705392242,-0.25743920445008683,44.924187851456004,69.91189172085433,222.79260316919004,-0.006471524859158362,0.06142370085176106,0.0,0.0,0.0,0.0,0.0,0.0,0.0,0.0
2025-07-17 04:00:00+00:00,118485.4,46045924.3573967,0.003018738868082904,0.002841310642346162,-0.1376268687218416,48.97469375602757,50.63097866262251,188.36027826787657,-0.0033823860415429507,0.27453957265917167,0.0,0.0,0.0,0.0,0.0,0.0,0.0,0.0
2025-07-17 05:00:00+00:00,118587.03,43197792.1228329,0.0008577428105065454,0.0021673182170929284,-0.06185416569026447,50.10102277559233,43.055095455623814,159.29924170542603,-0.002273118374189642,0.3481052499744978,0.0,0.0,0.0,0.0,0.0,0.0,0.0,0.0
2025-07-17 06:00:00+00:00,118452.51,70307280.7928401,-0.0011343567673463006,0.00274031396238672,0.6275665337923144,48.57267806152639,25.89797789507429,132.6189889433557,-0.003285927113287568,0.2843740120031075,10.0,10.0,14.0,0.12183135487139225,1.0,0.3,0.12183135487139225,10.0
2025-07-17 07:00:00+00:00,118311.75,86689847.4551217,-0.0011883243335240046,-0.0014655814134061362,0.23301379995839566,46.9584475890303,0.9319401721877512,106.28157918912213,-0.0042787690714489734,0.22797289393143286,16.0,16.0,35.0,0.37009661667980254,1.0,0.5,0.37009661667980254,26.0
2025-07-17 08:00:00+00:00,118330.93,49293722.4024629,0.00016211407573618608,-0.0021595953621572628,-0.43137836956073006,47.215860877809575,-17.108937703829724,81.60347581053176,-0.003998946888461474,0.25122131601897185,14.0,14.0,27.0,-0.02731465388621603,1.0,0.0,-0.02731465388621603,40.0
2025-07-17 09:00:00+00:00,118769.34,87193280.6199535,0.003704948486418669,0.0026747428146520758,0.7688516178197367,52.84867210725736,3.924322509599733,66.06764515034536,-0.00033798224486192296,0.47894974578491073,24.0,25.0,32.0,-0.02303940609097481,0.96,0.08000000000000002,-0.061993100525190435,54.0
2025-07-17 10:00:00+00:00,118340.01,47732830.9001793,-0.003614821805021373,0.00023886046821219864,-0.4525629663112365,47.50260231198216,-13.889896098218742,50.07613690063254,-0.0036510284738562326,0.27594060908572243,26.0,27.0,42.0,0.005229208963336768,0.9629629629629629,0.07407407407407407,0.003764292153601463,64.0
2025-07-17 11:00:00+00:00,117995.0,57700791.4274708,-0.0029154129697976927,-0.002838902728137027,0.20882818679111836,43.678792375387296,-55.21078080694133,29.01875335911777,-0.006095236047980124,0.14260328912047074,18.0,19.0,30.0,0.16103005095532066,0.9473684210526315,0.42105263157894735,0.14804508123132917,68.0
2025-07-17 12:00:00+00:00,117867.08,122728710.1171254,-0.0010841137336328188,-0.007596741718022493,1.1269848659076698,42.31859604890347,-97.159955085197,3.7830116702548153,-0.00657660137980387,0.1252440881323178,25.0,25.0,45.0,0.22507675722241402,1.0,0.4,0.22507675722241402,69.0
2025-07-17 13:00:00+00:00,118281.99,99751053.5039397,0.0035201516827261248,-0.0004902821961904058,-0.18722315741163675,47.97738255401866,-95.82064769539284,-16.137720202874718,-0.0027470240291977976,0.34236090196250696,29.0,30.0,46.0,0.1843793449923396,0.9666666666666667,0.23333333333333334,0.22155111392253432,72.0
2025-07-17 14:00:00+00:00,118770.94,82411417.7439446,0.0041337654194015805,0.006576041357684748,-0.17382909905117205,53.73726974862696,-54.67480119118409,-23.845136400536596,0.001688397075988668,0.605265026539561,30.0,32.0,61.0,0.1934474753215909,0.9375,0.4375,0.17169192930062613,84.0
2025-07-17 15:00:00+00:00,118881.99,70358890.0799189,0.0009349930210200696,0.008610631569052174,-0.14624827474116942,54.95706586836217,-12.95626274838287,-21.66736167010585,0.0027721952693751106,0.6797856009953683,21.0,23.0,33.0,0.28423636617219966,0.9130434782608695,0.5217391304347826,0.2559860602376007,80.0
2025-07-17 16:00:00+00:00,118558.61,65280313.5226794,-0.002720176538094643,0.002338648512761665,-0.07218102149523498,50.75990097809773,-5.919843595213024,-18.517858055127284,0.0006198286275820308,0.5552191349746034,19.0,21.0,32.0,0.24446307681500912,0.9047619047619048,0.33333333333333337,0.2636247456661965,70.0
2025-07-17 17:00:00+00:00,119261.5,66069645.3814797,0.0059286288865902925,0.004130303254314516,0.012091422608227376,58.22751257798471,55.731480169764836,-3.6679904101488603,0.006567483261626705,1.0928304727774802,11.0,12.0,15.0,0.20509992664059004,0.9166666666666666,0.25,0.21987561542879452,51.0
2025-07-17 18:00:00+00:00,119580.0,82388963.818961,0.0026706019964530814,0.005871452858418724,0.2470017561507276,61.10592491659399,128.80609018310497,22.826825708501907,0.00885515057612385,1.1472014568707563,15.0,15.0,30.0,0.0689018912613392,1.0,0.26666666666666666,0.0689018912613392,45.0
2025-07-17 19:00:00+00:00,118959.66,76324478.4715004,-0.005187656798795737,0.003382715097621336,-0.07360798177758998,53.389384778755534,135.10458987810125,45.28237854242178,0.0034821926995500796,0.7482456299571809,13.0,14.0,17.0,0.24368060380220413,0.9285714285714286,0.4285714285714286,0.25997661168758684,39.0
2025-07-17 20:00:00+00:00,119436.86,69372311.2207638,0.0040114438793790175,0.0014703823111397174,-0.09108699318964275,57.80375207300189,176.56689488267875,71.53928181047317,0.007277114882456415,0.9756834493834545,13.0,15.0,22.0,0.1900412919620673,0.8666666666666667,0.3333333333333333,0.1619268237398221,41.0
2025-07-17 21:00:00+00:00,120272.19,225049792.7329374,0.006993904561791053,0.005788509784244944,2.2440867079772,64.19604864405466,273.6754598306143,111.9665174145014,0.013414901846904526,1.193297727085987,20.0,23.0,31.0,0.2987610399723053,0.8695652173913043,0.5217391304347827,0.3504244528710842,46.0
2025-07-17 22:00:00+00:00,119766.71,83571147.4615202,-0.00420280033148146,0.006784232570940407,-0.6286548570133872,58.427930274591766,306.3156692931807,150.83634779023726,0.00854550429776224,0.9129918779909216,11.0,16.0,13.0,0.44298346631694585,0.6875,0.625,0.6320851201360876,44.0
2025-07-17 23:00:00+00:00,119177.56,73346326.9369915,-0.004919146564183019,-0.0021710215757514417,-0.12234869132599446,52.50626835343682,281.39998531891615,176.94907529597305,0.0031413579601753394,0.654592346931433,9.0,9.0,11.0,0.38810626562270856,1.0,0.7777777777777778,0.38810626562270856,40.0
2025-07-18 00:00:00+00:00,119739.06,58817555.5013813,0.004711457425374377,-0.004432695538345133,-0.1980845127812768,56.98123317356028,303.46433564883773,202.252127366546,0.007336129757622656,0.8451633736272672,7.0,7.0,14.0,0.16763251381261007,1.0,0.2857142857142857,0.16763251381261007,27.0
2025-07-18 01:00:00+00:00,120336.88,134358701.4989175,0.004992689937602712,0.004760671809386663,1.2843299139788655,61.17557417699908,364.9822815124644,234.79815819572968,0.01162083963873628,0.9910144843537554,5.0,7.0,7.0,0.26768800483218264,0.7142857142857143,0.5714285714285714,0.23881523311138153,21.0
2025-07-18 02:00:00+00:00,120096.43,70319577.1637822,-0.001998140553419847,0.0077100924033013385,-0.47662803838314294,58.696678061576314,389.8395635251509,265.80643926161395,0.00890234089060482,0.8601165135527865,7.0,8.0,8.0,0.3124224916100502,0.875,0.5,0.36419248580932617,19.0
2025-07-18 03:00:00+00:00,120223.09,57433813.5000975,0.0010546524988295225,0.0040423734744534645,-0.1832457500942064,59.62477766111188,414.9759575404896,295.6403429173891,0.009156195069075945,0.8592606539173212,11.0,12.0,23.0,0.5929972485949596,0.9166666666666666,0.8333333333333334,0.5787619738416239,23.0
2025-07-18 04:00:00+00:00,120403.4,64351923.2128825,0.0014997950892794432,0.0005527814914263462,0.12045360200177635,60.96933870869208,444.32434649791685,325.37714363349465,0.009791387100102966,0.872450873150071,8.0,8.0,14.0,0.28488902375102043,1.0,0.5,0.28488902375102043,26.0
2025-07-18 05:00:00+00:00,120589.95,97181828.2164846,0.001549374851540719,0.00410936444988419,0.510161986845328,62.36573646899499,477.1360546953656,355.72892584586884,0.010584403168184764,0.8810576849509121,11.0,13.0,16.0,0.11494616734293792,0.8461538461538461,0.07692307692307693,0.1961431223899126,30.0
2025-07-18 06:00:00+00:00,120251.0,105473913.4942031,-0.0028107649103428223,0.000232151743895459,0.08532547112868527,58.28546930844815,470.36703912702797,378.6565485021007,0.006937595802197993,0.7527679895262974,12.0,12.0,21.0,0.11010575480759144,1.0,0.33333333333333337,0.11010575480759144,31.0
2025-07-18 07:00:00+00:00,119339.51,171341309.9102354,-0.0075798953854854245,-0.008836046158164912,0.6244899258398371,49.00115534923399,386.99191822161083,380.32362244600273,-0.0012570997686786045,0.4500587250554757,15.0,15.0,21.0,0.30939019521077477,1.0,0.5333333333333333,0.30939019521077477,38.0
2025-07-18 08:00:00+00:00,118642.01,173274589.2602427,-0.005844669548249359,-0.016153419086748166,0.011283206315045202,43.31516080718294,261.6183400966256,356.5825659761273,-0.007416283520142453,0.17611761894217678,19.0,20.0,40.0,0.22024174807593228,0.95,0.35,0.23651584384864882,46.0
2025-07-18 09:00:00+00:00,118875.01,114039125.5787949,0.0019638912051473945,-0.011442649125579019,-0.34185891846196514,45.58660632276057,178.9966667497356,321.06538613084894,-0.005713606164326035,0.23360748269723122,25.0,26.0,41.0,0.12243126010378966,0.9615384615384616,0.34615384615384615,0.12162979625165463,59.0
2025-07-18 10:00:00+00:00,119250.72,106197002.2745686,0.0031605465269781696,-0.0007440117694466064,-0.06876695401182997,49.12663962250325,142.19590652923216,285.2914902105256,-0.0027712089066969092,0.3663311868821165,31.0,32.0,54.0,0.3529155712458305,0.96875,0.53125,0.3363998370665696,75.0
2025-07-18 11:00:00+00:00,119171.34,60007521.4058246,-0.000665656358301292,0.0044615730970842815,-0.43494147555429796,48.41003443245185,105.41062821938249,249.315317812297,-0.003555574244310966,0.3247220941115044,23.0,24.0,45.0,0.06009577183673779,0.9583333333333334,0.16666666666666666,0.09262790077406427,79.0
2025-07-18 12:00:00+00:00,119442.44,69313464.8256632,0.0022748758216530884,0.004773332931791163,0.1550796167184354,51.03688309868817,97.01520358097332,218.85529496603226,-0.0016576791225159093,0.4114088405993236,21.0,22.0,31.0,0.11451696358959783,0.9545454545454546,0.13636363636363635,0.1352578950602384,75.0
2025-07-18 13:00:00+00:00,118773.38,150947782.6521192,-0.005601526559571246,-0.004002826985027852,1.177755549109861,44.95339646543398,35.95969762686582,182.27617549819897,-0.00704736375525894,0.14018907766989022,30.0,32.0,57.0,0.13935990253230557,0.9375,0.25,0.12172217362870773,74.0
2025-07-18 14:00:00+00:00,118139.99,251953889.2642756,-0.005332760589957131,-0.008654345919077433,0.6691460108754261,40.08244862692789,-62.812447466829326,133.2584509051933,-0.011747685176229372,-0.025254418710283732,23.0,26.0,41.0,0.16698911879211664,0.8846153846153846,0.3846153846153846,0.14776750378634618,74.0
2025-07-18 15:00:00+00:00,117860.25,122034266.3531373,-0.002367868830867592,-0.013246464154617055,-0.5156484120587042,38.11796365247213,-161.79766145799658,74.24722843255535,-0.013634172989201554,-0.040179832343255256,30.0,32.0,52.0,0.2955993032664992,0.9375,0.46875,0.3414833898966511,83.0
2025-07-18 16:00:00+00:00,117553.42,87580810.1090991,-0.002603337427164787,-0.01027132510668638,-0.28232608162971473,36.03198169412876,-261.9827987848839,7.001222989067493,-0.015426053457401223,-0.03279099889584253,19.0,20.0,25.0,0.31382870161905885,0.95,0.45,0.3296171480691747,72.0
2025-07-18 17:00:00+00:00,117600.01,54920177.5875268,0.0003963304512961674,-0.004570679242481779,-0.372919963641431,36.59933584606933,-333.77328758760996,-61.153679126267996,-0.01393237964727101,0.049888819267051604,13.0,14.0,25.0,0.010326485282608442,0.9285714285714286,0.0,0.0111388976757343,62.0
2025-07-18 18:00:00+00:00,117310.72,74464516.3797729,-0.0024599487704124456,-0.004662555865951434,0.35586809166991684,34.55021536588568,-409.2929778166581,-130.78153886434603,-0.015344189882509962,0.0461825909893744,13.0,15.0,19.0,0.31898993824919064,0.8666666666666667,0.5333333333333333,0.35862370981619907,45.0
2025-07-18 19:00:00+00:00,117374.76,84601804.5727534,0.000545900664491672,-0.0015198196700699773,0.1361358226148921,35.41229371147871,-458.6879148586013,-196.3628140631971,-0.014060707449239596,0.11171579590501063,16.0,18.0,30.0,0.2361406572163105,0.8888888888888888,0.4444444444444444,0.2632973031140864,42.0
2025-07-18 20:00:00+00:00,117405.0,113733941.6406271,0.00025763630954389605,-0.00165824815831217,0.3443441569005954,35.842032208488945,-489.74813146003,-255.0398775425637,-0.012838983141164051,0.15980933232409558,18.0,19.0,36.0,-0.10149965562710636,0.9473684210526315,-0.10526315789473684,-0.10889957296765512,47.0
2025-07-18 21:00:00+00:00,117676.82,46880867.6073112,0.0023152335931178047,0.003120771912404896,-0.5878023136185337,39.72426201757926,-486.81823698582593,-301.3955494312162,-0.009445726430481027,0.24618006038921927,12.0,14.0,16.0,0.0647026566522462,0.8571428571428571,0.07142857142857145,0.12018970027565956,46.0
2025-07-18 22:00:00+00:00,117683.71,46794258.7961181,5.8550188558825766e-05,0.0026321672564018073,-0.001847423386413305,39.82366030586006,-478.4253198110382,-336.8015035071806,-0.008380776248980926,0.2715838375121809,9.0,10.0,20.0,0.0786973075941205,0.9,0.2,0.0782824359420273,39.0
2025-07-18 23:00:00+00:00,117924.84,51332877.6644891,0.0020489666751668523,0.004427750095822081,0.09699093404055592,43.3448732702365,-447.1620904597221,-358.8736208976889,-0.005385927905213861,0.3464483744126316,8.0,8.0,14.0,0.005685180192813277,1.0,0.125,0.005685180192813277,29.0
2025-07-19 00:00:00+00:00,117739.7,37128486.0187846,-0.0015699830502208245,0.0005343448267891571,-0.2767113844375565,41.34446958573982,-432.3412459199608,-373.5671459021433,-0.005830681962119444,0.32077946353963027,9.0,9.0,15.0,0.27108794781896806,1.0,0.4444444444444444,0.27108794781896806,26.0
2025-07-19 01:00:00+00:00,118036.73,33779672.8884307,0.0025227684459872,0.002999735477408061,-0.0901952513942964,45.676138743146815,-392.1078065122565,-377.27527802416597,-0.0022471025311979753,0.41976244877020136,7.0,7.0,13.0,0.18202641499894007,1.0,0.42857142857142855,0.18202641499894007,24.0
2025-07-19 02:00:00+00:00,118201.03,40048899.2430919,0.0013919396106618631,0.0023420850094009182,0.1855916833584368,47.96522382379374,-343.01086331234546,-370.4223950818019,8.126052751578072e-06,0.5003443577066035,8.0,8.0,13.0,0.13338662101887167,1.0,0.25,0.13338662101887167,24.0
2025-07-19 03:00:00+00:00,118322.54,45234610.9400675,0.0010279944261060159,0.004950241931990673,0.12948450007324697,49.65484041748628,-290.9425361521571,-354.5264232958729,0.0014669500021502468,0.566899635414008,6.0,6.0,9.0,0.11148542289932568,1.0,0.0,0.11148542289932568,21.0
2025-07-19 04:00:00+00:00,118134.83,29014167.462422,-0.0015864263901027575,0.0008310972355809465,-0.35858479028672063,47.10996053897728,-261.8066953725065,-335.98247771119964,9.285168817108058e-05,0.5042995257820838,7.0,7.0,12.0,0.3452990699027266,1.0,0.7142857142857143,0.3452990699027266,21.0
2025-07-19 05:00:00+00:00,118205.98,30478073.1121206,0.0006022779226075858,4.187780766384819e-05,0.05045485629027935,48.193786932720045,-230.32013413064124,-314.850008995088,0.0009786527077912943,0.5470105321128004,6.0,6.0,6.0,-0.02204859784493844,1.0,0.0,-0.02204859784493844,19.0
2025-07-19 06:00:00+00:00,118164.42,19258215.507688,-0.0003515896573083044,-0.0013363472420385714,-0.3681288368578214,47.58044919429314,-206.34177265474864,-293.14836172702013,0.0010871632059363812,0.5578312267458421,3.0,3.0,4.0,0.8260329961776733,1.0,1.0,0.8260329961776733,16.0
2025-07-19 07:00:00+00:00,118163.06,19201974.1220602,-1.1509386666497257e-05,0.00023896424111335968,-0.0029203840618229338,47.55911921224187,-185.31232394679682,-271.5811541709755,0.0015033900533092392,0.5902255841972374,11.0,11.0,16.0,0.12139344655654648,1.0,0.18181818181818177,0.12139344655654648,20.0
2025-07-19 08:00:00+00:00,118101.82,30681984.0518157,-0.0005182668762978571,-0.0008811736935812053,0.5978557130001902,46.54722136916933,-171.60968095401768,-251.58685952758393,0.0015533547850432594,0.626215125333703,11.0,12.0,21.0,0.24607678689062595,0.9166666666666666,0.4166666666666667,0.27291483330455696,25.0
2025-07-19 09:00:00+00:00,118244.3,23839844.5405119,0.0012064166326988257,0.0006760072109692761,-0.22300185997583477,49.252552783347454,-147.55240019378834,-230.7799676608248,0.002986656542615096,0.7787708709618754,15.0,15.0,23.0,0.02397825469573339,1.0,-0.06666666666666671,0.02397825469573339,37.0
2025-07-19 10:00:00+00:00,118440.38,46488874.9468272,0.0016582617513063447,0.0023469263575266464,0.9500494169677574,52.79347431727266,-111.38088506605709,-206.90015114187128,0.004521894571745122,0.8992884951435602,13.0,14.0,32.0,0.14938269901488507,0.9285714285714286,0.2857142857142857,0.105164506401007,39.0
2025-07-19 11:00:00+00:00,118327.06,31865923.4838898,-0.0009567682913547149,0.0019071678996986918,-0.31454732943446717,50.596230670915716,-90.81185315610492,-183.68249154471803,0.0033621778084289566,0.7866358206064278,13.0,13.0,23.0,0.22284307474127182,1.0,0.3076923076923077,0.22284307474127182,41.0
2025-07-19 12:00:00+00:00,118242.04,38292717.8093518,-0.0007185169647585532,-1.9112972041823717e-05,0.20168234975870525,48.950149620435894,-80.44384407387406,-163.03476205054926,0.0023485994096341667,0.7032330190375905,12.0,13.0,31.0,0.20124139908987743,0.9230769230769231,0.3076923076923077,0.21994626071924964,38.0
2025-07-19 13:00:00+00:00,118188.14,33204449.7167917,-0.0004558446386749848,-0.002129679084109659,-0.1328782176781782,47.886500225637,-75.7037361709954,-145.5685568746385,0.0016419932628324307,0.6453077931291871,12.0,12.0,24.0,0.4124399411181609,1.0,0.6666666666666666,0.4124399411181609,37.0
2025-07-19 14:00:00+00:00,117668.14,83437784.4260484,-0.0043997646464357665,-0.0055686332441623465,1.512849486671462,39.06683726641163,-112.60873725937563,-138.97659295158593,-0.0029160104672170117,0.2175062698274948,11.0,11.0,24.0,0.2429858542640101,1.0,0.4545454545454545,0.2429858542640101,35.0
2025-07-19 15:00:00+00:00,118058.11,40635871.9465151,0.003314151137257637,-0.0015555381148700809,-0.5129799739285862,46.95689795489601,-109.13090349946287,-133.00745506116132,9.892293864965929e-05,0.5109283210057955,6.0,7.0,7.0,0.03103041143289634,0.8571428571428571,0.2857142857142857,0.03816906362771988,29.0
2025-07-19 16:00:00+00:00,117973.99,23845012.4919408,-0.0007125304648701869,-0.0018119415366042446,-0.41320288332127864,45.58567595984265,-111.87287530011963,-128.780539108953,-0.0008544747052976476,0.38747377317252424,13.0,15.0,23.0,0.25387557049592335,0.8666666666666667,0.39999999999999997,0.2460772326359382,30.0
2025-07-19 17:00:00+00:00,117808.17,22628548.4149198,-0.0014055640569586858,0.0011900417564176813,-0.051015451446382865,42.92471719509598,-125.97404551088403,-128.21924038933923,-0.002314330499474604,0.18088468454266268,12.0,12.0,30.0,0.1642305115237832,1.0,0.08333333333333331,0.1642305115237832,31.0
2025-07-19 18:00:00+00:00,117859.1,15026184.1811159,0.00043231297116319567,-0.001685695290226108,-0.335963407568441,44.005837313311616,-131.52357720865984,-128.88010775320336,-0.0019571392275933297,0.21225136204614542,4.0,4.0,4.0,0.20705400593578815,1.0,0.25,0.20705400593578815,29.0
2025-07-19 19:00:00+00:00,118007.88,30501866.98742,0.0012623547948356073,0.00028726671022982764,1.0299143561512514,47.15493323509416,-122.504166690298,-127.6049195406223,-0.0007323888451888916,0.39089243109194866,11.0,11.0,25.0,0.4816563349555839,1.0,0.6363636363636364,0.4816563349555839,27.0
2025-07-19 20:00:00+00:00,117720.01,25101082.4955691,-0.0024394133679886965,-0.000748335196107397,-0.17706406280239717,42.208628060870446,-137.00560669225524,-129.4850569709489,-0.003161705418618266,0.03322914885161938,6.0,6.0,13.0,-0.10547060643633206,1.0,-0.16666666666666669,-0.10547060643633206,21.0
2025-07-19 21:00:00+00:00,117705.82,49103520.6417415,-0.00012054025479601993,-0.0013005359789782789,0.9562311964198902,41.97489825597041,-147.93778211610334,-133.1756019999798,-0.0031421995783235124,0.07245897407749885,5.0,5.0,5.0,-0.19697217345237733,1.0,-0.6000000000000001,-0.19697217345237733,22.0
2025-07-19 22:00:00+00:00,117792.98,19963685.7148093,0.0007404901473859749,-0.0018210648305859722,-0.5934367749216185,44.02523251366643,-147.86404169755406,-136.11328993949465,-0.002231631780082899,0.2051759601959998,6.0,7.0,17.0,0.07589466018336159,0.8571428571428571,0.2857142857142857,0.09803945074478786,17.0
2025-07-19 23:00:00+00:00,117840.0,14566447.3530361,0.0003991748914069504,0.0010192829579269702,-0.270352801525495,45.15120031629336,-142.37032437024754,-137.36469682564524,-0.0016293123260573417,0.280849004912141,1.0,2.0,2.0,0.19532611407339573,0.5,0.5,0.3712162971496582,12.0
2025-07-20 00:00:00+00:00,117942.31,16213023.4740473,0.0008682111337405818,0.002009161484113342,0.11303896421030912,47.62018164117307,-128.28219456256193,-135.5481963730286,-0.0006810173794934427,0.4082035892778205,5.0,5.0,5.0,0.4022612199187279,1.0,0.6,0.4022612199187279,12.0
2025-07-20 01:00:00+00:00,117941.25,28865447.5092825,-8.987444793939758e-06,0.0012587337547620425,0.78038646249346,47.596276235531704,-115.8671390771924,-131.61198491386136,-0.0005779113501326316,0.4208417281054241,2.0,2.0,2.0,-0.030357904732227325,1.0,0.0,-0.030357904732227325,8.0
2025-07-20 02:00:00+00:00,117970.49,37621674.3518451,0.0002479200449376773,0.0011073489477257947,0.303346304946313,48.366283184965205,-102.48728490402573,-125.78704491189424,-0.00024798780827939293,0.46557995160192506,8.0,8.0,13.0,-0.12773655634373426,1.0,-0.25,-0.12773655634373426,15.0
2025-07-20 03:00:00+00:00,117958.01,60715880.949509,-0.00010578916812176153,0.0001331159276090066,0.6138537690184243,48.04181375057775,-91.83210246177623,-118.99605642187065,-0.00026688815530195864,0.46239303040208585,3.0,3.0,4.0,0.5524414579073588,1.0,0.6666666666666666,0.5524414579073588,13.0
2025-07-20 04:00:00+00:00,117949.98,24741512.5641127,-6.807507179884542e-05,7.40199039774847e-05,-0.5925034409912028,47.81952271054904,-83.07807516412868,-111.81246017032225,-0.0002706177628524209,0.4616016095444554,3.0,3.0,9.0,-0.8347434600194296,1.0,-1.0,-0.8347434600194296,14.0
2025-07-20 05:00:00+00:00,117846.91,30965477.5012717,-0.0008738449976845031,-0.0010475501118966113,0.25155959729749067,44.94487795928757,-83.49485633931181,-106.14893940412017,-0.0009759792342006746,0.3565997874027409,1.0,1.0,2.0,0.1824624240398407,1.0,1.0,0.1824624240398407,7.0
2025-07-20 06:00:00+00:00,117824.48,15161113.4869416,-0.00019033167691884234,-0.001132012993437237,-0.5103865752976372,44.32047488714639,-84.65917371201795,-101.85098626569973,-0.0009053029276335778,0.34283845847187305,5.0,5.0,7.0,-0.1562053043395281,1.0,-0.2,-0.1562053043395281,9.0
2025-07-20 07:00:00+00:00,118029.49,40088858.2611492,0.0017399609996158194,0.000674099308876519,1.6441895772152937,51.01850800935328,-68.25253719533794,-95.13129645162738,0.0009593664119480483,0.6939155171480595,6.0,6.0,9.0,-0.1691325375189384,1.0,-0.16666666666666669,-0.1691325375189384,12.0
2025-07-20 08:00:00+00:00,118151.14,77899325.1186942,0.0010306746220796192,0.0025815695973698816,0.9431664681303178,54.51506863701274,-44.91625460026262,-85.08828808135443,0.002029652328324749,0.9374931261517633,6.0,6.0,11.0,0.12579519053300223,1.0,0.5,0.12579519053300223,17.0
2025-07-20 09:00:00+00:00,117913.11,50428512.5804618,-0.002014622965127555,0.0007522205911709712,-0.35264506459299205,47.386990554261125,-45.109124309543404,-77.09245532699224,0.00012758054641071048,0.531019624753209,9.0,9.0,10.0,0.23424904027746785,1.0,0.4444444444444444,0.23424904027746785,21.0
2025-07-20 10:00:00+00:00,117888.21,40416391.4247277,-0.00021117244723678485,-0.0011969889897854857,-0.1985408778369011,46.69910408361782,-46.73249374773877,-71.02046301114154,-0.00017693295050269509,0.4522619272837805,13.0,13.0,26.0,0.2813681654918652,1.0,0.3846153846153846,0.2813681654918652,28.0
2025-07-20 11:00:00+00:00,117878.46,43783878.9960254,-8.270547156496999e-05,-0.0023078914007939044,0.08331984753189503,46.41498148840969,-48.249578136674245,-66.46628603624808,-0.00018345617964943273,0.4479473706002519,9.0,10.0,21.0,0.16005901098251343,0.9,0.3,0.1602299859126409,31.0
2025-07-20 12:00:00+00:00,118085.43,160869380.1092399,0.0017557915161088289,0.001461415104732522,2.674169210175354,52.957898423941245,-32.37789692416845,-59.64860821383216,0.001524680814415369,0.9068020583679443,8.0,8.0,11.0,-0.051531008910387754,1.0,0.0,-0.051531008910387754,30.0
2025-07-20 13:00:00+00:00,118417.35,75139104.7794244,0.0028108463508158543,0.004488489561424336,-0.5329185409404794,61.15053624122943,6.904108549148077,-46.33806486123611,0.004080425046709912,1.2783117762215035,10.0,11.0,20.0,0.26356123557144945,0.9090909090909091,0.45454545454545453,0.26547062732279303,27.0
2025-07-20 14:00:00+00:00,118468.41,101820670.9506601,0.00043118681510767587,0.005004731144264918,0.3550956089982855,62.239971497986794,41.67509165730735,-28.735433557527422,0.004253950351670088,1.1536719241162408,14.0,14.0,24.0,0.01589711888560227,1.0,0.0714285714285714,0.01589711888560227,32.0
2025-07-20 15:00:00+00:00,118671.11,49963482.8838763,0.0017110046467239126,0.004959799020082478,-0.5092992177581757,66.28230297088709,84.61218564052251,-6.065909717917439,0.0056895248864832215,1.1825498584726413,2.0,4.0,2.0,0.1778442389331758,0.5,0.25,-0.04845193028450012,26.0
2025-07-20 16:00:00+00:00,118557.78,69631227.4968583,-0.0009549923313264541,0.0011858904121735403,0.3936423859540219,62.26860603811207,108.24754775683687,16.796781777033424,0.004372558848642072,0.986424001179084,3.0,4.0,3.0,0.42280943039804697,0.75,0.75,0.2962470166385174,19.0
2025-07-20 17:00:00+00:00,118018.69,72254859.2570955,-0.004547065574270981,-0.0037961174628746708,0.03767895317306569,47.52586887406141,82.52736083649506,29.942897588925753,-0.0003268709914663326,0.4620175241865465,9.0,9.0,18.0,0.11213794598976771,1.0,0.0,0.11213794598976771,14.0
2025-07-20 18:00:00+00:00,118361.79,77072690.2923032,0.0029071666530104956,-0.002606531614982033,0.06667829796837621,54.852245777631715,88.80553506317665,41.71542508377594,0.0023378779415494932,0.7710250783083685,7.0,7.0,12.0,0.4522557250623192,1.0,0.7142857142857143,0.4522557250623192,19.0
2025-07-20 19:00:00+00:00,118155.01,31884927.6129989,-0.001747016499159093,-0.0033972464734073338,-0.5863005755725765,50.29462610472223,76.21703298934153,48.61574666488906,0.00045333474488784553,0.553832502490952,4.0,5.0,14.0,-0.03629187233746052,0.8,0.0,-0.040493032429367304,20.0
2025-07-20 20:00:00+00:00,118087.67,54244451.1343923,-0.0005699292818814872,0.0005844836949129295,0.7012568381142517,48.87052782487525,60.11382443588809,50.91536221908886,-0.00017838222867827547,0.4785881426318108,7.0,8.0,14.0,-0.12274166895076632,0.875,-0.125,-0.006489778735807964,18.0
2025-07-20 21:00:00+00:00,117997.88,40023094.2290711,-0.0007603672762787062,-0.0030745564087868438,-0.26217164351220634,46.96112984836799,39.64955762693717,48.66220130065852,-0.0009625644634135844,0.3836894844355592,4.0,4.0,9.0,0.284306226298213,1.0,0.5,0.284306226298213,15.0
2025-07-20 22:00:00+00:00,117479.93,257573001.1914095,-0.004389485641606572,-0.005713511428757867,5.435609393846397,37.78918383548414,-18.153495373000624,35.2990619659267,-0.005141224555358259,-0.043218859245592316,4.0,4.0,4.0,-0.12769584357738495,1.0,-0.25,-0.12769584357738495,15.0
2025-07-20 23:00:00+00:00,117265.12,71486697.6606843,-0.00182848253314416,-0.006965587516461258,-0.722460439059913,34.75725011748024,-80.36975062510464,12.165299447720429,-0.006668881925926073,-0.09394004703188318,3.0,3.0,4.0,0.4236055513223012,1.0,1.0,0.4236055513223012,11.0
2025-07-21 00:00:00+00:00,117352.06,100302325.4404407,0.0007413969303062817,-0.005473149178612413,0.40309076685191725,36.96173078882358,-121.26340074426844,-14.520440590677344,-0.0056806243850032745,0.04026273143438197,6.0,6.0,8.0,0.2962233896056811,1.0,0.6666666666666667,0.2962233896056811,13.0
2025-07-21 01:00:00+00:00,117305.86,58140367.0375124,-0.0003936871666334607,-0.0014816998954629845,-0.4203487627808189,36.26057306225735,-155.60613629923319,-42.73757973238851,-0.005844199974187281,0.06396727132978247,7.0,7.0,11.0,-0.04326737831745829,1.0,0.0,-0.04326737831745829,16.0
2025-07-21 02:00:00+00:00,118183.92,81012797.616558,0.007485218556003925,0.007835236940020973,0.39340017520508974,54.08705006317203,-110.69487627764465,-56.32903904143974,0.001444742458571735,0.6078108160617648,8.0,9.0,13.0,0.14397704601287842,0.8888888888888888,0.11111111111111116,0.20043817162513733,21.0
2025-07-21 03:00:00+00:00,118404.0,89224650.1445193,0.0018621822664199872,0.008963967057757705,0.10136488023569878,57.30980011698467,-56.690272257561446,-56.40128568466409,0.0031504425787935997,0.7298522878112458,8.0,8.0,14.0,0.12016602046787739,1.0,0.25,0.12016602046787739,23.0
2025-07-21 04:00:00+00:00,118331.61,48055771.6676421,-0.0006113813722509187,0.008744234942738682,-0.4614070036721353,55.91940994366634,-19.50763067761727,-49.022554683254725,0.0024604974688069436,0.6775348189868949,8.0,9.0,16.0,0.5476775525344743,0.8888888888888888,0.8888888888888888,0.5030712289735675,24.0
2025-07-21 05:00:00+00:00,118430.22,55796023.3350704,0.0008333360798522538,0.0020840398592296694,0.1610680964809088,57.43434556156764,17.712702533739503,-35.675503239855885,0.0030761721866194858,0.7180791868030683,15.0,15.0,19.0,0.09045955315232276,1.0,0.3333333333333333,0.09045955315232276,31.0
2025-07-21 06:00:00+00:00,119169.25,130707882.7723361,0.006240214701956903,0.0064630417891287095,1.3426021239434838,66.6773323417839,105.62603821177618,-7.415194949529475,0.00878830974855016,1.0430818028784767,15.0,18.0,22.0,0.14673124667670992,0.8333333333333334,0.22222222222222227,0.26734209607044856,38.0
2025-07-21 07:00:00+00:00,119362.67,96372075.2977246,0.001623069709677516,0.00871330999383857,-0.2626911762805981,68.59917600243864,188.7298078944441,31.81380561926524,0.009791287848306629,1.0322421800605603,17.0,17.0,24.0,0.24211100620381973,1.0,0.3529411764705882,0.24211100620381973,47.0
2025-07-21 08:00:00+00:00,119016.83,83494282.5662059,-0.002897388270553858,0.004953212110895278,-0.13362576961983041,61.74239480477251,224.1004558464483,70.27113566470186,0.006469006178321468,0.8351624392133583,23.0,25.0,38.0,0.04962872005999088,0.92,0.12,0.01952857637534971,55.0
2025-07-21 09:00:00+00:00,118690.05,44361910.399426,-0.002745662105098856,-0.004021171569007942,-0.4686832554762095,56.042297700534,223.1907303860935,100.8550546089802,0.0035898636976046117,0.68375755367636,23.0,25.0,42.0,0.2214116233587265,0.92,0.36000000000000004,0.19980582983597464,63.0
2025-07-21 10:00:00+00:00,118578.14,80293697.6669458,-0.0009428760035066208,-0.006572657934008963,0.8099693395527152,54.196976573118484,211.00720496402937,122.88548467999004,0.002597091030263954,0.6323916754605888,22.0,22.0,37.0,0.18749113118445332,1.0,0.36363636363636365,0.18749113118445332,68.0
2025-07-21 11:00:00+00:00,118070.17,90146000.4025997,-0.0042838418615774865,-0.007954001127403632,0.12270331323537698,46.68301797463212,158.53524396425928,130.0154365368439,-0.0014441910799375401,0.4256326405971167,23.0,25.0,51.0,0.1114704179763794,0.92,0.36000000000000004,0.1571951055008432,68.0
2025-07-21 12:00:00+00:00,118172.82,87755748.8068128,0.0008693982569856207,-0.0043578210641919135,-0.026515337176489795,48.24456572153414,123.80666775116697,128.77368277970854,-0.0004133294175824309,0.47855089550835184,32.0,35.0,53.0,0.2248619614967278,0.9142857142857143,0.45714285714285713,0.21758097864221781,77.0
2025-07-21 13:00:00+00:00,118834.0,128052076.5483327,0.005595025996671499,0.0021577332887832146,0.45918732720552624,56.98369644196867,147.9304708007112,132.60504038390906,0.00483289497215722,0.7452664510411177,40.0,42.0,66.0,0.27597314585000277,0.9523809523809523,0.5,0.27031704750843344,95.0
2025-07-21 14:00:00+00:00,118828.99,120419405.3887973,-4.215965127818411e-05,0.006426856165278716,-0.0596059928528726,56.90528713799976,164.74541084465454,139.03311447605816,0.004592097733447487,0.7281030436212619,29.0,30.0,42.0,0.18458274093767008,0.9666666666666667,0.3,0.18622985726286626,101.0
2025-07-21 15:00:00+00:00,118313.16,79480896.3391694,-0.004340944074337383,0.0011875827284142382,-0.3399660454845298,49.37250063027831,134.8932366814406,138.20513891713466,0.00016435784089741112,0.5081748465348627,2.0,5.0,2.0,0.07414541542530059,0.4,0.0,0.30644405633211136,71.0
2025-07-21 16:00:00+00:00,117738.44,154141479.7391024,-0.004857616853442215,-0.009219247016847065,0.9393525594041283,42.60540739999732,64.12092659136397,123.38829645198054,-0.004547117216831764,0.27791148341244587,23.0,24.0,35.0,0.1396014674877127,0.9583333333333334,0.33333333333333337,0.12541813014642053,54.0
2025-07-21 17:00:00+00:00,117847.82,81522888.1440869,0.0009290084020139311,-0.008256991833390126,-0.47111648154623054,44.173682716565715,16.66728277047514,102.04409371567945,-0.003559122670380943,0.32740873483346256,3.0,6.0,6.0,0.3195750166972478,0.5,0.6666666666666666,0.0785252054532369,28.0
2025-07-21 18:00:00+00:00,117162.28,78438559.5851602,-0.005817163185538821,-0.00972740479588241,-0.0378338970704194,37.29531788567293,-75.38839011224627,66.55759695009431,-0.009222528767282578,0.06977370930349186,14.0,14.0,23.0,0.13888405356556177,1.0,0.5,0.13888405356556177,40.0
2025-07-21 19:00:00+00:00,116767.67,134489523.2830003,-0.0033680635098599643,-0.00824514066943649,0.7145843064212054,34.012270204067676,-178.13151399341587,17.61977476139227,-0.012351795046043113,-0.03682464841370762,13.0,14.0,31.0,0.1475181926840118,0.9285714285714286,0.21428571428571427,0.10908804103158988,30.0
2025-07-21 20:00:00+00:00,116939.4,81638533.3981912,0.0014706981821253073,-0.007708415819656311,-0.39297477301333816,36.62678661721815,-242.8990154502535,-34.48398328093688,-0.010726615892334812,0.0546978023305048,13.0,14.0,17.0,0.08158749767712184,0.9285714285714286,0.0714285714285714,0.028083365697127122,40.0
2025-07-21 21:00:00+00:00,117215.25,47329616.1054977,0.0023589141042283934,0.00045210796512318296,-0.42025396420771144,40.69173387042324,-268.8695762446441,-81.36110187367834,-0.008354998458179885,0.15605818302474783,7.0,9.0,11.0,0.16796289901766512,0.7777777777777778,0.22222222222222227,0.0526314593319382,33.0
2025-07-21 22:00:00+00:00,117348.96,36135528.2139402,0.0011407218770596028,0.004978175894063908,-0.23651338871217298,42.61321731447676,-275.4865161690832,-120.1861847327593,-0.006873045298208202,0.22623033410416651,15.0,17.0,35.0,-0.0036653995733050737,0.8823529411764706,0.2941176470588235,0.0578211385756731,35.0
2025-07-21 23:00:00+00:00,117380.36,33471227.0642928,0.00026757799983911923,0.00377084199166422,-0.07373079297121166,43.07959721602561,-275.0264375780389,-151.15423530181522,-0.006176827448031608,0.2594552158574307,4.0,4.0,9.0,0.4572927001863718,1.0,0.5,0.4572927001863718,26.0
2025-07-22 00:00:00+00:00,117123.69,60119033.4523663,-0.002186652008904999,-0.0007811270291194772,0.7961407072673907,40.203386301689285,-292.0068724417215,-179.32476272979648,-0.0078426290101834,0.2054399630948314,7.0,7.0,12.0,0.4673301577568054,1.0,0.7142857142857143,0.4673301577568054,26.0
2025-07-22 01:00:00+00:00,117750.01,204537233.6955291,0.005347509116217175,0.0034175846125947817,2.4022042928815326,49.12877510198902,-252.02006930139032,-193.86382404411526,-0.0022496028445349037,0.4152625291652899,8.0,8.0,9.0,0.688870947342366,1.0,0.875,0.688870947342366,19.0
2025-07-22 02:00:00+00:00,117027.81,75370559.4003578,-0.006133332812455761,-0.0030034837173783524,-0.6315068995576951,41.446582863431956,-275.4307498119597,-210.17720919768416,-0.007468643504748407,0.2119796241060763,10.0,11.0,14.0,0.006333680992776697,0.9090909090909091,0.18181818181818177,0.08647084161639214,25.0
2025-07-22 03:00:00+00:00,117210.0,94256507.9810991,0.0015568094455498116,0.0007369132581118709,0.25057461071002285,43.8326618291427,-276.0999638893263,-223.3617601360126,-0.005015182728927869,0.2892872656841538,10.0,10.0,15.0,0.30254525914788244,1.0,0.39999999999999997,0.30254525914788244,28.0
2025-07-22 04:00:00+00:00,116555.01,129641015.6061559,-0.0055881750703865585,-0.010148619095658673,0.37540651975089423,37.85952403274088,-325.7277531078871,-243.8349587303875,-0.00954039283304664,0.09481370891809479,14.0,15.0,25.0,0.31597520808378854,0.9333333333333333,0.39999999999999997,0.2754511439374515,34.0
2025-07-22 05:00:00+00:00,117329.27,82685465.0569755,0.006642871893709268,0.002575968908586912,-0.3621967193764467,47.0458441493762,-299.1335964773316,-254.89468627977635,-0.0023840940790047505,0.3931054468318925,14.0,14.0,21.0,0.14463416087840283,1.0,0.35714285714285715,0.14463416087840283,38.0
2025-07-22 06:00:00+00:00,117847.26,91987260.6560125,0.004414840388932806,0.005436908113642058,0.11249613934719349,52.14304023657446,-233.56764929980272,-250.62927888378164,0.0023316681865508393,0.6105089351571313,20.0,20.0,38.0,0.3479228366166353,1.0,0.6,0.3479228366166353,48.0
2025-07-22 07:00:00+00:00,117983.68,198958800.5915103,0.001157600100333278,0.012257473960149756,1.1628951571405,53.4148442654182,-168.65407074989344,-234.23423725700403,0.003528878590010942,0.6681083832285011,33.0,33.0,59.0,0.23479979005501125,1.0,0.393939393939394,0.23479979005501125,67.0
2025-07-22 08:00:00+00:00,118289.99,109789321.2336474,0.0025962065261908585,0.008188238109723134,-0.44818062379125445,56.227668432032864,-91.43888447004429,-205.67516669961208,0.006084113240309108,0.78695030129783,22.0,22.0,34.0,0.2916473360224204,1.0,0.5,0.2916473360224204,75.0
2025-07-22 09:00:00+00:00,118399.09,102663126.7952107,0.0009223096561254973,0.00468258659556442,-0.0649079014093833,57.21849880606343,-21.19748343063111,-168.77963004581588,0.007198316244106051,0.8614067831620964,23.0,23.0,34.0,0.06619424648258997,1.0,0.2608695652173913,0.06619424648258997,78.0
2025-07-22 10:00:00+00:00,118955.99,72136038.9503425,0.004703583448149917,0.00824105503405237,-0.2973520172024636,61.952834892945376,78.50159126899962,-119.32338578285278,0.011881097547256747,1.0822997314409,23.0,23.0,41.0,0.10138836786474871,1.0,0.30434782608695654,0.10138836786474871,68.0
2025-07-22 11:00:00+00:00,119154.99,115334836.4716849,0.001672887594815542,0.007312537603562319,0.5988518104117122,63.506917692167,171.59344077702553,-61.140020470877126,0.013211085755534535,1.0747306832290386,28.0,28.0,51.0,0.04353348511670317,1.0,0.1785714285714286,0.04353348511670317,74.0
2025-07-22 12:00:00+00:00,119293.7,106900672.5884016,0.0011641140668972039,0.007555885775811344,-0.07312763551153012,64.59255756876689,253.63835488414043,1.8156546001263862,0.013720264194890586,1.0241998556598984,29.0,30.0,47.0,0.21384786230822403,0.9666666666666667,0.43333333333333335,0.21514408508765287,80.0
2025-07-22 13:00:00+00:00,118147.82,197825082.326614,-0.009605536587430796,-0.006793857123125968,0.8505503991382504,51.07496458730285,223.6188618924498,46.17629605859107,0.0038549804592391546,0.646156944533391,21.0,24.0,37.0,0.23586061829701066,0.875,0.45833333333333337,0.2531852750551133,78.0
2025-07-22 14:00:00+00:00,119060.0,150527531.87046,0.007720667211633669,-0.000797196995274807,-0.23908773296029562,58.51731091509077,270.31744872927084,91.00452659272702,0.010790502737745067,0.8874972697723709,26.0,27.0,45.0,0.15525242976016468,0.9629629629629629,0.29629629629629634,0.13113672415224406,76.0
2025-07-22 15:00:00+00:00,118912.04,91128349.3788959,-0.0012427347555854507,-0.003199330727439942,-0.39460676564259,57.00262684807465,292.0210429891158,131.2078298720048,0.008616256182471416,0.809835626144101,19.0,20.0,26.0,0.12774460427463055,0.95,0.30000000000000004,0.12291550048087772,66.0
2025-07-22 16:00:00+00:00,118681.26,72426781.3039364,-0.0019407622642753086,0.004515021944543562,-0.2052222848589258,54.62749610505565,287.28760780250013,162.42378545810385,0.005915675750372662,0.7165459316367369,20.0,23.0,34.0,0.043077864076780235,0.8695652173913043,0.08695652173913043,0.011538495123386384,65.0
2025-07-22 17:00:00+00:00,119199.39,52819054.9293652,0.0043657271586095,0.00117075424155888,-0.2707248067850493,58.78013762623589,321.6374508010049,194.26651852668408,0.009458419737601309,0.8376398735602355,23.0,24.0,38.0,0.27958117503051955,0.9583333333333334,0.6666666666666667,0.2910979749715846,62.0
2025-07-22 18:00:00+00:00,119733.69,156714824.9282407,0.004482405488819952,0.006909729241883378,1.9670130436414484,62.58316827076116,387.5065591240418,232.91452664615565,0.012960361987864877,0.933900984948333,20.0,23.0,39.0,-0.10062685997589775,0.8695652173913043,0.043478260869565244,-0.09778202176094056,63.0
2025-07-22 19:00:00+00:00,119282.1,84176084.9869571,-0.0037716201680579875,0.005062635836525553,-0.46287095030415204,57.734705471960766,398.67310770618496,266.06624285816156,0.008328713633976692,0.7763124991412208,18.0,19.0,35.0,0.31789595035738066,0.9473684210526315,0.5263157894736842,0.2859466720579399,61.0
2025-07-22 20:00:00+00:00,119703.28,64573611.6970423,0.003530957285292624,0.004227286733598179,-0.2328746138876875,60.78607590246523,436.47694938500354,300.14838416352995,0.01078701427431139,0.8552642085156377,10.0,11.0,23.0,0.2339761954816905,0.9090909090909091,0.45454545454545453,0.16982632800936698,48.0
2025-07-22 21:00:00+00:00,119400.0,28660468.4248471,-0.002533598076844723,-0.002786934905288585,-0.5561581941658709,57.563389077982315,436.92797122015327,327.50430157485465,0.007524210209767013,0.7452900867366504,17.0,18.0,51.0,0.15089933646635878,0.9444444444444444,0.33333333333333337,0.11007836187148795,45.0
2025-07-22 22:00:00+00:00,119844.23,72927081.5463972,0.0037205192629814476,0.004712609855124894,1.5445181308751148,60.838472835054795,467.7392507636978,355.5512914126233,0.01007247507260689,0.8370575858168563,13.0,14.0,15.0,0.19825059361755848,0.9285714285714286,0.4285714285714286,0.2557684157330256,40.0
2025-07-22 23:00:00+00:00,119954.42,65094019.7798611,0.0009194435143018431,0.002098021040024989,-0.10740950550108874,61.629512065602206,495.3388657819887,383.50880628649645,0.009833279638195469,0.8375201614148539,2.0,3.0,2.0,-0.04319049914677938,0.6666666666666666,-0.3333333333333333,0.014726072549819946,32.0
2025-07-23 00:00:00+00:00,119546.56,44716487.9334072,-0.003400124814075256,0.001227470686767207,-0.31304767957744617,57.03701578835575,478.78176796689513,402.5633986225762,0.005134041150791635,0.7145808567504912,12.0,12.0,31.0,-0.08149831369519234,1.0,0.16666666666666669,-0.08149831369519234,27.0
2025-07-23 01:00:00+00:00,119488.22,46203206.9868265,-0.00048801069641812855,-0.002970606094260808,0.03324767042602628,56.389724076241706,455.6995771662914,413.19063433131925,0.0037325268587609095,0.6800506525807684,10.0,10.0,19.0,0.16457581967115403,1.0,0.3,0.16457581967115403,24.0
2025-07-23 02:00:00+00:00,119090.73,89901308.7900726,-0.0033266040786280593,-0.007200151524220599,0.9457807077267459,52.055104021880666,400.7134780812776,410.695203081311,-0.0001287004215294596,0.4930641306046205,8.0,9.0,11.0,-0.007435561882125007,0.8888888888888888,0.1111111111111111,0.057182369753718376,30.0
2025-07-23 03:00:00+00:00,118614.17,65849804.0672176,-0.0040016548727176415,-0.007799387953948633,-0.26753230900138913,47.35514274540293,315.0504833214509,391.566259129339,-0.0043933533367327415,0.24005618232394813,16.0,16.0,35.0,0.1088683558627963,1.0,0.125,0.1088683558627963,34.0
2025-07-23 04:00:00+00:00,118996.0,35828733.1440511,0.0032190926261170816,-0.004119401895852137,-0.4559022057608836,51.1600438251327,274.8046557082416,368.21393844511954,-0.001484263819611753,0.4051230438013968,10.0,11.0,15.0,0.2911831777204167,0.9090909090909091,0.5454545454545454,0.35260485857725143,34.0
2025-07-23 05:00:00+00:00,118645.04,55671638.4477334,-0.0029493428350533257,-0.0037424407424491157,0.5538265956516792,47.7443299930401,212.14453828241676,337.000058412579,-0.004531951818188107,0.19886354286774127,13.0,14.0,22.0,0.04600072040089539,0.9285714285714286,0.21428571428571425,0.07110806755148448,39.0
2025-07-23 06:00:00+00:00,118417.99,47585540.4360633,-0.0019136914615224265,-0.001653933927118434,-0.14524627327542428,45.62218422103313,142.5220014013903,298.10444701034123,-0.006212673518625755,0.1116906001907672,17.0,19.0,35.0,0.24974528700113297,0.8947368421052632,0.47368421052631576,0.25687477737665176,40.0
2025-07-23 07:00:00+00:00,118350.35,46495377.4955158,-0.0005711969946458062,-0.0054258126323573075,-0.022909542070080224,44.98075764223655,80.95446394303872,254.67445039688076,-0.006444862917269201,0.12227810836131538,20.0,20.0,42.0,0.40058035794645547,1.0,0.39999999999999997,0.40058035794645547,50.0
2025-07-23 08:00:00+00:00,118423.21,49234685.8302372,0.000615629780562621,-0.0018696946791875169,0.05891571339507018,45.863694694044,37.60742503471556,211.26104532444774,-0.005469809768294143,0.1916655526499027,9.0,10.0,19.0,0.3303218172863126,0.9,0.39999999999999997,0.26422187872231007,46.0
2025-07-23 09:00:00+00:00,118040.0,59218120.4384361,-0.003235936603981693,-0.0031919981077199733,0.2027723837341444,42.0422027469609,-27.35196356907545,163.5384435457431,-0.008643163559079903,0.02176167732874045,24.0,25.0,41.0,-0.07778445303440094,0.96,0.0,-0.05369245819747448,53.0
2025-07-23 10:00:00+00:00,118372.12,60276643.3864702,0.002813622500847046,0.00018394537912214126,0.0178749838765071,46.22428869179965,-51.44046502710262,120.54266183117396,-0.005566610218159851,0.2036809309156815,23.0,25.0,40.0,0.19087755836546422,0.92,0.31999999999999995,0.13278795495305373,56.0
2025-07-23 11:00:00+00:00,118538.46,44227231.0808031,0.0014052295422266603,0.0009732044925989669,-0.26626254223820267,48.238809198496206,-56.457718704725266,85.14258572399412,-0.004012912173256833,0.29015148317790995,27.0,27.0,51.0,0.05376789918928235,1.0,0.14814814814814814,0.05376789918928235,74.0
2025-07-23 12:00:00+00:00,117980.7,86391235.7383728,-0.004705308302469957,-0.0005023720772620033,0.9533494100170123,42.49081942182754,-104.23889786862128,47.26628900547104,-0.008407499706276855,0.08914805523693686,22.0,25.0,39.0,0.22000305935740472,0.88,0.36,0.222655924545093,72.0
2025-07-23 13:00:00+00:00,117381.44,189853103.6043497,-0.005079305344009577,-0.008369200450241143,1.1975968046029668,37.342396633359016,-188.29060350563668,0.1549105032494964,-0.012689829090151927,-0.040034981443557355,14.0,15.0,19.0,0.22809855366746584,0.9333333333333333,0.4,0.24182289013905184,63.0
2025-07-23 14:00:00+00:00,118204.99,112214938.8614013,0.007016015479108129,-0.002813179789918019,-0.40893808565144596,46.869899719694956,-186.3010212724912,-37.136275851898645,-0.005123234925251796,0.2779899892415551,22.0,24.0,35.0,0.27578148851171136,0.9166666666666666,0.375,0.26627132889222016,58.0
2025-07-23 15:00:00+00:00,118567.39,87648211.1300821,0.003065860417567734,0.004972762494204641,-0.2189256437742395,50.441066795712594,-153.70974150268012,-60.450968982054945,-0.0017728456620720312,0.4224344212549556,20.0,20.0,39.0,0.1455186080187559,1.0,0.15000000000000002,0.1455186080187559,56.0
2025-07-23 16:00:00+00:00,117712.53,94722561.4036983,-0.007209908221813777,0.002820633313068921,0.08071300238081158,43.08440018335029,-194.61754519866372,-87.28428422537671,-0.00813877905485405,0.145760228061763,22.0,26.0,39.0,0.26069489622918457,0.8461538461538461,0.4230769230769231,0.22263891427693042,64.0
2025-07-23 17:00:00+00:00,118131.99,100803613.2543346,0.0035634269350934833,-0.0006175712209780526,0.06419855798366192,47.15693713717551,-190.98875840548135,-108.02517906139764,-0.00407230864602004,0.31989261354906995,17.0,17.0,39.0,0.2322917340652031,1.0,0.4117647058823529,0.2322917340652031,59.0
2025-07-23 18:00:00+00:00,118379.45,60877273.8593776,0.0020947755133895463,-0.0015850901331302403,-0.396080439043589,49.454742655671645,-166.2287829019333,-119.66589982950478,-0.001369458000751722,0.43340658581516883,15.0,18.0,22.0,-0.04996496521764331,0.8333333333333334,0.16666666666666663,-0.0961711972951889,54.0
2025-07-23 19:00:00+00:00,118393.64,56430836.7368493,0.00011986877790026718,0.00578621494245346,-0.07303936002126621,49.590106641881526,-143.80363077919174,-124.49344601944219,-0.0005918181772214259,0.46605721410430534,12.0,13.0,18.0,0.1701562265650584,0.9230769230769231,0.23076923076923073,0.19275275229786834,44.0
2025-07-23 20:00:00+00:00,117900.0,73746509.0460696,-0.004169480725484953,-0.001963820299649588,0.3068476972965595,45.068351629968035,-163.97396879379812,-132.38955057431338,-0.0040666938775808514,0.24171339638497588,17.0,17.0,38.0,-0.09999332127763945,1.0,0.0,-0.09999332127763945,44.0
2025-07-23 21:00:00+00:00,118181.36,75959123.3100485,0.002386429177268834,-0.0016733478656979495,0.030002969531705892,47.97987368232062,-155.46361859107856,-137.00436417766642,-0.0011386280062462006,0.41406908124595465,24.0,25.0,32.0,0.011179863065481186,0.96,0.2,0.04351332395647963,53.0
2025-07-23 22:00:00+00:00,118568.99,65519399.9064305,0.003279958869994326,0.001481076179429941,-0.13743870319573526,51.77243407430841,-116.10224884716445,-132.82394111156603,0.002358601920935177,0.6963979594919452,10.0,12.0,26.0,0.3417609262590607,0.8333333333333334,0.6666666666666666,0.34979302920401095,51.0
2025-07-23 23:00:00+00:00,118755.99,72751401.9988126,0.001577140869632121,0.0072603053435114084,0.1103795532729277,53.53246245106339,-69.02308738003194,-120.06377036525922,0.003879284190627663,0.8161581353299298,6.0,6.0,17.0,-0.1352587699269255,1.0,-0.16666666666666666,-0.1352587699269255,40.0
2025-07-24 00:00:00+00:00,119060.0,77002705.8975706,0.002559955081002707,0.007434674977509159,0.058436040845334825,56.32312201937038,-7.099606602307176,-97.47093761266882,0.006421945807364882,1.0143601328411778,11.0,11.0,20.0,-0.07952582768418572,1.0,-0.09090909090909088,-0.07952582768418572,27.0
2025-07-24 01:00:00+00:00,119094.4,35594729.8199786,0.00028892995128493304,0.00443125980916248,-0.5377470258340415,56.64044191702888,44.24100775747502,-69.12854853864005,0.006521569182595943,0.9801375415317537,6.0,6.0,9.0,-0.33199832898875076,1.0,-0.16666666666666669,-0.33199832898875076,23.0
2025-07-24 02:00:00+00:00,118960.6,34572504.4912744,-0.0011234785178815265,0.0017229446699909001,-0.02871844606980123,54.96767496498545,73.28746051505732,-40.645346727900574,0.0051602882691546,0.8592865959786579,9.0,9.0,20.0,0.17936569700638452,1.0,0.22222222222222227,0.17936569700638452,26.0
2025-07-24 03:00:00+00:00,118488.92,76220206.7679719,-0.003965010263902613,-0.0047965731563917036,1.204648112409929,49.42600856305699,57.582573524385225,-20.999762677443414,0.0011162095456627164,0.5775240480283892,11.0,13.0,20.0,0.17758911733443922,0.8461538461538461,0.38461538461538464,0.26504365828904236,26.0
2025-07-24 04:00:00+00:00,117941.86,89872649.3369423,-0.004616971780990187,-0.009677533116586479,0.17911841423536012,43.89821229708246,0.9818492607446387,-16.603440289805807,-0.003303240464516577,0.2754076607897039,18.0,19.0,39.0,-0.06469431617542316,0.9473684210526315,0.10526315789473684,-0.015505038408769501,38.0
2025-07-24 05:00:00+00:00,117604.55,106240274.5082989,-0.002859968462427198,-0.011399152324383044,0.1821202033334146,40.86354251330514,-70.28255692028324,-27.339263615901295,-0.005970866488296589,0.11559235843980259,17.0,17.0,33.0,0.19273794234237251,1.0,0.23529411764705882,0.19273794234237251,46.0
2025-07-24 06:00:00+00:00,117466.81,109799159.9036503,-0.0011712131886054689,-0.008626207412473663,0.03349845820544628,39.657923409451016,-136.30335883508087,-49.132082659737215,-0.006755073333665318,0.09605365696089448,17.0,19.0,29.0,-0.07975972561459792,0.8947368421052632,-0.05263157894736842,-0.11082259960034314,52.0
2025-07-24 07:00:00+00:00,118416.21,140280675.615295,0.008082282986998646,0.0040218968905527674,0.2776115567586537,50.498784975118284,-110.74013117478171,-61.453692362746125,0.0013243661564836806,0.5796201799227215,10.0,10.0,20.0,0.033910741470754145,1.0,0.3,0.033910741470754145,44.0
2025-07-24 08:00:00+00:00,118775.28,98148109.1105381,0.0030322706663217236,0.00995480191880338,-0.30034476466524185,53.874017913394304,-60.8062048748252,-61.32419486516194,0.004023353642269578,0.7381389997245675,18.0,18.0,29.0,-0.03908174650536643,1.0,0.1111111111111111,-0.03908174650536643,45.0
2025-07-24 09:00:00+00:00,118507.08,56512787.5666825,-0.0022580456135317117,0.008855863200847969,-0.4242091052102117,51.072830573129,-42.38610643612628,-57.536577179354815,0.0012798549239774193,0.583329020794178,17.0,17.0,34.0,0.040926505318459344,1.0,0.0,0.040926505318459344,45.0
2025-07-24 10:00:00+00:00,118373.99,62812081.8335883,-0.001123055263871131,-0.0003565390245136024,0.11146670582251716,49.69206123239389,-38.088238925047335,-53.646909528493325,8.396130271037805e-05,0.5054827584442517,14.0,16.0,28.0,0.0023814960150048137,0.875,-0.125,0.06796036860240358,49.0
2025-07-24 11:00:00+00:00,118600.0,67484009.7312449,0.0019092876737532016,-0.0014757279460844153,0.0743794467764054,52.06221271944374,-16.257622055403772,-46.16905203387542,0.00197960671582309,0.6290480761037172,36.0,36.0,62.0,0.16921289461768335,1.0,0.19444444444444442,0.16921289461768335,67.0
2025-07-24 12:00:00+00:00,118531.42,91965026.5895036,-0.0005782462057335458,0.00020538857256457987,0.36276766830771257,51.27284116300317,-4.439359584255726,-37.82311354395148,0.001053935942284534,0.572647813620298,25.0,26.0,45.0,0.21737561460870963,0.9615384615384616,0.30769230769230765,0.21233314901590347,75.0
2025-07-24 13:00:00+00:00,118227.48,74713804.4322936,-0.0025642146192124127,-0.0012376874345454425,-0.18758459380665227,47.81282359021885,-19.37537206885463,-34.13356524893211,-0.0015532414756530555,0.39228948043583567,25.0,26.0,46.0,0.07519647364432995,0.9615384615384616,0.1923076923076923,0.05480319142341614,86.0
2025-07-24 14:00:00+00:00,119057.11,152283986.1348176,0.007017234910191794,0.00385421585160195,1.0382309171903952,56.45146991541041,35.32473634998314,-20.241904929149058,0.005165469461977601,0.8404232451247242,19.0,23.0,37.0,0.20454727153739202,0.8260869565217391,0.30434782608695654,0.20401259482299028,69.0
2025-07-24 15:00:00+00:00,119092.65,172320693.8928183,0.00029851220141319246,0.004734862705601639,0.1315746209864912,56.78151184933929,80.613485266731,-0.07082688997304487,0.0051689212128926965,0.8253252495550877,27.0,30.0,42.0,0.3625013700996836,0.9,0.5666666666666667,0.42117566774012866,71.0
2025-07-24 16:00:00+00:00,118529.97,103351138.3847857,-0.00472472482558739,0.0025585422272385028,-0.40023954146175245,50.28390594615998,70.29129726398969,14.001597940819503,0.0001538792781223819,0.5100995517855095,25.0,27.0,52.0,0.2284105363543387,0.9259259259259259,0.5185185185185186,0.22881436690688134,71.0
2025-07-24 17:00:00+00:00,119122.94,47877122.8673978,0.005002701004648946,0.0005529279183746905,-0.536752825216623,55.99831877038174,108.70552264915023,32.942382882485646,0.004758208083435411,0.8043103413744318,17.0,19.0,33.0,0.12629405624772372,0.8947368421052632,0.368421052631579,0.1560114120297572,69.0
2025-07-24 18:00:00+00:00,119044.29,50834681.2948301,-0.0006602422673585018,-0.00040607039981055415,0.0617739381629856,55.093778599419174,131.2892545303912,52.611757212066756,0.003893594739918571,0.7428059195191995,16.0,17.0,23.0,0.11095640698776525,0.9411764705882353,0.05882352941176466,0.14485021424479783,58.0
2025-07-24 19:00:00+00:00,118943.42,55688773.7165383,-0.0008473316947834597,0.003488147343663428,0.09548781064556144,53.89145666503645,139.4402780324599,69.97746137614538,0.0029637003436042697,0.6828527651598236,16.0,18.0,26.0,0.39168688334110713,0.8888888888888888,0.611111111111111,0.37196827691514045,49.0
2025-07-24 20:00:00+00:00,118722.02,32305225.0338596,-0.0018613892218669603,-0.003365598599228692,-0.41989699399206415,51.24786561825856,126.57580609781144,81.2971303204786,0.0012394681680505393,0.5782421880974149,11.0,13.0,24.0,0.29921943637040943,0.8461538461538461,0.6153846153846154,0.3566532514312051,43.0
2025-07-24 21:00:00+00:00,118527.52,25093293.8722808,-0.0016382807502769436,-0.004340989391427241,-0.22324348937423788,48.97499145845175,99.53867502539651,84.94543926146218,-0.0001618433834846833,0.48944094069430244,7.0,9.0,15.0,0.03158158974515067,0.7777777777777778,0.2222222222222222,0.030568974358694895,34.0
2025-07-24 22:00:00+00:00,118280.01,45913497.5547819,-0.0020882070256764695,-0.005577525852207721,0.8297118659858382,46.16886867894205,57.47700623617857,79.45175265640547,-0.0019632203648695112,0.36999397888737406,7.0,7.0,18.0,0.6071488516671317,1.0,0.8571428571428571,0.6071488516671317,25.0
2025-07-24 23:00:00+00:00,118340.99,66294514.8448643,0.0005155562634802102,-0.0032094298934604026,0.4439003425030885,46.97497538189966,28.732200133657898,69.30784215185597,-0.0013863517304882889,0.40851767783868914,10.0,11.0,23.0,0.22160447592085059,0.9090909090909091,0.2727272727272727,0.16000491827726365,24.0
2025-07-25 00:00:00+00:00,117664.56,116965872.3928418,-0.005715940013684251,-0.0072806720329591235,0.7643371049106169,39.84688043570117,-48.07631974873948,45.83100977173687,-0.006978184875250371,0.06013083937574008,15.0,15.0,19.0,-0.08458855152130126,1.0,-0.06666666666666665,-0.08458855152130126,32.0
2025-07-25 01:00:00+00:00,117359.26,279511784.3665805,-0.0025946640177807456,-0.007784493761879174,1.389686655162214,37.10981998414078,-132.0604727079044,10.252713275808617,-0.009452215814123255,-0.06510107055945943,6.0,7.0,17.0,-0.249484173687441,0.8571428571428571,-0.2857142857142857,-0.1570423155402144,31.0
2025-07-25 02:00:00+00:00,116353.67,382849006.6774961,-0.008568475977097978,-0.016793166932269288,0.36970613795441465,29.839407068025693,-276.5730657931854,-47.112442537990184,-0.01747814929982605,-0.30131589163940925,15.0,15.0,20.0,0.028903111691276233,1.0,0.0,0.028903111691276233,36.0
2025-07-25 03:00:00+00:00,115419.66,519147689.9676042,-0.0080273359662828,-0.01907881183595128,0.35601158919794007,24.950001442731036,-461.15127330111864,-129.92020869061588,-0.024130527923265643,-0.2758647201316598,13.0,15.0,18.0,-0.05076909586787224,0.8666666666666667,-0.06666666666666665,0.010283544946175355,34.0
2025-07-25 04:00:00+00:00,116102.7,234422910.2157033,0.005917882620690484,-0.010706952310367335,-0.5484465890037347,33.52796414815636,-546.0210225076007,-213.14037145401286,-0.01724510209862229,0.0031582696162512193,20.0,20.0,31.0,0.09584012739360333,1.0,0.30000000000000004,0.09584012739360333,48.0
2025-07-25 05:00:00+00:00,115500.0,230020235.3171956,-0.005191093747173858,-0.007336854952662897,-0.018780907098442823,30.243222156227617,-654.3705864442454,-301.3864144520594,-0.02110085336867973,-0.03175686327963597,22.0,23.0,34.0,0.0660911617881578,0.9565217391304348,0.08695652173913043,0.04944925695996393,55.0
2025-07-25 06:00:00+00:00,115284.25,234244756.4311046,-0.0018679653679654074,-0.0011731970099374545,0.018365867281560755,29.142555017636482,-749.0134574892436,-390.9118230594962,-0.02164842158025515,0.011565336463177969,20.0,20.0,28.0,0.2015721708536148,1.0,0.25000000000000006,0.2015721708536148,62.0
2025-07-25 07:00:00+00:00,115320.01,321012185.754361,0.0003101898134394432,-0.006741359158744853,0.3704135394329571,29.599888163818292,-811.7754395616503,-475.08454635992706,-0.01998098574615914,0.08067452984570321,26.0,26.0,44.0,-0.318672028513482,1.0,-0.30769230769230765,-0.318672028513482,68.0
2025-07-25 08:00:00+00:00,115202.55,420753222.8541118,-0.0010185569702950703,-0.0025753246753246195,0.3107079466948113,28.93917864874446,-861.0669589681056,-552.2810288815627,-0.019592424486863047,0.11240035669502675,19.0,19.0,27.0,0.11000956692977955,1.0,0.3684210526315789,0.11000956692977955,65.0
2025-07-25 09:00:00+00:00,116033.44,173291387.8985019,0.0072124271554752095,0.006498632727367282,-0.5881400819154571,39.26648635874972,-823.5911185148288,-606.543046808216,-0.01159853834042801,0.2743174467659259,20.0,21.0,29.0,0.2733204360341742,0.9523809523809523,0.380952380952381,0.24237492633983493,65.0
2025-07-25 10:00:00+00:00,116308.48,107794778.356285,0.0023703511677322098,0.008571539319151888,-0.3779565178425298,42.2579655516023,-762.9035384615272,-637.8151451388783,-0.008094480376177215,0.3391822293443721,18.0,20.0,32.0,0.0507475377060473,0.9,0.09999999999999998,0.08287448756810692,57.0
2025-07-25 11:00:00+00:00,116543.58,133043801.6725408,0.0020213487443048184,0.011640627746521304,0.2342323413180769,44.762533307078975,-687.9078157592448,-647.8336792629516,-0.005007984023517986,0.39676747622445374,20.0,22.0,25.0,0.12740852006457068,0.9090909090909091,0.2727272727272727,0.04790026769042015,58.0
2025-07-25 12:00:00+00:00,116105.96,149754441.998789,-0.003754990193368002,0.00062499224361523,0.12560254680167615,41.181775205196736,-656.2209353998041,-649.5111304903221,-0.0077174043556517136,0.3386558629107433,26.0,28.0,49.0,0.14097294297867588,0.9285714285714286,0.2857142857142857,0.12037566870164412,64.0
2025-07-25 13:00:00+00:00,116216.27,209050121.8375124,0.0009500804265345497,-0.0007928054772962101,0.3959527279945585,42.431875374720406,-615.1170726065029,-642.6323189135583,-0.00553946500653002,0.37747051970908174,30.0,32.0,44.0,0.23453652928583324,0.9375,0.4375,0.2467151073118051,76.0
2025-07-25 14:00:00+00:00,114960.01,233693590.1525451,-0.010809674067150943,-0.013587792652328012,0.11788306124110859,33.65833529686189,-676.1177832658141,-649.3294117840095,-0.014567259370349306,0.168882856370075,20.0,22.0,28.0,0.32873296399008145,0.9090909090909091,0.5454545454545454,0.31017320081591604,76.0
2025-07-25 15:00:00+00:00,115727.08,143799443.7755843,0.006672494200374635,-0.003263226108289441,-0.3846667181512414,41.598778081583035,-655.0145476482721,-650.466438956862,-0.006622577381851902,0.337165385928753,29.0,30.0,47.0,-0.13806919232010842,0.9666666666666667,-0.033333333333333326,-0.11185354790810881,79.0
2025-07-25 16:00:00+00:00,116185.32,109063161.4011757,0.003959660954030886,-0.00026631383024078303,-0.241560617081514,45.774259264183854,-594.4613625046331,-639.2654236664163,-0.0016021583792067418,0.45643441287784775,17.0,18.0,24.0,0.08888919982645246,0.9444444444444444,0.16666666666666663,0.04816397323327906,66.0
2025-07-25 17:00:00+00:00,116042.5,78939667.2475172,-0.0012292430747705696,0.00941623091368915,-0.2762022828483107,44.701535855849706,-551.6379683037376,-621.7399325938806,-0.001763607591955707,0.44604384308015693,16.0,18.0,21.0,0.18977142911818293,0.8888888888888888,0.6111111111111112,0.1919332887046039,62.0
2025-07-25 18:00:00+00:00,116491.53,73242395.4837171,0.003869530559924117,0.006605627654305168,-0.07217248263710274,48.76680136731813,-475.9803464277793,-592.5880153606603,0.0028705619826343565,0.600297632897386,13.0,17.0,38.0,0.03614516315214774,0.7647058823529411,0.11764705882352938,0.033173446758435324,46.0
2025-07-25 19:00:00+00:00,116688.6,98020982.7901735,0.0016917109767551342,0.004331700424804019,0.33830935133689155,50.48717736226197,-395.5594706397533,-553.1823064164789,0.005282153861420946,0.7260610501676025,17.0,17.0,23.0,-0.02635253089315751,1.0,0.05882352941176472,-0.02635253089315751,46.0
2025-07-25 20:00:00+00:00,117040.01,86313064.754072,0.003011519548610453,0.008596074714005697,-0.1194429774404916,53.486539060379165,-300.0111551860027,-502.5480761703837,0.008580916775156933,0.9043465372448377,4.0,7.0,4.0,0.1923723484256438,0.5714285714285714,0.2857142857142857,0.31857572961598635,34.0
2025-07-25 21:00:00+00:00,117214.23,49037591.9575518,0.0014885507955784139,0.0062038845227632144,-0.4318636223001414,54.94379014931296,-207.83454159475514,-443.60536925525804,0.010145363772677829,0.9898566257969895,17.0,18.0,22.0,0.05392865722792016,0.9444444444444444,0.33333333333333337,0.04864044016336694,38.0
2025-07-25 22:00:00+00:00,117279.97,29176289.2165585,0.0005608534049150737,0.005067932942892428,-0.4050219830979007,55.51020226979157,-128.0036957144912,-380.4850345471047,0.010308652688931774,0.955662226962551,9.0,9.0,15.0,0.13767926519115767,1.0,0.22222222222222227,0.13767926519115767,30.0
2025-07-25 23:00:00+00:00,117614.31,43630404.1009709,0.0028507851767014536,0.004906869027095917,0.49540621074626645,58.376120281298675,-37.328432466834784,-311.8537141310507,0.012231971897800342,0.9955100856295382,6.0,6.0,8.0,0.44785678417732316,1.0,0.6666666666666666,0.44785678417732316,32.0
2025-07-26 00:00:00+00:00,117496.0,45628285.3960022,-0.0010059150115321325,0.0024038890158644133,0.04579103348224178,56.97742236377033,24.70100093196379,-244.54277111844783,0.01060782991415854,0.9001103614797529,6.0,6.0,15.0,0.21793389382461706,1.0,0.33333333333333337,0.21793389382461706,21.0
2025-07-26 01:00:00+00:00,117153.73,31295262.4678641,-0.002913035337373193,-0.001076398638232945,-0.3141258279539453,53.019592259192606,45.7144772309548,-186.49132144856733,0.006947748334320547,0.7614150879559848,4.0,4.0,17.0,0.48111072462052107,1.0,0.5,0.48111072462052107,16.0
2025-07-26 02:00:00+00:00,117469.0,46040914.1725314,0.002691079490170667,-0.0012354789140879285,0.4711784002389834,56.04811181296277,86.80680792409112,-131.83169557403565,0.008710439496570022,0.8294569570608027,4.0,4.0,6.0,0.228135347366333,1.0,0.25,0.228135347366333,14.0
2025-07-26 03:00:00+00:00,117489.62,20609060.8875181,0.000175535673241356,-5.429972084158852e-05,-0.5523750720872148,56.246773619999416,119.65730282130244,-81.53389589496804,0.00794857398686677,0.8068230889985671,16.0,17.0,19.0,-0.2760971366044353,0.9411764705882353,-0.35294117647058826,-0.27760129631496966,24.0
2025-07-26 04:00:00+00:00,117496.81,21466444.0939043,6.11968955215314e-05,0.002928459896240687,0.04160224529713896,56.320910675328555,144.6048153154552,-36.306153652883395,0.007019221669139597,0.7873283113482413,7.0,7.0,9.0,-0.23462428152561188,1.0,-0.14285714285714285,-0.23462428152561188,27.0
2025-07-26 05:00:00+00:00,117444.99,18305118.4833917,-0.00044103325017919026,-0.00020439435084995683,-0.14726824790745408,55.58981589053088,158.36887991553522,2.6288530608003278,0.005966591405107247,0.7435052696817873,7.0,7.0,12.0,0.14545066335371562,1.0,0.2857142857142857,0.14545066335371562,30.0
2025-07-26 06:00:00+00:00,117350.71,25104447.4920758,-0.0008027588064846158,-0.0011823172123630599,0.3714441408753053,54.21102475414097,159.8270059706847,34.0684836427772,0.004710582966924948,0.6912600644304827,12.0,13.0,15.0,0.1340996501250909,0.9230769230769231,0.07692307692307693,0.1922042784281075,26.0
2025-07-26 07:00:00+00:00,117304.47,53280803.3042736,-0.00039403255421299743,-0.0016369806124948427,1.1223651036770135,53.51001947089721,155.45936107407033,58.34665912903583,0.003987673384118429,0.6607304111380268,12.0,12.0,18.0,0.1935633004953464,1.0,0.16666666666666669,0.1935633004953464,31.0
2025-07-26 08:00:00+00:00,117557.14,30536312.497622,0.002153967363732967,0.000954915147934221,-0.4268796526351788,56.797499311689265,170.421811812339,80.76168966569647,0.005525779135713504,0.7242097946725776,11.0,11.0,18.0,0.03539604896848852,1.0,0.36363636363636365,0.03539604896848852,35.0
2025-07-26 09:00:00+00:00,117570.6,22375326.2092841,0.00011449751159320343,0.0018737849988295086,-0.267255133997382,56.97205355726598,181.2761329114146,100.86457831484009,0.005058765696424272,0.706774973972929,13.0,13.0,24.0,0.32176900210861975,1.0,0.5384615384615384,0.32176900210861975,36.0
2025-07-26 10:00:00+00:00,117971.93,88352663.6459892,0.003413523448889233,0.005689979248020061,2.9486648292675794,61.91329606769638,219.72933453705627,124.63752955928334,0.007192919132128273,0.8640392544778456,16.0,17.0,24.0,0.02218452950610834,0.9411764705882353,0.0,0.07599384314380586,40.0
2025-07-26 11:00:00+00:00,117776.11,41252142.4906843,-0.0016598863814467624,0.0018626686562805972,-0.5330967874837018,58.38988530677668,231.73148014648177,146.05631967672304,0.004642346473010095,0.7738523925680869,9.0,9.0,23.0,0.25822123554017806,1.0,0.33333333333333337,0.25822123554017806,38.0
2025-07-26 12:00:00+00:00,117914.17,20247569.046167,0.0011722241463061334,0.0029222441664837895,-0.5091753343298624,60.11335010994189,249.5073893259687,166.74653360657217,0.005078904065295431,0.8267166648869161,18.0,19.0,30.0,-0.04352013678535035,0.9473684210526315,-0.10526315789473684,-0.03777630616807275,43.0
2025-07-26 13:00:00+00:00,118125.24,40376019.7333162,0.0017900308334444226,0.0012995464260017187,0.994116905651923,62.65973597372423,277.42848752271675,188.88292438980108,0.005985068861422027,0.9563845276652694,8.0,8.0,11.0,0.09756673872470856,1.0,0.125,0.09756673872470856,35.0
2025-07-26 14:00:00+00:00,118064.99,41950757.9156796,-0.0005100518737570781,0.0024527894494053015,0.0390018182268721,61.45370094829474,291.33614579624555,209.37356867108997,0.00479874953374404,0.9080789410575777,12.0,13.0,19.0,0.12314512809881797,0.9230769230769231,0.23076923076923078,0.20373138474921385,38.0
2025-07-26 15:00:00+00:00,118130.1,51284849.262127,0.0005514759286389115,0.0018312472538288826,0.22250113729074417,62.298218271244224,304.10634933481924,228.32012480383585,0.004736568105761396,0.9382950142606973,1.0,2.0,2.0,-0.3247712589800358,0.5,-0.5,-0.6327992677688599,21.0
2025-07-26 16:00:00+00:00,118081.18,41493165.1136479,-0.00041411968668458865,-0.00037299395116585643,-0.19092742377835337,61.213059220703514,306.74344499228755,244.0047888415262,0.0038759955184799466,0.8661962220904696,15.0,16.0,27.0,0.07315333490259945,0.9375,0.1875,0.017456256598234177,28.0
2025-07-26 17:00:00+00:00,118039.98,16485552.9145972,-0.00034891250239876825,-0.00021183248310963076,-0.6026923260868624,60.26103109196447,302.0272840972175,255.60928789266444,0.0031736078950725943,0.8023742845561722,11.0,11.0,14.0,0.32177211141044443,1.0,0.4545454545454545,0.32177211141044443,27.0
2025-07-26 18:00:00+00:00,118095.15,23083368.6457319,0.0004673840168389898,-0.0002958602422246104,0.4002180433567768,61.132756860581516,299.29140551450837,264.3457114170332,0.003294939754018511,0.8139589649783634,6.0,6.0,8.0,-0.08798187784850597,1.0,0.0,-0.08798187784850597,32.0
2025-07-26 19:00:00+00:00,118232.11,43111428.5259517,0.0011597428006147048,0.0012781884462875759,0.867640255960777,63.28589400812439,304.66276667603233,272.40912246883306,0.004194972351433401,0.8761482301239372,13.0,13.0,19.0,0.005228194766319715,1.0,0.1538461538461538,0.005228194766319715,30.0
2025-07-26 20:00:00+00:00,117956.32,29406692.3253064,-0.0023326150569417115,-0.0007087429191362515,-0.317891024937749,56.498621879597145,283.398815829074,274.6070611408813,0.0016567636115008,0.6493381827770736,5.0,5.0,6.0,0.2350180059671402,1.0,0.39999999999999997,0.2350180059671402,24.0
2025-07-26 21:00:00+00:00,118028.56,17679465.0719966,0.0006124300927665693,-0.0005638673561106922,-0.39879450308723596,57.77603468249203,269.27214418740186,273.5400777501854,0.0018980610145622467,0.6864548311883149,3.0,3.0,5.0,-0.1852205420533816,1.0,0.0,-0.1852205420533816,21.0
2025-07-26 22:00:00+00:00,118007.02,34174096.9181179,-0.00018249820213001033,-0.0019037975385873818,0.9329825183595621,57.23633432493157,253.41732003296784,269.5155262067419,0.0014865249517406198,0.6497079611555261,5.0,5.0,13.0,0.4328325502574444,1.0,0.8,0.4328325502574444,13.0
2025-07-26 23:00:00+00:00,117919.99,20089333.1355301,-0.0007374984979706678,-0.00030799536642034386,-0.4121473587534821,55.00079700303893,231.16493848708342,261.8454086628102,0.0005652065375452153,0.5590146223878449,4.0,4.0,7.0,0.28970505483448505,1.0,0.5,0.28970505483448505,12.0
2025-07-27 00:00:00+00:00,117952.0,15463154.6839533,0.0002714552469007536,-0.0006486565624455043,-0.2302803393406283,55.686362399405056,213.64988242136315,252.20630341452082,0.0006435738503749455,0.5700802956260446,0.0,0.0,0.0,0.0,0.0,0.0,0.0,9.0
2025-07-27 01:00:00+00:00,118102.0,34478655.7950663,0.0012717037438958467,0.0008048673714495802,1.2297297349580356,58.85011801546111,209.4583156186418,243.65670585534502,0.0016369532336373283,0.6886618333420127,6.0,6.0,8.0,0.10324342673023541,1.0,0.16666666666666669,0.10324342673023541,10.0
2025-07-27 02:00:00+00:00,118309.99,47137958.989676,0.0017611048077086355,0.00330732728182892,0.3671634784677764,62.814496190449105,220.37913005390146,239.00119069505632,0.0029929350709532176,0.8744009031427558,5.0,5.0,8.0,0.07059674859046935,1.0,0.2,0.07059674859046935,11.0
2025-07-27 03:00:00+00:00,118182.83,21947787.6172347,-0.0010748035732232042,0.0019569825013565634,-0.5343924920032785,59.06778744826589,216.28006295840896,234.45696514772686,0.0015420182853651543,0.7434789287292474,5.0,5.0,7.0,0.38886006101965903,1.0,0.39999999999999997,0.38886006101965903,16.0
2025-07-27 04:00:00+00:00,118215.1,21347145.8322022,0.000273051508412836,0.0009576467799021771,-0.02736684879166773,59.724334577644306,213.1780581062776,230.20118373943703,0.0015362679875801089,0.779672059418399,3.0,3.0,3.0,0.5723083354532719,1.0,0.6666666666666666,0.5723083354532719,13.0
2025-07-27 05:00:00+00:00,118274.73,30931168.0131745,0.0005044194861738571,-0.0002980306227733376,0.4489603554642321,60.970134412896364,213.0751419616572,226.77597538388108,0.0017426677922798284,0.8920857061103801,1.0,1.0,1.0,-0.25388872623443604,1.0,-1.0,-0.25388872623443604,9.0
2025-07-27 06:00:00+00:00,118263.4,25836014.4226651,-9.579391980008012e-05,0.0006817403171002212,-0.16472554765275027,60.586663554556,209.66248524480034,223.35327735606495,0.0015230868506632689,0.8313061500355536,6.0,6.0,17.0,0.0674369012316068,1.0,0.3333333333333333,0.0674369012316068,10.0
2025-07-27 07:00:00+00:00,118095.95,17447257.6010716,-0.0014159072037502884,-0.0010079084651622994,-0.3246923726066012,55.07353531779289,191.24160052083607,216.9309419890192,-3.0402319812661283e-05,0.4922584892794505,8.0,9.0,12.0,0.12872976313034692,0.8888888888888888,0.2222222222222222,0.1404830440878868,15.0
2025-07-27 08:00:00+00:00,117950.47,23758802.3705202,-0.0012318796707253554,-0.0027415830921786455,0.3617499617281372,50.75255955050252,163.02464980521472,206.14968355225832,-0.001277593295700874,0.16702897159275398,6.0,6.0,8.0,0.039156604558229446,1.0,0.16666666666666669,0.039156604558229446,20.0
2025-07-27 09:00:00+00:00,117943.92,23094454.6712434,-5.553178380723889e-05,-0.0027014274915146963,-0.027962171195174412,50.560219151111895,138.53701434649702,192.62714971110609,-0.0012563860064714882,0.1860924633740411,6.0,6.0,8.0,0.27221576993664104,1.0,0.16666666666666666,0.27221576993664104,20.0
2025-07-27 10:00:00+00:00,118184.92,30446168.1328962,0.0020433439892451055,0.0007533704585127587,0.318332412100943,57.01510879685091,136.99784680080484,181.50128912904586,0.0007335754220851864,0.6810011704924319,5.0,5.0,9.0,0.13301096558570863,1.0,0.0,0.13301096558570863,17.0
2025-07-27 11:00:00+00:00,118072.71,21408984.9867057,-0.0009494443115076745,0.0010363672141366909,-0.2968249766848684,53.51193151966508,125.27949220745359,170.25692974472742,-0.0001922724917947649,0.45251680719069254,14.0,14.0,22.0,0.05935265389936311,1.0,-0.0714285714285714,0.05935265389936311,25.0
2025-07-27 12:00:00+00:00,118097.39,35282190.6629121,0.00020902374477560492,0.0013012116266781781,0.6480085667219262,54.17879500840523,116.63953356926504,159.53345050963497,9.847901406789816e-06,0.5024329348594252,8.0,8.0,19.0,0.14387814095243812,1.0,0.125,0.14387814095243812,27.0
2025-07-27 13:00:00+00:00,118201.99,25741603.294147,0.0008857096672501008,0.00014443467068403493,-0.2704080214269112,56.99452130409712,116.88526929638465,151.00381426698493,0.0008269172016581727,0.7019466484516621,13.0,13.0,15.0,-0.22266363295224997,1.0,-0.30769230769230765,-0.22266363295224997,35.0
2025-07-27 14:00:00+00:00,118422.16,55352231.1376275,0.001862658995842592,0.0029596170020997903,1.15030239201197,62.252547221738055,133.30919023021124,147.4648894596302,0.002552321956702741,1.0411779725465642,9.0,9.0,18.0,0.06180798510710398,1.0,0.0,0.06180798510710398,30.0
2025-07-27 15:00:00+00:00,118585.74,71250908.9386162,0.0013813293052584719,0.0041351464244892,0.2872274066325946,65.61618867567785,157.70685830965522,149.51328322963522,0.003786919861537452,1.1536616047894193,13.0,13.0,18.0,0.07322680821212438,1.0,0.07692307692307693,0.07322680821212438,35.0
2025-07-27 16:00:00+00:00,119090.45,270584988.7573368,0.004256076658120778,0.007516455518219223,2.7976356061710046,73.47104963640147,215.28637765040912,162.66790211379,0.0075754769661871,1.3477046369782486,8.0,9.0,14.0,-0.0021437211996979183,0.8888888888888888,0.0,-0.1078912173397839,30.0
2025-07-27 17:00:00+00:00,119196.69,77682474.6814449,0.000892095042045904,0.006540414395413752,-0.7129091490322426,74.77724415992385,266.4201164199476,183.4183449750215,0.00797623511647827,1.195067033773048,16.0,18.0,22.0,0.25448907477160293,0.8888888888888888,0.5,0.2232359393965453,37.0
2025-07-27 18:00:00+00:00,119021.33,40517400.1832423,-0.0014711817920447512,0.0036732072507199565,-0.4784228959055006,68.75932239151332,289.45720387277834,204.62611675457288,0.0060618479541907355,0.9809423571616688,6.0,6.0,18.0,0.08651417617996533,1.0,0.0,0.08651417617996533,30.0
2025-07-27 19:00:00+00:00,118960.0,18575903.0688455,-0.0005152857895303065,-0.001095385902060153,-0.5415326999058454,66.73645539259522,299.31512476746866,223.56391835715203,0.005101647050758107,0.8892598802373805,3.0,3.0,5.0,0.3769480387369792,1.0,0.3333333333333333,0.3769480387369792,25.0
2025-07-27 20:00:00+00:00,118754.13,33857591.4688625,-0.0017305817081371133,-0.00371285477809824,0.8226619369933417,60.32124610863233,287.20489042835834,236.2921127713933,0.0030223496436270203,0.7321251606869902,10.0,10.0,17.0,0.48377252127975223,1.0,0.6,0.48377252127975223,19.0
2025-07-27 21:00:00+00:00,119265.76,28376579.9641867,0.004308313319292489,0.0020536655068463805,-0.16188427076144707,68.44063837272374,315.25761406091624,252.0852130292979,0.006848850119079319,0.9799091889843151,2.0,2.0,3.0,-0.10296370834112167,1.0,-0.5,-0.10296370834112167,15.0
2025-07-27 22:00:00+00:00,119495.17,92491216.600949,0.0019235193738755818,0.004498739071956859,2.259420857540959,71.27863337281156,351.9440771455702,272.0569858525524,0.008281132495166599,1.0136143671255284,4.0,4.0,6.0,0.1823024470359087,1.0,0.25,0.1823024470359087,16.0
2025-07-27 23:00:00+00:00,119415.55,44872900.2862185,-0.0006663030815386994,0.0055696589247042905,-0.5148414959247267,68.96081028978574,370.3248208484147,291.71055285172486,0.007085551943169843,0.912251486015594,3.0,3.0,3.0,0.4220408797264099,1.0,1.0,0.4220408797264099,9.0
2025-07-28 00:00:00+00:00,119236.72,55676814.0711664,-0.0014975436616085913,-0.00024348983312560968,0.24076700449571864,63.932248566415815,366.23982151762175,306.6164065849042,0.005144391943790572,0.7923361651678676,7.0,7.0,7.0,0.4471147818756955,1.0,0.42857142857142855,0.4471147818756955,14.0
2025-07-28 01:00:00+00:00,119037.77,56695874.288094,-0.0016685296274503436,-0.0038277697751297746,0.018303134508110164,58.795658163333314,342.9949950160808,313.89212427113955,0.003144652789532909,0.6784883917278364,8.0,8.0,11.0,0.4433736093342304,1.0,0.625,0.4433736093342304,18.0
2025-07-28 02:00:00+00:00,119434.14,69079023.6752013,0.003329783479646853,0.00015567486813905518,0.21841358904148223,64.85422136340574,352.4937207483017,321.612443566572,0.005988655219957506,0.829325053936523,1.0,2.0,1.0,0.46445314586162567,0.5,1.0,0.509415864944458,16.0
2025-07-28 03:00:00+00:00,119287.99,36346069.9502422,-0.001223686962538495,0.000429984991200838,-0.4738479495434721,61.27652471654852,344.26003041601507,326.14196093646063,0.004253479566687979,0.7369980982314824,14.0,15.0,21.0,0.2056357741355896,0.9333333333333333,0.3333333333333333,0.27877844657216755,23.0
2025-07-28 04:00:00+00:00,119218.05,40675452.2259472,-0.0005863121677212035,0.0015144772957356167,0.11911555449136402,59.582592029574336,328.30668294297357,326.57490533776325,0.0031294330167035422,0.684176372057078,12.0,14.0,24.0,0.18931118877870695,0.8571428571428571,0.2857142857142857,0.22011473712821802,27.0
2025-07-28 05:00:00+00:00,119526.13,94061338.0508047,0.002584172447041455,0.0007702152835027398,1.3124841373196143,64.26832903245557,336.64241716844845,328.5884077039003,0.0050526742895482535,0.8125371128385706,9.0,10.0,13.0,0.18453927282243968,0.9,0.2,0.22425007758041224,35.0
2025-07-28 06:00:00+00:00,119448.02,41777496.7864646,-0.0006534972729393962,0.001341543268521761,-0.5558483681797126,62.296360671044404,333.1058850981499,329.4919031827502,0.0038627758776930143,0.7487976939581877,21.0,23.0,43.0,0.3678672149291505,0.9130434782608695,0.6521739130434783,0.41268257202491876,42.0
2025-07-28 07:00:00+00:00,118900.0,104888409.3211437,-0.004587937079241655,-0.002667800723128777,1.510643705084941,50.57203621481975,282.8223242442473,320.15798739504964,-0.0010901391474714694,0.4213354807198747,20.0,20.0,31.0,0.16055468376725912,1.0,0.3,0.16055468376725912,50.0
2025-07-28 08:00:00+00:00,119072.45,66454755.7850661,0.0014503784693018495,-0.0037956553935111215,-0.36642421965236194,53.5354889022457,253.96002073484124,306.918394063008,-5.0907589439930234e-05,0.4957015822602505,19.0,19.0,27.0,0.37682969191748844,1.0,0.5263157894736843,0.37682969191748844,60.0
2025-07-28 09:00:00+00:00,118930.87,43678156.7223162,-0.0011890239933755042,-0.004329498303948465,-0.3427384360032262,50.840491144287355,217.15884253534023,288.96648375747446,-0.0015454482474897002,0.34275128042495984,31.0,32.0,42.0,0.29523118486395106,0.96875,0.46875,0.3339026194786833,70.0
2025-07-28 10:00:00+00:00,118764.53,42840660.477303,-0.0013986276229207562,-0.0011393608074011796,-0.019174257978366138,47.79617829899177,172.58197821908107,265.6895826497958,-0.0030851850900992517,0.14633667102932818,25.0,26.0,47.0,0.24222264145142758,0.9615384615384616,0.423076923076923,0.22437974445521833,75.0
2025-07-28 11:00:00+00:00,118827.49,91760440.2766389,0.0005301246087532352,-0.002057234901944094,1.1419006909394782,49.04000989136738,140.71278847592475,240.69422381502162,-0.0026578893559217054,0.1686077822917407,23.0,24.0,53.0,0.14494797307997942,0.9583333333333334,0.20833333333333334,0.1435289930390275,79.0
2025-07-28 12:00:00+00:00,118845.24,92662113.4289358,0.00014937620915822514,-0.0007199980963730201,0.009826382148761859,49.40600608710945,115.55643994809361,215.66666704163603,-0.0024062530387797265,0.21041409342786305,29.0,30.0,50.0,0.3196779903024435,0.9666666666666667,0.5333333333333333,0.301042597483972,77.0
2025-07-28 13:00:00+00:00,118434.78,130296223.2237841,-0.0034537352947413558,-0.0027765023782774234,0.40614344312047845,41.91011517910002,61.78691970606451,184.89071757452174,-0.0055336714992550995,-0.06886422118664176,31.0,33.0,44.0,0.18978699020138293,0.9393939393939394,0.4242424242424243,0.1869401803780948,83.0
2025-07-28 14:00:00+00:00,117985.93,153728281.4927889,-0.003789849569526882,-0.007082199581931903,0.17983681866787649,35.55703767126707,-16.85001973946055,144.5425701117253,-0.008871706461740958,-0.19989368272621585,31.0,32.0,54.0,0.1802813705871813,0.96875,0.3125,0.15691444728403323,91.0
2025-07-28 15:00:00+00:00,118174.9,72529926.9983781,0.0016016316521809681,-0.005640444665684696,-0.5281939907603772,39.70132078045675,-63.19360455017886,102.99533517934447,-0.0069568206141334965,0.009471085804691635,18.0,20.0,29.0,0.1451826499775052,0.9,0.25,0.172585585878955,80.0
2025-07-28 16:00:00+00:00,118028.88,55813892.1354991,-0.001235626177809257,-0.0034272027186608156,-0.23047086292052665,37.68461665796605,-110.43084501953854,60.31009913956787,-0.007881532651558554,0.0014198732804251869,27.0,31.0,48.0,0.06530288450660245,0.8709677419354839,0.25806451612903225,0.03523011353832704,76.0
2025-07-28 17:00:00+00:00,117667.86,93079261.0371074,-0.003058742911057011,-0.0026958299180248613,0.6676719267514861,33.1949613499459,-174.9809240765171,13.251894496350872,-0.010251477114244234,-0.06144752749906371,12.0,12.0,22.0,0.10157441642756264,1.0,0.0,0.10157441642756264,57.0
2025-07-28 18:00:00+00:00,117776.56,78854027.3442899,0.0009237866652795912,-0.0033707665502572537,-0.15282925040784756,35.67969564326465,-214.889038163019,-32.3762920355231,-0.008620597861327295,0.054453090909056326,27.0,28.0,43.0,0.07238957884588412,0.9642857142857143,0.25,0.07149265554768068,66.0
2025-07-28 19:00:00+00:00,118068.73,75848635.3985866,0.002480714328895406,0.00033762923108304754,-0.03811336017856459,41.931457413311385,-220.40019263919385,-69.98107215625726,-0.005597601590495049,0.2123136891954611,15.0,16.0,31.0,0.04678272968158126,0.9375,0.125,0.022477117677529652,54.0
2025-07-28 20:00:00+00:00,118044.93,47111455.6710553,-0.00020157750489913084,0.003204528407332319,-0.378875369036195,41.576943803866676,-224.10494110184663,-100.80584594537514,-0.005298833430009475,0.23080543538751272,11.0,12.0,20.0,0.060109371629854046,0.9166666666666666,0.08333333333333331,0.06572622907432643,53.0
2025-07-28 21:00:00+00:00,118106.9,39500952.0570235,0.0005249696026758954,0.002804802585505861,-0.16154252730313312,42.92992152928917,-219.51014356003725,-124.54670546830756,-0.004386168742605334,0.2795969945643741,5.0,8.0,12.0,0.3593039931729436,0.625,0.5,0.7925951480865479,31.0
2025-07-28 22:00:00+00:00,117854.35,43696350.4790226,-0.002138317066995965,-0.0018157220798427076,0.10621005832828101,38.969165924517675,-233.55512960492342,-146.34839029563074,-0.005853140978372973,0.20223687775820612,12.0,13.0,31.0,0.01199215048780808,0.9230769230769231,0.15384615384615385,0.011609898259242376,28.0
2025-07-28 23:00:00+00:00,118062.32,28826624.9996584,0.0017646357559140124,0.0001473167886161253,-0.34029673682937756,43.58500350431623,-225.30723970156396,-162.1401601768174,-0.003583736557780659,0.3123644197801646,6.0,6.0,12.0,-0.39585210258762044,1.0,-0.5,-0.39585210258762044,23.0
2025-07-29 00:00:00+00:00,117979.8,64706771.6377498,-0.0006989528919980614,-0.0010761437308065558,1.244687737066569,42.220520875249186,-222.86040584906004,-174.28420931126593,-0.0037596231712274664,0.2975823818308961,15.0,15.0,26.0,0.09954337875048319,1.0,0.26666666666666666,0.09954337875048319,33.0
2025-07-29 01:00:00+00:00,117774.16,31243148.0111754,-0.001743010244126486,-0.0006804161238003203,-0.5171579848538107,38.948231322020945,-234.80798153900832,-186.3889637568144,-0.004759905434827183,0.2212858321600454,7.0,8.0,11.0,0.32593234814703465,0.875,0.5,0.24751080998352595,28.0
2025-07-29 02:00:00+00:00,118095.6,64869082.669788,0.0027292913827616783,0.0002818850247903182,1.07626589505593,45.994269491386746,-215.85080600788933,-192.28133220702938,-0.0014730216790567185,0.4005911459461403,9.0,10.0,10.0,0.22020462304353713,0.9,0.3,0.19483361144860586,31.0
2025-07-29 03:00:00+00:00,118764.85,104112694.188676,0.005667018923651623,0.006654105194279003,0.6049663399535823,57.096548088609325,-145.15101542358752,-182.85526885034102,0.004243028337424848,0.7922116385935196,14.0,16.0,18.0,0.17985562910325825,0.875,0.3125,0.13679865933954716,30.0
2025-07-29 04:00:00+00:00,118533.93,52401056.8560255,-0.0019443463280592876,0.006451075516055393,-0.49668907077687563,53.04453555731877,-106.52626763904118,-167.58946860808106,0.0025186844219331483,0.6894136129413978,11.0,12.0,20.0,0.09745172799254458,0.9166666666666666,0.08333333333333331,0.0666657132519917,34.0
2025-07-29 05:00:00+00:00,118800.0,56396628.5863393,0.002244673740253056,0.0059646591405606575,0.07624983101565741,56.844794263601614,-53.8257812820375,-144.83673114287234,0.004824621437610421,0.872937409166886,16.0,19.0,25.0,0.1932256292355688,0.8421052631578947,0.3157894736842105,0.1902446113526821,41.0
2025-07-29 06:00:00+00:00,118764.85,79041256.3805088,-0.0002958754208753911,0.0,0.4015244946690766,56.197711611943326,-14.726815831032582,-118.8147480805044,0.004527182587257705,0.8499253034141017,16.0,16.0,32.0,0.3059889473952353,1.0,0.5,0.3059889473952353,43.0
2025-07-29 07:00:00+00:00,118882.37,118779665.6600775,0.0009895183633876758,0.0029395802535190363,0.5027552837503733,57.92232567146214,25.448918534631957,-89.96201475747714,0.005497844003722552,0.9200718077088023,23.0,23.0,44.0,-0.1484708211020283,1.0,-0.043478260869565244,-0.1484708211020283,55.0
2025-07-29 08:00:00+00:00,118923.8,36005451.9215841,0.000348495744154631,0.0010420875420875664,-0.696871920614559,58.542039081182764,59.940574592808844,-59.981496887419944,0.0058148398196746776,0.9369133147851715,22.0,22.0,44.0,0.1316033767705614,1.0,0.36363636363636365,0.1316033767705614,61.0
2025-07-29 09:00:00+00:00,118784.79,45791066.6954777,-0.0011688997492512732,0.0001678947937877595,0.27178147340590497,55.583994513049745,75.19175156611891,-32.94684719671218,0.004490465507378305,0.8243399695214348,18.0,18.0,29.0,0.032064405580361686,1.0,0.1111111111111111,0.032064405580361686,63.0
2025-07-29 10:00:00+00:00,118317.75,82695020.0916825,-0.003931816522973919,-0.004749400604984522,0.8059203696132591,46.99267697250041,49.0270411997044,-16.552069517428862,0.0004006371283207244,0.5292627230132566,30.0,31.0,58.0,0.21847595058141217,0.967741935483871,0.45161290322580644,0.2268762802084287,70.0
2025-07-29 11:00:00+00:00,118592.38,68374468.491438,0.0023211225703667626,-0.002786826522529484,-0.17317308326870895,51.71841971695103,49.87671779356606,-3.2663120552298768,0.0025457464029217114,0.6835860234389911,21.0,21.0,39.0,0.3720581466775565,1.0,0.6190476190476191,0.3720581466775565,69.0
2025-07-29 12:00:00+00:00,118906.85,93566948.3890533,0.002651688076417802,0.0010275726378774497,0.36844863957911356,56.500673943805175,75.05994911018934,12.398940177853968,0.004831286842025939,0.8352625193154276,34.0,36.0,57.0,0.11057688632152146,0.9444444444444444,0.4444444444444444,0.11197899364154129,85.0
2025-07-29 13:00:00+00:00,118621.27,78111657.4900763,-0.002401711928286754,0.0025652955706139124,-0.16517895651265213,51.510871692963605,71.15370641967456,24.149893426218085,0.0020143169519895032,0.6484345051961591,28.0,31.0,49.0,0.1771654978154167,0.9032258064516129,0.25806451612903225,0.19403465198619024,83.0
2025-07-29 14:00:00+00:00,117823.67,156885148.9055385,-0.006723920591981569,-0.006481951032604294,1.0084729212854047,40.69989296235146,3.6561805918463506,20.05115085934374,-0.004742950689809788,0.14746751011516832,22.0,25.0,33.0,0.12929634787142277,0.88,0.19999999999999996,0.19902059613642367,84.0
2025-07-29 15:00:00+00:00,117400.01,164689653.7051275,-0.0035957121349216026,-0.012672440654176054,0.04974661307354311,36.33738005596577,-83.0644015307189,-0.5719596186687887,-0.008041445680949999,-0.030761876048967712,25.0,28.0,42.0,0.09265810949727893,0.8928571428571429,0.1785714285714286,0.09873657405376435,75.0
2025-07-29 16:00:00+00:00,117739.03,132026923.8516737,0.0028877339959341164,-0.007437451984791621,-0.19832897282020856,41.72070151795806,-123.01694420189597,-25.060956535314226,-0.005048352225993091,0.17773975407793438,31.0,33.0,50.0,0.07794349318878217,0.9393939393939394,0.18181818181818182,0.04804520134723956,78.0
2025-07-29 17:00:00+00:00,117773.69,60387842.5393783,0.0002943798670671516,-0.0004241932032841289,-0.5426096376582907,42.25828192399295,-150.1519910901261,-50.07916344627661,-0.004615319010900398,0.2139043556292075,17.0,18.0,32.0,0.07981299308853017,0.9444444444444444,0.1111111111111111,0.13854250081760042,73.0
2025-07-29 18:00:00+00:00,117606.72,30661300.3348685,-0.001417719016870378,0.001760732388353281,-0.49226037815683554,40.328383285553585,-183.0200535684853,-76.66734147071836,-0.005922470169911209,0.14402675332898793,11.0,12.0,13.0,0.2675656645248334,0.9166666666666666,0.5,0.3412949842485515,59.0
2025-07-29 19:00:00+00:00,117525.29,63864314.2805543,-0.0006923924075087351,-0.001815370824780893,1.082896471547452,39.38373479946112,-213.18152640970948,-103.97017845851659,-0.006385247284188766,0.1359583851402965,12.0,14.0,18.0,0.058692480836595805,0.8571428571428571,0.2857142857142857,-0.015534347544113794,40.0
2025-07-29 20:00:00+00:00,117514.28,96701974.0875896,-9.368196411163598e-05,-0.0022026141831847923,0.5141785389377282,39.24986421881127,-235.26118146869703,-130.2283790605527,-0.0062827810464024525,0.15702313614535013,30.0,31.0,47.0,0.11019681321997796,0.967741935483871,0.16129032258064513,0.10850065673391024,53.0
2025-07-29 21:00:00+00:00,117606.79,55247109.6943103,0.0007872234761596708,5.952040835754957e-07,-0.4286868472377906,41.06264357256801,-242.4993023101415,-152.68256371047048,-0.00543012257805775,0.20823722818489246,18.0,20.0,35.0,0.29798366520553826,0.9,0.39999999999999997,0.36020946523381603,60.0
2025-07-29 22:00:00+00:00,117848.03,28218834.8932956,0.002051242109405438,0.0027461323430897355,-0.4892251368545031,45.61970201771065,-226.16245337040164,-167.37854164245672,-0.003285681177137234,0.3254009222079593,9.0,10.0,21.0,-0.025977689772844315,0.9,0.2,-0.04490405900610818,57.0
2025-07-29 23:00:00+00:00,117950.76,23904064.3236578,0.0008717158869775421,0.0037142720016665187,-0.15290392342395864,47.48194038432277,-202.5905921968806,-174.4209517533415,-0.0020732798715974443,0.38775379679573085,9.0,9.0,19.0,0.4204944421847661,1.0,0.6666666666666667,0.4204944421847661,36.0
2025-07-30 00:00:00+00:00,117744.77,29001574.6451634,-0.0017464067209062017,0.0011732315795713877,0.21324868660349972,44.21250792224885,-198.24613581082667,-179.18598856483857,-0.003483392831473253,0.3123847061227435,12.0,12.0,16.0,0.06713594294463594,1.0,0.08333333333333331,0.06713594294463594,30.0
2025-07-30 01:00:00+00:00,117862.05,27649129.4045254,0.0009960527333825464,0.00011896677441280978,-0.04663351066917143,46.472382459659464,-183.22747470140166,-179.9942857921512,-0.0020947306442417046,0.38356888841479164,11.0,11.0,22.0,0.056786850772120735,1.0,0.09090909090909088,0.056786850772120735,32.0
2025-07-30 02:00:00+00:00,118024.11,39023937.8631511,0.0013749972955672263,0.0006218696683260028,0.41139843111168495,49.51565453702062,-156.44479178432084,-175.28438699058512,-0.00040915990199430485,0.47630117460298477,13.0,14.0,20.0,0.2370271948831422,0.9285714285714286,0.4285714285714286,0.3069927061979587,36.0
2025-07-30 03:00:00+00:00,118161.87,48952708.2796609,0.001167219138530129,0.0035424078708548024,0.2544276913141863,52.013217699368894,-122.68895996284846,-164.76530158503778,0.0010630153476685056,0.565980928924875,11.0,11.0,19.0,0.3226345552300865,1.0,0.45454545454545453,0.3226345552300865,35.0
2025-07-30 04:00:00+00:00,117993.52,31463788.5029371,-0.0014247404852343326,0.0011154565867470545,-0.35726153651830084,48.83374946067915,-108.27354802335321,-153.46695087270086,3.0837390069038406e-05,0.5021172525304868,11.0,11.0,16.0,0.5649673979390751,1.0,1.0,0.5649673979390751,35.0
2025-07-30 05:00:00+00:00,117992.26,31792358.9789971,-1.067855251724037e-05,-0.00026986011586960235,0.010442813522895555,48.809700903599236,-95.84604809329903,-141.94277031682049,0.0003561247069792106,0.5269872235777882,15.0,16.0,27.0,0.37291554687544703,0.9375,0.625,0.39512836386760075,37.0
2025-07-30 06:00:00+00:00,118287.31,46887520.5023232,0.0025005877504169494,0.0010615945736132115,0.474804701761778,54.46463481884458,-61.48038805586111,-125.85029386462861,0.0028705437641283194,0.7183038234645388,23.0,24.0,36.0,0.15631628083065152,0.9583333333333334,0.24999999999999997,0.15938675160641255,49.0
2025-07-30 07:00:00+00:00,118123.01,35396018.0541331,-0.0013889909238784526,0.0010974331471760301,-0.24508658860774513,51.08069016512496,-46.961647137010004,-110.0725645191049,0.0016768713713590788,0.6368001897679432,11.0,11.0,24.0,0.05618608150292526,1.0,0.0,0.05618608150292526,49.0
2025-07-30 08:00:00+00:00,118372.73,55163047.2193048,0.0021140673607962235,0.003224533541437369,0.5584534716572038,55.59641184857032,-15.130705993899028,-91.08419281406374,0.004021860029781443,0.8914299069428331,16.0,16.0,27.0,-0.02309427340514958,1.0,0.0625,-0.02309427340514958,50.0
2025-07-30 09:00:00+00:00,118164.08,35231806.802778,-0.0017626525974351326,-0.0010417854628700374,-0.3613150727023595,51.332674132256074,-6.663949189547566,-74.20014408916052,0.002446483901656471,0.7752559967172219,23.0,25.0,39.0,0.128400090187788,0.92,0.12,0.09752808754210887,50.0
2025-07-30 10:00:00+00:00,118020.18,96511021.3096852,-0.0012177981667526039,-0.0008705331840087593,1.739315126525824,48.566330679069196,-11.433710107041406,-61.6468572927367,0.001142256443877221,0.6277731472876419,22.0,23.0,41.0,0.10087585975618465,0.9565217391304348,0.17391304347826086,0.12139882426708937,61.0
2025-07-30 11:00:00+00:00,117579.99,76220994.6749834,-0.003729785872212621,-0.006696981644336408,-0.21023533229013325,41.24417594754683,-50.15527538306196,-59.34854091080176,-0.002667922908225484,0.184746092145007,18.0,21.0,37.0,-0.25928860858437563,0.8571428571428571,-0.2857142857142857,-0.279702452218367,63.0
2025-07-30 12:00:00+00:00,117739.02,79583148.2420625,0.0013525260548159501,-0.0035972014507285044,0.0441105968429798,44.499711343009494,-67.23496013910335,-60.92582475646208,-0.0013190010531701768,0.34414103054275513,31.0,33.0,58.0,0.23648218697670734,0.9393939393939394,0.303030303030303,0.25107291244691415,71.0
2025-07-30 13:00:00+00:00,117675.79,106014768.2773931,-0.000537035215683046,-0.002918060284266666,0.33212584094983777,43.46843672742698,-84.89425776690769,-65.7195113585512,-0.0018138830669649497,0.2884397520007388,38.0,41.0,65.0,0.19973610704991876,0.926829268292683,0.31707317073170727,0.2108470916159843,87.0
2025-07-30 14:00:00+00:00,118714.35,130443074.0778211,0.008825604654959296,0.009647559929202298,0.23042361170389092,59.90471625583814,-14.914342714415397,-55.558477629724045,0.006522874543496426,1.1383132023302058,32.0,33.0,53.0,0.17752058437150536,0.9696969696969697,0.4242424242424242,0.17499566491460428,101.0
2025-07-30 15:00:00+00:00,118000.01,131768346.9587616,-0.006017301194000679,0.0022166822859575053,0.010159779584386852,49.28957740955813,-16.901197385959676,-47.82702158097118,0.00026502358626845357,0.5273665986773559,14.0,16.0,29.0,-0.09008293855004013,0.875,-0.125,-0.12011145481041499,84.0
2025-07-30 16:00:00+00:00,117734.8,83713779.7118936,-0.0022475421824116326,0.000501462535327013,-0.364689763178916,46.02850008900224,-39.421596944725025,-46.14593665372195,-0.00207638561157919,0.2746535264323728,18.0,20.0,22.0,0.10567467398941517,0.9,0.3,0.158045611033837,64.0
2025-07-30 17:00:00+00:00,117802.1,69666919.7307426,0.0005716236830572985,-0.007684412204590263,-0.16779626997483776,46.98701335000465,-51.24787469650619,-47.1663242622788,-0.0015885900120110596,0.32081252393082976,18.0,20.0,34.0,0.22942656902596353,0.9,0.5,0.2365818821514646,50.0
2025-07-30 18:00:00+00:00,116523.14,216506812.6775566,-0.010856852297200237,-0.012515846396962127,2.1077420031535645,34.461524072045165,-161.9547547049442,-70.12401035081189,-0.011873417628667227,-0.34768724602806156,31.0,32.0,40.0,-8.073286153376102e-06,0.96875,-0.03125,-0.00012691835722615643,67.0
2025-07-30 19:00:00+00:00,116916.73,299308337.7155547,0.0033777840178355056,-0.006948412873678866,0.3824430465442874,39.78160019733146,-215.4477831479744,-99.1887649102444,-0.008100857822475604,-0.010731712637313592,19.0,19.0,23.0,-0.09082995845299018,1.0,-0.05263157894736842,-0.09082995845299018,68.0
2025-07-30 20:00:00+00:00,117175.71,60419683.0990246,0.0022150807673120276,-0.005317307586197528,-0.7981356498112526,43.0570312970096,-234.24365690648847,-126.19974330949323,-0.005663698466685463,0.16015434625467742,15.0,16.0,17.0,-0.18893854250200093,0.9375,-0.0625,-0.20577684566378593,65.0
2025-07-30 21:00:00+00:00,117326.82,25128465.2842094,0.0012896017442523,0.006897170810879372,-0.584101339243617,44.93892716664937,-234.24596646764257,-147.80898794112312,-0.004155250013142098,0.2569918398384185,22.0,25.0,33.0,-0.07691239461302757,0.88,0.0,-0.0868183472617106,56.0
2025-07-30 22:00:00+00:00,117486.49,37117131.0255634,0.0013608994090184012,0.004873211900469743,0.4770950237413669,46.93456627066849,-218.84109827234352,-162.01541000736722,-0.0025724322760172225,0.3503464114995129,10.0,12.0,20.0,0.010915592623253664,0.8333333333333334,0.08333333333333337,0.10148201771080494,47.0
2025-07-30 23:00:00+00:00,117840.3,39732505.18476,0.003011495194043201,0.005671738622279321,0.07046272400189912,51.158864310257606,-176.05368189969158,-164.82306438583208,0.0005678955549028863,0.5334982467139687,7.0,8.0,13.0,0.09581857360899448,0.875,0.0,0.24601795205048152,39.0
2025-07-31 00:00:00+00:00,118415.8,94608666.8268456,0.004883728232192297,0.009281594779437352,1.3811402373675192,57.13602805106521,-94.61563566015684,-150.78157864069703,0.005274175250122637,0.8006286779789512,14.0,14.0,27.0,0.10584548701133047,1.0,0.2857142857142857,0.10584548701133047,31.0
2025-07-31 01:00:00+00:00,118055.32,54867334.8947158,-0.0030441883599992003,0.0048416630712178055,-0.42006016219280484,52.77899322992734,-58.48889703191526,-132.32304231894068,0.0021871058178020153,0.624334701731804,7.0,8.0,23.0,0.258094334974885,0.875,0.375,0.25614289939403534,28.0
2025-07-31 02:00:00+00:00,118447.52,69257902.5563429,0.0033221713345912285,0.005152906094095133,0.26227932683883703,56.65210553839758,1.7686776429909514,-105.50469832655436,0.0054481704192999025,0.804642084257625,7.0,7.0,18.0,0.5283259642975671,1.0,0.7142857142857143,0.5283259642975671,28.0
2025-07-31 03:00:00+00:00,118466.14,54295930.5983549,0.00015720042091205144,0.0004251121894205401,-0.21603270393318785,56.83312788882274,50.44422842653876,-74.31491297593575,0.0054597982864970085,0.7966522135664346,11.0,11.0,17.0,0.40211879732933914,1.0,0.6363636363636365,0.40211879732933914,25.0
2025-07-31 04:00:00+00:00,118511.53,42564645.1745399,0.0003831474546229785,0.003864374769387613,-0.21606196439647063,57.30123442092432,91.62633541163814,-41.12666329842098,0.005785794867445571,0.8099091625904722,9.0,9.0,14.0,-0.07381498068571091,1.0,-0.1111111111111111,-0.07381498068571091,27.0
2025-07-31 05:00:00+00:00,118362.0,32897323.2667286,-0.0012617337739205814,-0.0007220075186040731,-0.22712093259957034,55.17840029668997,110.9190250961401,-10.717525619508766,0.004432403151240605,0.7341772230497591,14.0,17.0,19.0,0.11078963647870456,0.8235294117647058,0.17647058823529413,0.148128585091659,34.0
2025-07-31 06:00:00+00:00,118691.78,65482589.7863599,0.0027861982730943424,0.0019046792610952767,0.9905142207295357,58.803293711533904,151.07758225525322,21.64149595544363,0.0069440087717260734,0.8486505350831608,16.0,16.0,30.0,0.02077450230717659,1.0,0.1875,0.02077450230717659,39.0
2025-07-31 07:00:00+00:00,118665.97,85325215.943076,-0.00021745398038519603,0.0013031643418999206,0.3030214018940549,58.40517955013926,178.76024006077205,53.06524477650932,0.006261504625644454,0.8040417814726291,16.0,16.0,31.0,0.35406357853207737,1.0,0.5,0.35406357853207737,46.0
2025-07-31 08:00:00+00:00,118593.94,36816310.5598759,-0.0006069979455778363,0.001959581622480222,-0.5685178155958306,57.24046573737424,192.66579543477565,80.98535490816258,0.005286313051371838,0.750539985826785,16.0,17.0,37.0,0.4996098840937895,0.9411764705882353,0.6470588235294118,0.47443949431180954,48.0
2025-07-31 09:00:00+00:00,118605.58,29449314.4876007,9.815004038138397e-05,-0.0007262507984967526,-0.20010142136034914,57.38834949182801,202.29338673423626,105.24696127337732,0.004988937952194794,0.7324687955618224,21.0,21.0,40.0,0.12179421651221457,1.0,0.380952380952381,0.12179421651221457,53.0
2025-07-31 10:00:00+00:00,118505.02,33799768.7259416,-0.0008478521836831066,-0.0013563281874323652,0.14772684234034061,55.59933416986318,199.5091532881197,124.09939967632582,0.004225917193343864,0.7000453865919357,23.0,24.0,40.0,0.4194198163847129,0.9583333333333334,0.5833333333333333,0.4725165069103241,60.0
2025-07-31 11:00:00+00:00,118371.25,52871547.1301035,-0.0011288129397387658,-0.001877751932350069,0.5642576598319786,53.222474540540084,184.38305411195324,136.1561305634513,0.002934575744641288,0.6378227226900705,0.0,0.0,0.0,0.0,0.0,0.0,0.0,44.0
2025-07-31 12:00:00+00:00,118626.18,51622622.6864281,0.0021536479508326156,0.00017368491431835054,-0.023621863014564592,56.995540036704675,190.76718661937048,147.07834177463516,0.004715139475603314,0.718269564377779,0.0,0.0,0.0,0.0,0.0,0.0,0.0,23.0
2025-07-31 13:00:00+00:00,118557.01,95428378.5630065,-0.0005830921976919257,0.00043871559196384524,0.8485767207657817,55.683151523172675,188.07718004690832,155.2781094290898,0.0038083914969069266,0.6748768179493583,20.0,20.0,33.0,0.15087415762245654,1.0,0.35,0.15087415762245654,20.0
2025-07-31 14:00:00+00:00,117913.18,123261147.9685442,-0.005430551934465955,-0.0038697741216723314,0.2916613467047555,45.24096347513464,132.46663723319944,150.71581498991173,-0.0022299951673643292,0.3766031872119569,21.0,22.0,41.0,0.04660123425789855,0.9545454545454546,0.18181818181818182,0.08995741721065272,41.0
2025-07-31 15:00:00+00:00,118306.18,138295012.6235343,0.0033329607428109753,-0.002697549562836854,0.12196758591625878,51.25053589465875,118.73795967563638,144.32024392705665,0.0005073652016140962,0.5333961436993181,22.0,24.0,40.0,0.23321015667170286,0.9166666666666666,0.45833333333333326,0.2898302955383604,63.0
2025-07-31 16:00:00+00:00,118538.53,103902308.1361006,0.001963971789132213,-0.00015587437638653334,-0.24869085178839578,54.434435325910066,125.16377686357009,140.48895051435935,0.0018949776048677869,0.6476898908643117,23.0,24.0,47.0,0.24491511013669273,0.9583333333333334,0.375,0.24895992721228496,66.0
2025-07-31 17:00:00+00:00,117728.0,121832619.0873915,-0.006837692352014146,-0.0015704775327066711,0.1725689378122779,43.709861834157756,64.11421737419732,125.21400388632694,-0.005124343147392407,0.04714186216666252,15.0,16.0,17.0,0.4106710352934897,0.9375,0.5625,0.43463154286146166,60.0
2025-07-31 18:00:00+00:00,117658.8,111419687.4484482,-0.0005877955966294701,-0.005472072549379869,-0.08546916020473971,42.93216420825769,10.032491650345037,102.17770143913056,-0.005781512141214473,-0.044015586640021614,24.0,24.0,37.0,0.38703531632199883,1.0,0.5416666666666667,0.38703531632199883,62.0
2025-07-31 19:00:00+00:00,116785.79,160817168.9417642,-0.007419844499519046,-0.014786247138377728,0.44334607845827345,34.574497878842536,-102.09538453389541,61.323084244525376,-0.012718594045718512,-0.33134010565380084,14.0,16.0,20.0,0.1469813697040081,0.875,0.25,0.12450259604624339,53.0
2025-07-31 20:00:00+00:00,116514.0,113817598.6575169,-0.0023272523138302414,-0.010311905409078559,-0.2922546802279985,32.45614585688037,-210.46263357244607,6.965940681131087,-0.014223811111901075,-0.20778759973608285,25.0,27.0,42.0,0.10880807842369433,0.9259259259259259,0.22222222222222227,0.047043242752552034,63.0
2025-07-31 21:00:00+00:00,116536.96,86586250.3541869,0.00019705786429113914,-0.009534688438093797,-0.23925428602013066,32.83054699058515,-291.135747393826,-52.65439693386033,-0.013395850031850731,-0.06897652798873974,12.0,12.0,17.0,0.25570688862353563,1.0,0.33333333333333337,0.25570688862353563,51.0
2025-07-31 22:00:00+00:00,116010.6,96918573.1475415,-0.004516678657140227,-0.006637708234880191,0.11932983298259847,28.87850379195507,-393.01222406420857,-120.72596235993,-0.016837842440320272,-0.09994315712110388,9.0,13.0,22.0,0.29206508498352307,0.6923076923076923,0.30769230769230765,0.33802189781434006,46.0
2025-07-31 23:00:00+00:00,115764.08,146732099.1372944,-0.0021249782347475543,-0.006436308083148767,0.5139729607236436,27.225501639040132,-488.01661776250694,-194.1840934404454,-0.017802458137617494,-0.05122036937605396,10.0,10.0,16.0,-0.11240189075469971,1.0,-0.2,-0.11240189075469971,31.0
2025-08-01 00:00:00+00:00,115427.27,290973412.6569178,-0.002909451705572219,-0.009522215098111353,0.9830249438785685,25.11067568603322,-583.7568507994874,-272.0986449122538,-0.01937705122874034,-0.030060381419482494,10.0,10.0,14.0,0.16523331739008426,1.0,0.0,0.16523331739008426,29.0
2025-08-01 01:00:00+00:00,115331.86,190627320.6436029,-0.0008265811016755498,-0.005850672266154988,-0.34486343991721125,24.529403777693958,-659.725559295126,-349.62402778882824,-0.018924832964927862,0.029133239662492788,15.0,15.0,19.0,-0.06415296246608099,1.0,0.06666666666666665,-0.06415296246608099,35.0
2025-08-01 02:00:00+00:00,115966.12,81573670.9711929,0.005499434414740101,0.001745273663471325,-0.5720777551938468,35.25847168273006,-661.1307233951811,-411.92536691009883,-0.012384534887472376,0.1969050628748731,13.0,13.0,21.0,0.142802269412921,1.0,0.23076923076923078,0.142802269412921,38.0
2025-08-01 03:00:00+00:00,115648.03,64013713.0512483,-0.002742956304824129,0.0019125463159614942,-0.21526502008406312,32.7443410243861,-680.0720830360224,-465.5547101352836,-0.013826187712245752,0.16852578224947062,10.0,10.0,25.0,0.017923968285322188,1.0,0.3,0.017923968285322188,38.0
2025-08-01 04:00:00+00:00,115695.52,65991592.1414448,0.00041064253321043687,0.0031531616675566365,0.0308977404359132,33.50666453896521,-683.3736943439726,-509.1185069770214,-0.012200504799602108,0.20932952435516353,9.0,10.0,20.0,-0.14551148042082787,0.9,0.0,-0.19900131473938623,32.0
2025-08-01 05:00:00+00:00,115568.0,59110040.3883649,-0.0011022034388193935,-0.0034330716592052557,-0.10427921996987355,32.44326645101587,-688.3452280542406,-544.9638511924652,-0.012008100801778165,0.2131797429614855,14.0,15.0,32.0,0.10436150381962458,0.9333333333333333,0.26666666666666666,0.10296480038336345,33.0
2025-08-01 06:00:00+00:00,115156.51,72562426.6295293,-0.0035605877059393665,-0.004250137248338781,0.22758208508705957,29.220572507337025,-717.2213273650996,-579.4153464269921,-0.014114813310933672,0.16550755034345463,16.0,16.0,31.0,0.40530057984869927,1.0,0.5625,0.40530057984869927,39.0
2025-08-01 07:00:00+00:00,115081.77,142535476.6393676,-0.0006490297422176994,-0.00530487265194024,0.9643151870745563,28.663637793703927,-737.6337547184521,-611.0590280852841,-0.013365396807244245,0.18359137893817956,21.0,21.0,26.0,0.3079106259558882,1.0,0.5238095238095238,0.3079106259558882,51.0
2025-08-01 08:00:00+00:00,114615.99,164086551.5571091,-0.004047383004275984,-0.008237660944205971,0.15119797138131696,25.412898135099567,-782.3765538731532,-645.322533242858,-0.015666581157832038,0.12574237223351023,20.0,20.0,40.0,-0.07410818599164486,1.0,-0.050000000000000044,-0.07410818599164486,57.0
2025-08-01 09:00:00+00:00,114938.67,97616284.2628886,0.002815313988911994,-0.0018916863666673667,-0.4050927188331216,31.23147142996565,-782.7746266710164,-672.8129519284897,-0.011359289790279337,0.21487865816207244,15.0,16.0,25.0,-0.06788633461110294,0.9375,-0.0625,-0.07571678285797437,56.0
2025-08-01 10:00:00+00:00,114762.58,64724673.4013107,-0.0015320344319278423,-0.0027735930721259905,-0.3369479909007611,29.862403900097917,-788.2130640292162,-695.892974348635,-0.011534562140972815,0.2053736301759381,22.0,22.0,49.0,0.14969693598422137,1.0,0.18181818181818182,0.14969693598422137,57.0
2025-08-01 11:00:00+00:00,115305.65,56898543.73874,0.0047321173853009935,0.00601713600344933,-0.12091416227080132,38.776124982743525,-740.1696395773324,-704.7483073943745,-0.005572029531442202,0.3429293546569326,18.0,18.0,46.0,0.039545977798600994,1.0,0.16666666666666669,0.039545977798600994,55.0
2025-08-01 12:00:00+00:00,115732.48,122808119.1839297,0.003701726671676564,0.006906378854044437,1.158370164055964,44.72235251221741,-660.0446815073083,-695.8075822169612,-0.0006817461564287974,0.47650214761571724,27.0,27.0,40.0,0.09327194632755385,1.0,0.14814814814814814,0.09327194632755385,67.0
2025-08-01 13:00:00+00:00,114352.05,182392532.9199248,-0.01192776651809413,-0.0035772113174868947,0.48518301665996155,33.41800762309097,-699.8666125748714,-696.6193882885433,-0.011160126913917212,0.08345040486903549,17.0,21.0,33.0,0.025431394843118533,0.8095238095238095,0.14285714285714285,-0.06187898501315538,62.0
2025-08-01 14:00:00+00:00,115619.8,208186667.0751909,0.011086377550730386,0.0027244978888718574,0.1414209986687911,46.73402990433086,-621.9593891939003,-681.6873884696147,0.0006847241642449209,0.5318202257764469,27.0,28.0,37.0,0.07349909782143575,0.9642857142857143,0.21428571428571425,0.09421280737000483,71.0
2025-08-01 15:00:00+00:00,115357.82,100170823.9696,-0.002265874876102525,-0.0032372934546981424,-0.5188413101717928,44.742630197017654,-574.7317994886398,-660.2962706734197,-0.0009653475996143079,0.4495742421888683,26.0,27.0,50.0,0.131652585334248,0.9629629629629629,0.33333333333333337,0.13547560185767138,70.0
2025-08-01 16:00:00+00:00,115015.6,81192403.2462558,-0.0029665955892717033,0.005802694398570063,-0.18946056317859383,42.212250764972715,-558.480077645625,-639.9330320678608,-0.003282378564610555,0.31266989427161396,15.0,17.0,29.0,-0.020465147845885334,0.8823529411764706,0.0,-0.07939330140749613,68.0
2025-08-01 17:00:00+00:00,114420.0,109640453.8593914,-0.005178427969771082,-0.010377115338376375,0.35037823091469456,38.16665721534937,-586.8950525248074,-629.3254361592502,-0.007533447389210912,0.04377012793120902,20.0,22.0,42.0,0.12554042710160668,0.9090909090909091,0.4090909090909091,0.08152435636147856,61.0
2025-08-01 18:00:00+00:00,113836.93,134697190.7222227,-0.00509587484705476,-0.01318410836820616,0.22853550838968006,34.664179690676676,-648.9819410765776,-633.2567371427158,-0.011659215196055728,-0.11919875103314002,25.0,27.0,51.0,0.025264863131774798,0.9259259259259259,0.1111111111111111,0.05955934591591358,60.0
2025-08-01 19:00:00+00:00,113328.68,146907892.5933819,-0.0044647198409163424,-0.014666879971064861,0.09065298099899177,31.914858206178693,-730.7738686761004,-652.7601634493927,-0.015030554159364384,-0.15671618594632053,18.0,19.0,27.0,-0.3000529477078664,0.9473684210526315,-0.31578947368421056,-0.3424436919805076,63.0
2025-08-01 20:00:00+00:00,113951.09,108659095.1886681,0.005492078439455872,-0.004098147177067024,-0.26035903673726024,38.362131342930766,-736.8770157278632,-669.5835339050868,-0.00898529522617475,0.12812646911559677,19.0,21.0,39.0,0.2157923108232873,0.9047619047619048,0.38095238095238093,0.3298388638190533,62.0
2025-08-01 21:00:00+00:00,113892.12,48914302.8016241,-0.0005175027285829747,0.00048481630697527756,-0.549837013489826,37.99502682611107,-737.96538432136,-683.2599039883415,-0.008877646360664238,0.14995648980466522,6.0,7.0,17.0,-0.09553862788847514,0.8571428571428571,0.14285714285714285,-0.1427027272681395,43.0
2025-08-01 22:00:00+00:00,113141.05,154933065.0766778,-0.006594573882723331,-0.0016556268016180153,2.1674388921584216,33.586569701624924,-790.3226487826905,-704.6724529472114,-0.014201904301327173,-0.02079307977164862,8.0,9.0,11.0,0.13405512645840645,0.8888888888888888,0.2222222222222222,0.1356585738249123,33.0
2025-08-01 23:00:00+00:00,113297.93,61052324.4327858,0.0013865878034540202,-0.005731932884538438,-0.6059438674206152,35.27583617603696,-809.8221277904959,-725.7023879158683,-0.011823292425617304,0.08549470139807182,7.0,7.0,19.0,-0.17032718658447266,1.0,-0.14285714285714285,-0.17032718658447266,21.0
2025-08-02 00:00:00+00:00,113822.97,64050370.355374,0.004634153510130412,-0.0006071535063180145,0.04910617163952269,40.7111516824226,-773.9872224229184,-735.3593548172784,-0.006432570207418498,0.26969419420581914,12.0,12.0,17.0,0.037659026371936,1.0,0.0,0.037659026371936,27.0
2025-08-02 01:00:00+00:00,113674.24,40147229.4215163,-0.0013066782565943624,0.004712613149692402,-0.37319286057574164,39.6942549878938,-748.9555760816875,-738.0785990701602,-0.006910017404285873,0.24873452112222663,7.0,8.0,15.0,-0.1825231146067381,0.875,-0.25,-0.3248857579060963,26.0
2025-08-02 02:00:00+00:00,113702.24,26288269.2937174,0.0002463178992884174,0.0035685559303688663,-0.34520340076995204,39.99811425339594,-718.5751628390572,-734.1779118239397,-0.006033989138954143,0.280714694204869,3.0,3.0,3.0,0.3257010380427043,1.0,1.0,0.3257010380427043,22.0
2025-08-02 03:00:00+00:00,113909.86,31213227.1302102,0.0018259974473677776,0.0007633784288003653,0.1873443162600974,42.31894171785172,-670.0216748245584,-721.3466644240634,-0.003708677359544832,0.3635663609594098,9.0,9.0,13.0,-0.31719136238098145,1.0,-0.4444444444444445,-0.31719136238098145,19.0
2025-08-02 04:00:00+00:00,114025.75,31487519.8112218,0.0010173833942030974,0.0030922573135303555,0.008787706566429465,43.629603112897655,-615.1008317952655,-700.0974978983038,-0.0024375751040256466,0.4103427915383727,10.0,11.0,14.0,-0.15345147387547928,0.9090909090909091,-0.2727272727272727,-0.07259142845869064,22.0
2025-08-02 05:00:00+00:00,113981.06,36021022.0814731,-0.00039192901603368746,0.002452194433460564,0.14397775046847627,43.22174541469257,-568.6269994299219,-673.8033982046275,-0.002410672583646134,0.41008036103428075,11.0,11.0,27.0,0.05434568192471157,1.0,0.18181818181818177,0.05434568192471157,30.0
2025-08-02 06:00:00+00:00,113697.85,83959475.4686393,-0.0024847110563807062,-0.0018612085029338088,1.330846561731036,40.629636469346714,-548.3280481530237,-648.7083281943068,-0.004425517333202844,0.3349972028543068,13.0,13.0,20.0,0.14035126824791616,1.0,0.30769230769230765,0.14035126824791616,34.0
2025-08-02 07:00:00+00:00,113982.49,39094785.6830626,0.0025034774184384823,-0.0003793879891164087,-0.534361244340249,44.248557361728885,-503.469233925789,-619.6605093406032,-0.0013546033614197928,0.44658718135858416,9.0,9.0,14.0,0.17842409511407217,1.0,0.4444444444444444,0.17842409511407217,33.0
2025-08-02 08:00:00+00:00,113682.01,38763078.1348163,-0.0026361943838918434,-0.0026236815134023095,-0.008484700515701049,41.38098411717329,-486.5558127058757,-593.0395700136577,-0.003091755231398041,0.3599801815838182,10.0,10.0,26.0,-0.041409443318843844,1.0,-0.2,-0.041409443318843844,32.0
2025-08-02 09:00:00+00:00,113690.7,29329958.2373611,7.644129444939196e-05,-6.288597365744497e-05,-0.24335322041885366,41.499061610628715,-467.0665418047138,-567.844964371869,-0.00272636302241247,0.37652958313557316,11.0,12.0,26.0,0.1509072983947893,0.9166666666666666,0.16666666666666669,0.16815217296508225,30.0
2025-08-02 10:00:00+00:00,113550.89,33861422.5190834,-0.0012297399875275117,-0.0037865465125389575,0.15449951360483127,40.09956638449389,-457.6274088559003,-545.8014532686752,-0.0030481115113597523,0.33125473430387836,19.0,19.0,40.0,0.0509621021582892,1.0,0.21052631578947367,0.0509621021582892,40.0
2025-08-02 11:00:00+00:00,113787.12,27145688.4065041,0.0020803888018843253,0.0009245966006405926,-0.19832994638056023,43.56278732808724,-426.17239120248996,-521.8756408554382,-0.0002847402399637211,0.4792492292668627,8.0,8.0,15.0,0.23437381349503994,1.0,0.5,0.23437381349503994,38.0
2025-08-02 12:00:00+00:00,113620.01,39046895.3704612,-0.0014686196469336776,-0.0006217746922131395,0.4384197882823109,41.72498622627086,-410.00219342613127,-499.5009513695768,-0.001140569544726855,0.38389973122416304,9.0,9.0,24.0,-0.14614764394031632,1.0,-0.1111111111111111,-0.14614764394031632,36.0
2025-08-02 13:00:00+00:00,113457.85,51210017.2994241,-0.001427213393133786,-0.0008193683026174181,0.31150035908269014,39.96313832391874,-405.5966858415195,-480.7200982639654,-0.002144137900840448,0.24589879539430878,18.0,18.0,49.0,0.10950412487404214,1.0,0.16666666666666663,0.10950412487404214,35.0
2025-08-02 14:00:00+00:00,113099.89,67069583.2734085,-0.00315500425929105,-0.006039611513148357,0.30969655568077226,36.31757610991812,-426.0781065562478,-469.79169992242186,-0.004969876775384852,-0.02140053158839556,11.0,11.0,21.0,-0.0873772053217346,1.0,-0.09090909090909094,-0.0873772053217346,38.0
2025-08-02 15:00:00+00:00,112840.71,60511720.0690222,-0.002291602582460417,-0.006858827067520834,-0.09777700835941139,33.90583315782787,-457.94454037483956,-467.4222680129054,-0.0070369477739786745,-0.12883235843985452,14.0,15.0,19.0,0.04596893241008123,0.9333333333333333,0.2,0.046456675976514816,43.0
2025-08-02 16:00:00+00:00,113200.25,71717075.413829,0.003186261412215341,-0.002270446690114447,0.1851766125971217,39.871074483160584,-449.01112481534074,-463.7400393733925,-0.0035439207887121293,0.18868320240018382,7.0,8.0,9.0,0.32010040432214737,0.875,0.375,0.2378937772342137,32.0
2025-08-02 17:00:00+00:00,112724.03,62065219.1015874,-0.004206881168548615,-0.003323256989905099,-0.13458240253869103,35.3235566514895,-474.8841339944629,-465.96885829760663,-0.007225496588582736,-0.057095204965905276,9.0,9.0,22.0,-0.07288312332497703,1.0,0.0,-0.07288312332497703,30.0
2025-08-02 18:00:00+00:00,112327.65,137526826.6449431,-0.0035163753460553115,-0.004546763309093094,1.2158437307671672,32.04717141415118,-521.3632821092178,-477.0477430599289,-0.010361990162882195,-0.1578265604813825,7.0,8.0,14.0,0.0078088887967169285,0.875,0.375,-0.008655944573027747,23.0
2025-08-02 19:00:00+00:00,112229.42,113302508.810348,-0.0008744952823280805,-0.008576217808706321,-0.17614249107292856,31.2730347152648,-559.6731185853423,-493.5728181650116,-0.010761795846208622,-0.08098754420099717,9.0,9.0,13.0,0.12995934300124645,1.0,0.1111111111111111,0.12995934300124645,25.0
2025-08-02 20:00:00+00:00,112780.0,58862443.094483,0.004905843761822792,0.000496522347542161,-0.48048420363744804,40.01890995181081,-539.388994814959,-502.7360534950011,-0.0054515944216787515,0.21242091996842696,11.0,12.0,18.0,-0.257998946433266,0.9166666666666666,-0.25,-0.2936531745574691,27.0
2025-08-02 21:00:00+00:00,112859.32,44079978.5246515,0.0007033161908140961,0.004733206828416714,-0.2511357631911989,41.1802154886423,-511.0224705525179,-504.3933369065045,-0.0043943735328212385,0.2718212463030633,8.0,8.0,20.0,0.2685670433565974,1.0,0.25,0.2685670433565974,28.0
2025-08-02 22:00:00+00:00,112862.14,33386407.5408507,2.4986859747055945e-05,0.00563773741323792,-0.24259474123428793,41.223785216036795,-482.74941056853277,-500.0645516389102,-0.0040004253612371254,0.29392496526632306,11.0,11.0,15.0,-0.21074265207756648,1.0,-0.2727272727272727,-0.21074265207756648,30.0
2025-08-02 23:00:00+00:00,112546.35,81742015.6407337,-0.002798015348636773,-0.0020717325766979044,1.4483621228404524,37.843261974834995,-480.2879600332817,-496.1092333177845,-0.006189327761702668,0.1851172062706106,10.0,10.0,12.0,0.2678589068353176,1.0,0.2,0.2678589068353176,29.0
2025-08-03 00:00:00+00:00,112956.04,92333810.6174614,0.0036401891309667533,0.000856996125796039,0.12957589672464098,44.23262990126111,-440.20428271897254,-484.92824319802213,-0.0021003714258565065,0.38782771832862944,9.0,9.0,12.0,0.0034782799581686654,1.0,-0.22222222222222227,0.0034782799581686654,30.0
2025-08-03 01:00:00+00:00,113107.99,54452940.1113957,0.0013452135892866313,0.0021783212687620512,-0.41026001475240736,46.43203318851664,-391.6617516867409,-466.27494489576594,-0.00037247414520324984,0.47885267241749113,9.0,11.0,22.0,0.04522114518013867,0.8181818181818182,0.2727272727272727,0.14278720070918402,28.0
2025-08-03 02:00:00+00:00,113517.58,51062812.1996373,0.0036212295877593448,0.008629600160289463,-0.06225794061483425,51.93488724484161,-316.4926262149238,-436.3184811595976,0.003327331330513106,0.6921465319425999,4.0,4.0,4.0,0.25768293160945177,1.0,0.25,0.25768293160945177,22.0
2025-08-03 03:00:00+00:00,113604.2,40097882.5479983,0.0007630536168934388,0.005738161500704164,-0.21473415151461017,53.033697541312996,-247.0828256177483,-398.4713500512278,0.00426081236082676,0.759946041988139,5.0,5.0,7.0,0.666901308298111,1.0,1.0,0.666901308298111,18.0
2025-08-03 04:00:00+00:00,113468.41,26956322.5998974,-0.0011952903149706762,0.0031865122879470853,-0.3277370053735402,51.06294145839264,-200.71841972971743,-358.92076398692575,0.003155138188722706,0.6970126838833105,0.0,0.0,0.0,0.0,0.0,0.0,0.0,9.0
2025-08-03 05:00:00+00:00,113618.52,23139561.4407068,0.0013229232700096016,0.0008892014787489355,-0.14159057286267696,53.13616126006075,-150.13105420797365,-317.1628220311353,0.004514286062120565,0.7846136372591335,2.0,3.0,3.0,-0.033134765923023224,0.6666666666666666,0.0,-0.4257243387401104,7.0
2025-08-03 06:00:00+00:00,113559.34,16752880.26999,-0.0005208657884295809,-0.0003948797667692183,-0.2760070102055364,52.197291239184345,-113.50709484812978,-276.4316765945342,0.003987318671750062,0.7511550133095489,6.0,6.0,18.0,0.07896088560422261,1.0,0.3333333333333333,0.07896088560422261,8.0
2025-08-03 07:00:00+00:00,113700.0,19929487.6361815,0.0012386475652288453,0.002041008594374283,0.1896155953482137,54.26570591821969,-72.29884070753178,-235.60510941713375,0.005269619810477799,0.8365818205699718,7.0,8.0,10.0,-0.054876111913472414,0.875,0.125,-0.08125418264951025,15.0
2025-08-03 08:00:00+00:00,113692.0,32102540.3102189,-7.036059806508899e-05,0.0006467255514328585,0.6108061028090617,54.12226761272735,-39.827429734621546,-196.4495734806313,0.005166899307269768,0.8267458742312819,10.0,10.0,17.0,0.2840316012501717,1.0,0.39999999999999997,0.2840316012501717,23.0
2025-08-03 09:00:00+00:00,113654.95,26609201.9539443,-0.00032588044893222534,0.000841938672767828,-0.17111849415000835,53.418044005819766,-16.88854729446757,-160.53736824339856,0.004751791610346556,0.7941544648016651,12.0,12.0,15.0,-0.03896115471919378,1.0,-0.08333333333333331,-0.03896115471919378,29.0
2025-08-03 10:00:00+00:00,113899.99,20666364.9026576,0.002155999364743977,0.00175892700087954,-0.22333766572829483,57.36892821039502,20.823324102166225,-124.26522977428561,0.006562056109352898,0.8807622167248395,19.0,19.0,26.0,0.037388527177666366,1.0,0.15789473684210525,0.037388527177666366,41.0
2025-08-03 11:00:00+00:00,113862.18,64110981.9471575,-0.0003319578869147577,0.001496851141681077,2.1021895843382272,56.57161395959498,47.11617691600986,-89.98894843622652,0.005773964817735511,0.8236729857548101,11.0,11.0,19.0,0.07905638234859164,1.0,0.2727272727272727,0.07905638234859164,42.0
2025-08-03 12:00:00+00:00,114009.99,38408933.1459331,0.0012981483403884386,0.0031238410645555437,-0.400899315852141,58.97217684937641,78.97016499620804,-56.19712574973961,0.0067195733860974105,0.8561281265545656,11.0,11.0,15.0,-0.3998723534697836,1.0,-0.5454545454545454,-0.3998723534697836,41.0
2025-08-03 13:00:00+00:00,113939.0,29346222.6378673,-0.0006226647331519786,0.00034249344534620363,-0.23595319540983906,57.333013590029395,97.36402842089592,-25.484894915612507,0.00555333041122541,0.7912619983300023,12.0,13.0,15.0,-0.1291467990153111,0.9230769230769231,-0.38461538461538464,-0.13987272077550492,34.0
2025-08-03 14:00:00+00:00,113792.28,36433731.674498,-0.0012877065798365672,-0.0006139000676079753,0.2415135032569824,53.992702299170766,98.96145385710406,-0.5956251610691936,0.0036098449868822158,0.7047440939813119,10.0,10.0,14.0,-0.3913837606087327,1.0,-0.5,-0.3913837606087327,33.0
2025-08-03 15:00:00+00:00,113959.06,24641535.1900662,0.001465653030240599,-0.00044671523960315707,-0.32366150658912096,57.05557072815802,112.38961961073801,22.001423793292247,0.004314755439893014,0.7790856686099349,14.0,15.0,19.0,0.10193656285603842,0.9333333333333333,0.06666666666666665,0.11154033562966756,36.0
2025-08-03 16:00:00+00:00,113995.16,28092746.4087073,0.0003167804297439236,0.0004928953211806864,0.140056664165648,57.711819541355105,124.50924098910764,42.502987232455325,0.00409525304825209,0.7749599610430505,6.0,7.0,9.0,0.07140821431364332,0.8571428571428571,0.2857142857142857,-0.02478986730178197,30.0
2025-08-03 17:00:00+00:00,114117.42,22694098.5118772,0.0010725016746324645,0.0028573115856365128,-0.19217230733826707,59.94430111096733,142.3386965876707,62.47012910349841,0.0046155079977108215,0.8183870686018788,7.0,7.0,9.0,0.004733741283416748,1.0,0.14285714285714285,0.004733741283416748,27.0
2025-08-03 18:00:00+00:00,114380.4,41344808.434579,0.0023044685027053813,0.003697292694411436,0.821830834696551,64.30896708481345,175.66401141176175,85.10890556515108,0.006258141893567215,0.9338998623324944,13.0,13.0,28.0,-0.10592085853792153,1.0,0.07692307692307693,-0.10592085853792153,26.0
2025-08-03 19:00:00+00:00,114313.19,51278665.803473,-0.0005876006728424699,0.0027898552885929906,0.24026855474763198,62.436471055235465,194.41023799576215,106.96917205127329,0.004885880595796088,0.9046619004609062,14.0,14.0,21.0,-0.22701521111386164,1.0,-0.2857142857142857,-0.22701521111386164,34.0
2025-08-03 20:00:00+00:00,114423.77,22950286.683641,0.0009673424387859342,0.0026845156506343226,-0.5524398631665135,64.27934713434009,215.70314784935908,128.71596721089045,0.005209474487309684,0.9627891499306274,6.0,6.0,7.0,0.2939377777899305,1.0,0.3333333333333333,0.2939377777899305,33.0
2025-08-03 21:00:00+00:00,114435.47,25573798.3682251,0.00010225148148856888,0.0004814636074013112,0.11431280666546728,64.47792099638524,230.86080488168227,149.14493474504883,0.004726409056493797,0.9476740041924545,4.0,4.0,9.0,-0.40041384100914,1.0,-0.25,-0.40041384100914,24.0
2025-08-03 22:00:00+00:00,114324.83,27175873.4860699,-0.0009668330981643658,0.00010182551987214516,0.0626451767069276,61.02323251024002,231.27958683141333,165.57186516232173,0.003399424884735991,0.8215429271920351,7.0,8.0,9.0,0.12980738352052867,0.875,0.125,0.06010713827397142,17.0
2025-08-03 23:00:00+00:00,114208.8,24934547.2720703,-0.0010149151326094286,-0.0018787180321011565,-0.08247485458557502,57.54130003216378,219.71607312443666,176.40070675474473,0.0021151775426131447,0.7032719966281112,4.0,4.0,6.0,0.4909281665459275,1.0,0.5,0.4909281665459275,15.0
2025-08-04 00:00:00+00:00,114899.87,58163919.5393251,0.006050934779106232,0.004058182310082703,1.3326639503286954,68.91712208056846,263.2805444580008,193.77667429539594,0.00754616099004668,1.1378801339556421,12.0,12.0,17.0,0.3816445954144001,1.0,0.6666666666666667,0.3816445954144001,23.0
2025-08-04 01:00:00+00:00,114671.96,48599287.1934962,-0.001983553158066975,0.0030363482718496204,-0.16444270643353354,62.928970964085885,276.23104998192866,210.2675494327025,0.0050834158961019504,0.9148832162359539,7.0,7.0,12.0,0.4747870010989053,1.0,0.8571428571428571,0.4747870010989053,23.0
2025-08-04 02:00:00+00:00,114797.9,40260409.4445396,0.0010982632545915028,0.005158096398876433,-0.17158436327997317,64.75156701157863,293.2760209766566,226.86924374149334,0.005641409868121006,0.9481958084039332,4.0,5.0,6.0,-0.04134203493595123,0.8,0.0,0.17885423824191093,23.0
2025-08-04 03:00:00+00:00,114570.61,27754987.4984941,-0.001979914266724281,-0.00286562552246572,-0.310613382193051,59.10385059772991,285.15677009244973,238.52674901168461,0.003267748340929355,0.7633245131697197,4.0,4.0,7.0,0.8559181392192841,1.0,1.0,0.8559181392192841,15.0
2025-08-04 04:00:00+00:00,114383.55,30839796.9001307,-0.0016327049319192488,-0.0025150873849195676,0.11114432682788888,54.86268761343997,260.62371860093845,242.9461429295354,0.0013265194936280533,0.612554496201018,12.0,14.0,17.0,0.45912809470402344,0.8571428571428571,0.5714285714285715,0.46415953276058036,20.0
2025-08-04 05:00:00+00:00,114391.26,30351156.7978571,6.740479728062354e-05,-0.003542225075545802,-0.0158444656382134,55.00599940576366,239.04763873036427,242.16644208970118,0.0010713813660185867,0.598503396480225,19.0,19.0,30.0,0.0046036035606735635,1.0,-0.05263157894736842,0.0046036035606735635,35.0
2025-08-04 06:00:00+00:00,114423.76,37856324.4340985,0.0002841126148973583,-0.0012817423246678228,0.24727781172318575,55.64529192537789,222.01170562686457,238.13549479713387,0.0011263570068138495,0.6071291294570632,25.0,26.0,34.0,0.45063297995007956,0.9615384615384616,0.6153846153846154,0.4573080787062645,56.0
2025-08-04 07:00:00+00:00,114652.97,40692268.1320345,0.002003167873525724,0.0023554086230057614,0.07491333985350068,59.965586566392744,224.41897506853275,235.39219085141366,0.002784875308374124,0.7718666846211469,13.0,13.0,16.0,-0.10845188280710807,1.0,-0.07692307692307693,-0.10845188280710807,57.0
2025-08-04 08:00:00+00:00,114546.25,47114508.0491384,-0.0009308088573719564,0.001354911205628806,0.15782457483730328,57.17327638012374,215.23425482976018,231.360603647083,0.0016165816403632682,0.6614175676191616,16.0,16.0,27.0,-0.07701848482247442,1.0,0.25,-0.07701848482247442,54.0
2025-08-04 09:00:00+00:00,114325.92,31923286.1303378,-0.0019235025153595542,-0.0008550671643721142,-0.3224319333432667,51.80935659416102,188.0092545876396,222.6903338351943,-0.00047911483055307347,0.4492066905248673,31.0,32.0,52.0,0.026309338165447116,0.96875,0.09375,0.024436690153614167,60.0
2025-08-04 10:00:00+00:00,114251.83,30258366.2664952,-0.0006480595126634459,-0.003498731868873506,-0.05215377442801439,50.106970801966405,158.62625719467178,209.8775185070898,-0.001327483301042709,0.339189197343077,22.0,22.0,36.0,0.010740273039449345,1.0,0.0,0.010740273039449345,69.0
2025-08-04 11:00:00+00:00,114493.09,26794761.5171566,0.002111651078148924,-0.0004640920152340078,-0.11446767214176456,55.26205997561348,153.04349562246352,198.51071393016457,0.0005478395577229733,0.5734376828307013,27.0,29.0,55.0,-0.14407836356810455,0.9310344827586207,-0.103448275862069,-0.10730751569348353,80.0
2025-08-04 12:00:00+00:00,114444.36,25387330.968962,-0.00042561520524941887,0.0010359855402870544,-0.0525263323315428,54.04736671969002,143.03815825821948,187.41620279577558,-7.42707518436303e-05,0.4887333200443375,23.0,24.0,37.0,0.18574918457306921,0.9583333333333334,0.33333333333333337,0.23425800021251905,72.0
2025-08-04 13:00:00+00:00,114913.88,96195003.1547709,0.004102604968912349,0.005794655542935345,2.7890947761455043,62.58164195826666,171.02374114084523,184.1377104647895,0.00367880712657076,1.0332527983090007,26.0,26.0,43.0,0.18693239557055327,1.0,0.3846153846153846,0.18693239557055327,76.0
2025-08-04 14:00:00+00:00,114736.78,159706986.9703216,-0.0015411541234183757,0.0021284253923097296,0.660242026432126,58.1916280358573,176.87314378515293,182.68479712886221,0.0019760414552367767,0.7792946576400381,22.0,23.0,46.0,0.10317819816586764,0.9565217391304348,0.0,0.11478467446497896,71.0
2025-08-04 15:00:00+00:00,114826.0,50252408.5840611,0.0007776059254931411,0.0033347209071727946,-0.6853462109744797,59.72443996994667,186.55762569981744,183.45936284305327,0.002530703343136098,0.8478521947885224,26.0,31.0,32.0,0.11742652628210283,0.8387096774193549,0.12903225806451613,0.0716127767585791,74.0
2025-08-04 16:00:00+00:00,115301.0,70523804.8398123,0.004136693780154355,0.0033687836491118617,0.40339153538962536,66.7200335520912,229.91090781871753,192.74967183818615,0.006292507171266504,1.1808297667937662,18.0,22.0,40.0,0.09935331200672821,0.8181818181818182,0.2727272727272727,0.04968121244261662,66.0
2025-08-04 17:00:00+00:00,115193.41,63094908.1115816,-0.0009331228697062599,0.003979804906499851,-0.10533885324401715,64.00808888368408,252.67440910481673,204.73461929151227,0.0050211048402417635,0.989410371571668,6.0,7.0,11.0,-0.03468678891658783,0.8571428571428571,-0.14285714285714285,0.08415842801332474,50.0
2025-08-04 18:00:00+00:00,114957.64,34377770.1910487,-0.0020467316663340673,0.0011464302509884838,-0.4551419247611461,58.405607368304125,248.8217174161109,213.552038916432,0.0026873024926694633,0.7612877149556122,13.0,15.0,23.0,0.04747129815320174,0.8666666666666667,-0.1333333333333333,0.09041483170137955,37.0
2025-08-04 19:00:00+00:00,114777.62,44277449.1816858,-0.0015659681253025193,-0.004539249442762849,0.28796745500424525,54.484275074659585,228.6070818489825,216.56304750294208,0.000868841580514923,0.589651144337448,15.0,16.0,31.0,0.37728441518265754,0.9375,0.6875,0.3730888765305281,34.0
2025-08-04 20:00:00+00:00,114811.96,41728306.7455128,0.0002991872457367428,-0.0033113873441197317,-0.05757202556346419,55.10351037208918,212.90356871977565,215.83115174630882,0.0012066640890606717,0.6258014034229403,13.0,13.0,16.0,0.10828896411336385,1.0,0.30769230769230765,0.10828896411336385,41.0
2025-08-04 21:00:00+00:00,115111.09,26445008.5370359,0.0026053905882277295,0.0013348395113190747,-0.3662573298668623,60.18494064716005,222.03621719438524,217.07216483592413,0.00362303525932961,0.8569512488519783,10.0,13.0,28.0,0.3122297628567769,0.7692307692307693,0.5384615384615384,0.265090574324131,38.0
2025-08-04 22:00:00+00:00,115325.88,26017737.7017707,0.001865936635644827,0.00477671518193179,-0.01615695584544108,63.38915870985558,243.7953438660188,222.4168006419431,0.005264354701523866,0.969655097370216,7.0,7.0,10.0,0.18206416815519333,1.0,0.14285714285714285,0.18206416815519333,30.0
2025-08-04 23:00:00+00:00,115055.03,21323087.1733036,-0.002348562178758229,0.0021171139313360676,-0.18044038195325474,57.14398289462642,236.4585303595668,225.22514658546785,0.0026917326839790423,0.7358766437768931,1.0,1.0,1.0,0.8598220944404602,1.0,1.0,0.8598220944404602,18.0
2025-08-05 00:00:00+00:00,114886.96,39951486.9516336,-0.0014607792462441038,-0.001947075646664409,0.8736258322693848,53.61414234476272,214.60833709541475,223.10178468745724,0.0010074423243724429,0.5909799694365923,7.0,8.0,9.0,0.21326745487749577,0.875,0.375,0.23366610280105046,15.0
2025-08-05 01:00:00+00:00,114708.11,35552377.1301936,-0.0015567476065169172,-0.005356733458266261,-0.11011129139612974,50.06973748818243,180.77632428622746,214.6366926072113,-0.0006888138733474047,0.4354157364897091,8.0,8.0,12.0,0.19574483204632998,1.0,0.25,0.19574483204632998,16.0
2025-08-05 02:00:00+00:00,114719.27,27330444.5446571,9.729041826256335e-05,-0.0029182557251081764,-0.2312625272686436,50.290569830099344,153.09988890255045,202.32933186627915,-0.0007202185868744326,0.42995311589433305,12.0,12.0,25.0,0.19902948926513395,1.0,0.33333333333333337,0.19902948926513395,27.0
2025-08-05 03:00:00+00:00,114256.85,57620760.4165128,-0.0040308833903841546,-0.005484608523021239,1.1082994212685513,42.00126201911346,92.78313879962661,180.42009325294867,-0.004576465208376179,0.08562109709976591,14.0,15.0,23.0,-0.026014256725708642,0.9333333333333333,0.13333333333333336,0.03454730313803468,34.0
2025-08-05 04:00:00+00:00,114338.06,66003412.4433522,0.0007107670130936938,-0.0032260142722254637,0.14547971887641253,43.75464175117081,50.94735864721588,154.5255463318021,-0.0037786044834364763,0.1691811529403722,14.0,15.0,26.0,0.14382709314425787,0.9333333333333333,0.13333333333333336,0.094294723123312,40.0
2025-08-05 05:00:00+00:00,114405.99,38613468.3147499,0.000594115380303073,-0.0027308402502910223,-0.4149776975866192,45.24575965185814,23.008358714156202,128.22210880827294,-0.003221503937933634,0.21355831232071187,10.0,10.0,22.0,0.08090107291936874,1.0,0.2,0.08090107291936874,38.0
2025-08-05 06:00:00+00:00,114178.63,44568791.2205823,-0.0019873085316599592,-0.0006845979037580774,0.15422916318443058,41.29932115395177,-17.28035472301417,99.12161610201552,-0.005170686959882986,0.04902966555648928,14.0,14.0,32.0,0.17411686400217669,1.0,0.4285714285714286,0.17411686400217669,38.0
2025-08-05 07:00:00+00:00,113969.7,93618927.5702363,-0.0018298520484963943,-0.00322167439258636,1.1005489493060825,38.017725884708085,-65.31543955585221,66.23420497044198,-0.0067646070629915345,-0.026498651081189525,11.0,11.0,23.0,0.26508537612178107,1.0,0.4545454545454546,0.26508537612178107,35.0
2025-08-05 08:00:00+00:00,114281.09,52588188.5127944,0.002732217422700911,-0.001091726053854436,-0.43827397004370894,45.02853232162623,-77.36520186584676,37.51432360318423,-0.003980011024706687,0.19707661954715597,13.0,15.0,20.0,0.2158433588842551,0.8666666666666667,0.6,0.25632614728349906,38.0
2025-08-05 09:00:00+00:00,114694.76,55262398.8179513,0.0036197589644970662,0.004520373033027214,0.05085191904844333,52.685074498041246,-52.9249278709467,19.426473308358048,-0.00027919808077270236,0.4786328469787111,13.0,13.0,25.0,0.015042335368119754,1.0,0.23076923076923078,0.015042335368119754,37.0
2025-08-05 10:00:00+00:00,114841.27,50393119.7398995,0.0012773905276928232,0.007647383471220959,-0.0881119745469694,55.07185123578156,-21.486024565878324,11.243973733510774,0.0009522538155348759,0.5727186354311333,27.0,28.0,44.0,0.03830921709803598,0.9642857142857143,0.17857142857142855,0.04081520141550788,53.0
2025-08-05 11:00:00+00:00,114827.07,24374017.4752184,-0.00012364892864735744,0.004777518310334683,-0.5163225138466688,54.783402660316376,2.2576862807327416,9.446716242955167,0.0008280204515964673,0.5632293480440945,20.0,20.0,37.0,0.2641598385758698,1.0,0.45000000000000007,0.2641598385758698,60.0
2025-08-05 12:00:00+00:00,113937.35,106801399.5860562,-0.007748347144971968,-0.006603701860485978,3.3817725040463085,40.47782051513013,-50.14023469449603,-2.470673944535073,-0.006336232086742166,0.03386553364772988,24.0,25.0,36.0,0.10479590080678464,0.96,0.24,0.07949377247132361,71.0
2025-08-05 13:00:00+00:00,114381.43,72506613.8480316,0.0038975805563319366,-0.004004135447126411,-0.3211080179749074,47.80412936284382,-55.196153011900606,-13.015769758008181,-0.0021100249715400032,0.33849206999114634,28.0,31.0,40.0,0.23922643263734156,0.9032258064516129,0.4838709677419355,0.23218994913622737,72.0
2025-08-05 14:00:00+00:00,113037.12,240684562.4815356,-0.011752869325029391,-0.015588223229940579,2.319484247133542,34.11502600279441,-165.7667311464902,-43.56596203570459,-0.013011242685606383,-0.24337449451756557,22.0,23.0,26.0,0.059238666992472565,0.9565217391304348,0.3043478260869565,0.04962487374855713,74.0
2025-08-05 15:00:00+00:00,112934.0,100999968.6175572,-0.0009122666961083326,-0.008806155312546804,-0.5803637442459338,33.326657071673196,-258.73311878874665,-86.59939338631301,-0.013117314960436,-0.11993405555896963,24.0,25.0,35.0,0.030155785754323004,0.96,0.2,0.03234473763344189,74.0
2025-08-05 16:00:00+00:00,113175.73,57166347.1965632,0.002140453716329871,-0.010541046741590843,-0.43399638654317596,37.001880218631996,-309.3382017701224,-131.1471550630749,-0.010297383757794654,0.052075801485476615,25.0,26.0,40.0,0.048916125956636206,0.9615384615384616,0.1923076923076923,0.04251701340079308,71.0
2025-08-05 17:00:00+00:00,113640.01,40721577.2715492,0.004102292956272402,0.005333557684413792,-0.2876652214364791,43.449534910673684,-308.4242559376289,-166.60257523798572,-0.005597716945664022,0.2541777119784683,7.0,8.0,9.0,-0.16595173627138138,0.875,-0.125,-0.18171893805265427,56.0
2025-08-05 18:00:00+00:00,113644.71,35595868.4520417,4.13586728829074e-05,0.006293144668567452,-0.12587206004637408,43.51256219926281,-303.81846640005824,-194.04575347040026,-0.00482458803139918,0.2770372535147122,14.0,14.0,29.0,0.008889146415250642,1.0,0.07142857142857145,0.008889146415250642,46.0
2025-08-05 19:00:00+00:00,113616.52,29102399.7380686,-0.0002480537809459449,0.0038947396230624154,-0.18242197750342148,43.201552666890095,-298.9963980569446,-215.03588238770914,-0.004444399892409634,0.2875656160976505,13.0,13.0,26.0,0.17051317198918417,1.0,0.3076923076923077,0.17051317198918417,34.0
2025-08-05 20:00:00+00:00,113690.71,27583113.6524769,0.0006529860270318988,0.00044614568407741473,-0.05220483875095483,44.329322639870384,-285.8927673259459,-229.2072593753565,-0.003271928610483643,0.3383066486292817,14.0,15.0,22.0,0.10168414662281672,0.9333333333333333,0.1333333333333333,0.044857997447252274,41.0
2025-08-05 21:00:00+00:00,113606.53,20858479.7441289,-0.0007404298908856299,-0.0003359593244596226,-0.24379531597021653,43.27926727855135,-279.0835664133192,-239.18252078294904,-0.0035287614539364354,0.3221032841786312,6.0,6.0,6.0,0.28995688756306964,1.0,0.6666666666666667,0.28995688756306964,33.0
2025-08-05 22:00:00+00:00,113961.25,30502465.0567788,0.003122355730784232,0.003034153836079412,0.46235322185282546,48.784594699398696,-242.27153075340902,-239.80032277704106,-8.501289964812919e-05,0.49552572765830866,11.0,13.0,14.0,0.2362487937968511,0.8461538461538461,0.38461538461538464,0.23797133564949036,31.0
2025-08-05 23:00:00+00:00,114129.75,23461558.3640473,0.0014785727604778032,0.003861705147236716,-0.230830743666953,51.20727074272442,-197.22766770643648,-231.28579176292016,0.0014492748027754576,0.5766475774664805,3.0,4.0,6.0,0.7131631746888161,0.75,1.0,0.6403634250164032,20.0
2025-08-06 00:00:00+00:00,113879.7,33648272.5503805,-0.0021909274312789107,0.0024045272749726454,0.4341874494553357,47.60821736262401,-179.63629161314748,-220.95589173296565,-0.0005438396872308182,0.4708834622246629,6.0,7.0,8.0,-0.29014355476413456,0.8571428571428571,-0.42857142857142855,-0.20741583531101546,20.0
2025-08-06 01:00:00+00:00,113821.21,33274561.395588,-0.0005136121714405251,-0.0012288387500136722,-0.01110639942163305,46.779977529648505,-168.47260616555286,-210.4592346194831,-0.0008007642572657181,0.45628847309249704,8.0,9.0,13.0,0.1012173771030373,0.8888888888888888,0.33333333333333337,0.10816530790179968,17.0
2025-08-06 02:00:00+00:00,113623.22,23502465.1452112,-0.001739482474312215,-0.004438194248213123,-0.29368069301350785,43.990158467164065,-173.60028729733313,-203.08744515505313,-0.002295625311035665,0.3746881772338458,5.0,5.0,7.0,0.12275006771087646,1.0,0.19999999999999996,0.12275006771087646,19.0
2025-08-06 03:00:00+00:00,113509.97,30299316.9786007,-0.0009967152840766325,-0.0032466717070732676,0.28919740084262635,42.43138545020237,-184.67353847125196,-199.4046638182929,-0.0030888357776590603,0.3332907204300805,9.0,11.0,13.0,-0.4161678647453135,0.8181818181818182,-0.45454545454545453,-0.4717821445729997,22.0
2025-08-06 04:00:00+00:00,113429.21,28245350.37348,-0.0007114793528708585,-0.0034439978278213434,-0.06778920483822592,41.30730600155942,-197.68701402378792,-199.06113385939193,-0.003425313345541414,0.3147800840709045,9.0,9.0,17.0,-0.30498042040401036,1.0,-0.3333333333333333,-0.30498042040401036,23.0
2025-08-06 05:00:00+00:00,114148.01,68738597.6928574,0.006336992032299094,0.004618686215722478,1.4336252439409334,53.192836280253005,-148.28974257323716,-188.906855602161,0.0031309083128208126,0.6805980738081528,13.0,13.0,18.0,0.02731979151184742,1.0,0.15384615384615385,0.02731979151184742,31.0
2025-08-06 06:00:00+00:00,114084.93,30297282.3719342,-0.0005526158537498826,0.005065281930741294,-0.5592391554551253,52.19393434808319,-112.93028781769681,-173.71154204526815,0.0029098645183847083,0.6893381288665319,14.0,15.0,22.0,0.30215279857317606,0.9333333333333333,0.4666666666666667,0.25934790074825287,36.0
2025-08-06 07:00:00+00:00,114227.91,36509189.4539288,0.0012532768350737022,0.00704139612715271,0.20503182449621216,54.28928176970692,-72.53424448707665,-153.47608253362984,0.0044313131946021045,0.8322637723135532,14.0,14.0,16.0,-0.004612770729831287,1.0,0.0714285714285714,-0.004612770729831287,41.0
2025-08-06 08:00:00+00:00,113948.22,43593516.6224624,-0.00244852593381073,-0.001750271423917038,0.19404230207502593,49.70028020991648,-62.36977470398415,-135.2548209677007,0.0019671485584016324,0.6473775311462383,13.0,13.0,19.0,0.23732994238917643,1.0,0.46153846153846156,0.23732994238917643,41.0
2025-08-06 09:00:00+00:00,114093.15,38906344.8686331,0.0012718934968882767,7.20515847272285e-05,-0.10751992766314578,51.9660632800094,-42.13402459240751,-116.63066169264208,0.003368715915129883,0.7666068480489602,13.0,15.0,20.0,0.014387100686629612,0.8666666666666667,0.2,-0.020670943821852025,40.0
2025-08-06 10:00:00+00:00,114067.2,38320986.0607197,-0.00022744573184274586,-0.0014069241046256176,-0.015045330263993129,51.518576336449975,-27.86973006518383,-98.87847536715043,0.0026863459028270142,0.7302511315327781,20.0,21.0,28.0,0.14236005697221982,0.9523809523809523,0.42857142857142855,0.11021479945629835,46.0
2025-08-06 11:00:00+00:00,114226.69,25241111.5728067,0.0013982108792010006,0.0024438293112432063,-0.3413240584985967,54.13280465442713,-3.653547970461659,-79.83348988781268,0.0035181565331889875,0.8485686941685985,18.0,18.0,23.0,-0.06654161194132434,1.0,0.0,-0.06654161194132434,51.0
2025-08-06 12:00:00+00:00,113914.31,34926246.1755011,-0.002734737389308961,-0.0015674911245766587,0.38370475780189484,48.6046473479063,-9.55832213589747,-65.77845633742963,0.00044921904306360894,0.5520484332851128,18.0,18.0,28.0,0.17141835308737224,1.0,0.2222222222222222,0.17141835308737224,56.0
2025-08-06 13:00:00+00:00,114270.09,76541641.9398857,0.003123224816969916,0.001778688352129354,1.1915221451303744,54.325686102577606,14.305667587890639,-49.761631552365586,0.0032962518626147297,0.8676911207342322,22.0,24.0,29.0,0.12976771655182043,0.9166666666666666,0.25,0.16782235294919123,58.0
2025-08-06 14:00:00+00:00,115187.96,119325685.7842976,0.008032460637775074,0.008415458768874506,0.558964280881427,65.11462556344829,106.05989694314485,-18.597325853263502,0.010670470343517424,1.3134065825176695,23.0,28.0,35.0,0.026141651706503972,0.8214285714285714,0.0714285714285714,-0.027756467218632282,63.0
2025-08-06 15:00:00+00:00,115413.87,171667739.8699482,0.0019612292812547505,0.013163929975083866,0.43864867602997215,67.17011410753759,194.75976442154206,24.07409220169761,0.011854773032501154,1.2059516665018737,25.0,28.0,38.0,0.10520149607743536,0.8928571428571429,0.25,0.13700252771377563,70.0
2025-08-06 16:00:00+00:00,115132.49,74006768.7366839,-0.002438008533982905,0.007547031773581514,-0.5688953044249907,62.250227766932326,239.58821028728562,67.17691581881522,0.008750314493867428,0.9765066588172393,27.0,28.0,41.0,0.3079713341513915,0.9642857142857143,0.4285714285714286,0.3189809494824321,75.0
2025-08-06 17:00:00+00:00,115500.0,45317164.859234,0.0031920615979033062,0.0027089636798844907,-0.38766189048906485,65.77611862248517,301.29689909618173,114.00091247428853,0.011131578184584878,1.0411950726385288,16.0,18.0,25.0,0.20138720402287114,0.8888888888888888,0.33333333333333337,0.23951111058704555,68.0
2025-08-06 18:00:00+00:00,115423.22,55381935.2274378,-0.0006647619047619457,8.101279334971068e-05,0.22209620569749666,64.42231861957103,340.08567922742805,159.21786582491643,0.009813204160638245,0.9392929416034522,17.0,17.0,23.0,-0.04690807049765306,1.0,0.1764705882352941,-0.04690807049765306,60.0
2025-08-06 19:00:00+00:00,115259.99,24591331.3225258,-0.0014141868507913102,0.0011074198082574593,-0.5559683636634181,61.52322705974302,353.5789322735218,198.0900791146375,0.007886828797627254,0.8366011883332347,13.0,13.0,22.0,0.20844861779075402,1.0,0.3846153846153846,0.20844861779075402,46.0
2025-08-06 20:00:00+00:00,115045.64,24233196.0936566,-0.0018597086465130808,-0.003933852813852834,-0.014563474590785774,57.84212379014467,343.02203443473263,227.07647017865656,0.00549987322836154,0.7325793893508177,11.0,11.0,15.0,0.01813600178469311,1.0,0.18181818181818177,0.01813600178469311,41.0
2025-08-06 21:00:00+00:00,115048.78,21363539.0719869,2.7293515860282724e-05,-0.0032440612902672195,-0.1184184294378271,57.88187942756685,331.09236194640107,247.87964853220547,0.004988192333596375,0.711396771760326,13.0,15.0,19.0,0.22017592241366704,0.8666666666666667,0.4666666666666667,0.2950002992382416,37.0
2025-08-06 22:00:00+00:00,115106.67,19025770.4996519,0.0005031778694220002,-0.001330210075499827,-0.10942796343141548,58.655969318603,322.5906258151226,262.8218439887889,0.004842821681144249,0.7105662143791349,15.0,15.0,24.0,0.10458543052275976,1.0,0.26666666666666666,0.10458543052275976,39.0
2025-08-06 23:00:00+00:00,114992.27,21070718.1915062,-0.0009938607380440834,-0.00046390284760022826,0.10748304211341742,56.448072921105464,303.1275490648113,270.8829850039934,0.0031950814173924424,0.647805162298032,4.0,4.0,7.0,0.26605742797255516,1.0,0.0,0.26605742797255516,32.0
2025-08-07 00:00:00+00:00,114890.65,18775575.9530583,-0.000883711574699797,-0.0013744604679858385,-0.10892567674191067,54.486112914442806,276.31781600897375,271.96995120498946,0.0016699999897558104,0.5859688993985704,6.0,6.0,10.0,0.05999834214647611,1.0,0.16666666666666669,0.05999834214647611,25.0
2025-08-07 01:00:00+00:00,114763.46,46479585.5371831,-0.0011070526626839605,-0.0029816690900709153,1.4755344737966438,52.04773334295988,242.0179075918859,265.97954248236874,0.00029273107810845467,0.5154757430029234,4.0,4.0,6.0,0.3253580927848816,1.0,0.5,0.3253580927848816,14.0
2025-08-07 02:00:00+00:00,114565.28,51854554.9383565,-0.0017268562659230602,-0.0037132061137674643,0.11564150882699864,48.41224896112846,196.57749036949826,252.09913205979464,-0.0016436261628336446,0.4099731951910744,8.0,8.0,10.0,0.45401482097804546,1.0,0.75,0.45401482097804546,18.0
2025-08-07 03:00:00+00:00,114546.03,19783846.9619826,-0.00016802647364022594,-0.0029995478309157164,-0.6184742693192298,48.061085251082275,157.20021202866337,233.1193480535684,-0.0019497158915025015,0.3907928004824594,6.0,7.0,9.0,0.3127113048519407,0.8571428571428571,0.42857142857142855,0.34459248433510464,18.0
2025-08-07 04:00:00+00:00,114349.58,30913785.9142614,-0.0017150310665502433,-0.003606374363408049,0.5625770849151086,44.512597644520575,108.88638755047577,208.2727559529499,-0.003835586828563886,0.273939661253709,11.0,11.0,18.0,-0.08961454372514378,1.0,0.0,-0.08961454372514378,25.0
2025-08-07 05:00:00+00:00,114568.73,46265367.0169458,0.0019164915166280938,3.011383553541691e-05,0.49659336922567876,49.03334250535332,87.27485683337727,184.0731761290354,-0.0021331567248251693,0.3678559731417688,14.0,16.0,30.0,0.011192378820851445,0.875,-0.125,0.07578546793333121,31.0
2025-08-07 06:00:00+00:00,114650.01,44389403.6626964,0.0007094431438665616,0.0009077573443618814,-0.04054789738428499,50.63962152844403,75.83203525347926,162.42494795392417,-0.0016786078317535535,0.3886482784711444,12.0,13.0,19.0,0.2614014624403073,0.9230769230769231,0.6153846153846154,0.2747615532328685,37.0
2025-08-07 07:00:00+00:00,114787.99,26327417.578908,0.0012034887742269351,0.003833944995687899,-0.4068985972651663,53.32869055412097,77.0096304800245,145.34188445914424,-0.0007213405252824989,0.4494158639177396,19.0,19.0,26.0,0.24303618377368702,1.0,0.4736842105263158,0.24303618377368702,45.0
2025-08-07 08:00:00+00:00,114948.74,34798944.4286654,0.0014004078301224077,0.0033168736355897455,0.32177583784534547,56.314617231462385,89.8780070195644,134.24910897122828,0.00022769678254452863,0.5189173578103866,5.0,5.0,7.0,0.3793356969952583,1.0,0.8,0.3793356969952583,36.0
2025-08-07 09:00:00+00:00,115062.19,24941637.5637719,0.0009869616665654224,0.0035951152555504517,-0.28326453651776884,58.34035364110322,107.98596006885055,128.99647919075272,0.0008699600353341275,0.5799895035396795,18.0,21.0,22.0,0.13598578254736604,0.8571428571428571,0.3333333333333333,0.12608224743356308,42.0
2025-08-07 10:00:00+00:00,116347.22,221625160.7999293,0.011168134380199035,0.013583563925110953,7.88575019315665,73.39130194063488,223.45200920925708,147.8875851944536,0.011537801068848497,1.2657511215598198,21.0,22.0,32.0,0.13958035815845837,0.9545454545454546,0.2272727272727273,0.1432823439439138,44.0
2025-08-07 11:00:00+00:00,116519.53,147617845.4971608,0.0014809979989207633,0.013665134563458414,-0.3339301144132192,74.71067445105844,325.1159279465064,183.33325374486418,0.012549217340051655,1.171201714732359,19.0,21.0,31.0,0.139772406291394,0.9047619047619048,0.23809523809523808,0.1536664801992868,58.0
2025-08-07 12:00:00+00:00,116390.0,92735232.0734776,-0.0011116591355972982,0.011539933317799678,-0.3717884733979455,71.82744764877332,390.72924401758064,224.81245179940748,0.010871282717143549,1.013333531421871,11.0,12.0,17.0,-0.18290391595413288,0.9166666666666666,-0.16666666666666669,-0.197915450415828,51.0
2025-08-07 13:00:00+00:00,116640.0,77929083.5399336,0.002147950854884506,0.0025164331386688943,-0.1596604462240686,73.9194725351032,457.6259532582626,271.3751520911785,0.012541319068931855,1.0242853526056017,28.0,29.0,44.0,0.2615128758138624,0.9655172413793104,0.3448275862068966,0.27021175124017255,58.0
2025-08-07 14:00:00+00:00,116363.16,92376762.8302964,-0.0023734567901234627,-0.0013420067863301188,0.1853952161898489,67.9060383569747,482.738691800012,313.64786003294523,0.009726151238777847,0.8820483236143692,23.0,26.0,33.0,0.25895983682802093,0.8846153846153846,0.34615384615384615,0.2838201074172621,62.0
2025-08-07 15:00:00+00:00,116689.81,56791035.8471209,0.0028071599293109095,0.0025759085832115503,-0.38522379322329536,70.91283214826615,522.9701685287291,355.512321732102,0.01193285760357532,0.9308166289258883,18.0,19.0,32.0,0.3181743642413302,0.9473684210526315,0.4736842105263158,0.335539819051822,69.0
2025-08-07 16:00:00+00:00,116259.24,89343872.9808844,-0.0036898680356064473,-0.0032644032921810284,0.5732037926090021,62.58898642887973,514.1833178913657,387.24652096395477,0.007668707149910192,0.7692250199330508,14.0,15.0,22.0,0.18423313821355503,0.9333333333333333,0.4666666666666667,0.19009237763072764,55.0
2025-08-07 17:00:00+00:00,116511.54,58774794.8001743,0.0021701500887154612,0.0012751458451281117,-0.34215080632614303,65.16900725117807,521.5658899801201,414.11039476718787,0.00921573903590267,0.8115221314269372,14.0,16.0,22.0,0.2113088071346283,0.875,0.5,0.28414743712970186,46.0
2025-08-07 18:00:00+00:00,116561.05,49100749.7466286,0.0004249364483552842,-0.0011034382522346897,-0.16459513106657442,65.66934830985491,525.3557012749661,436.35945606874355,0.009009029441434224,0.794617126803271,11.0,11.0,17.0,0.30140212330628524,1.0,0.5454545454545454,0.30140212330628524,39.0
2025-08-07 19:00:00+00:00,117461.98,121885666.2108911,0.007729254326380941,0.010345328250898511,1.482358555416155,73.21063587028233,594.2070269187825,467.9289702387514,0.015722160207805924,0.9690228109956694,14.0,16.0,20.0,0.33675592904910445,0.875,0.5625,0.3273127137550286,39.0
2025-08-07 20:00:00+00:00,117182.19,59940895.6398388,-0.00238196223152376,0.005756082187223788,-0.5082203059371491,68.20020626452649,619.0593529711332,498.1550467852278,0.012299787022342468,0.8531287640312029,15.0,16.0,21.0,0.03810313832946122,0.9375,0.25,0.038822007924318315,40.0
2025-08-07 21:00:00+00:00,117105.78,39591066.2081354,-0.0006520615462127788,0.004673344998179063,-0.33949825431334046,66.85454904904597,625.3803565395501,523.6001087360924,0.010617235511017453,0.8010743989392125,14.0,15.0,16.0,0.1859663346161445,0.9333333333333333,0.4,0.1996568027617676,43.0
2025-08-07 22:00:00+00:00,117554.23,79480280.7066991,0.0038294437729717856,0.0007853605055865298,1.0075306961641521,70.52974998620118,658.9796572664782,550.6760184421696,0.013180613307741229,0.868511124940509,8.0,9.0,13.0,-0.05971734391318427,0.8888888888888888,0.2222222222222222,0.04032425582408905,37.0
2025-08-07 23:00:00+00:00,117472.01,32731731.3999273,-0.0006994218753336723,0.002473242734241321,-0.5881779592511119,69.01872305816747,671.2352956449322,574.7878738827221,0.011196927046897898,0.8173103071543086,4.0,4.0,5.0,0.6814900115132332,1.0,1.0,0.6814900115132332,26.0
2025-08-08 00:00:00+00:00,117264.12,94572802.414452,-0.001769698160438371,0.0013521108864138487,1.8893308838120935,65.21434385570862,656.6040687831119,591.1511128628001,0.008142783904560913,0.7464860620385008,14.0,15.0,22.0,0.16970797292888165,0.9333333333333333,0.3333333333333333,0.2362672251516155,26.0
2025-08-08 01:00:00+00:00,116888.02,77096404.7769214,-0.003207289663709534,-0.005667256720578995,-0.18479306091557635,58.89003450380972,607.6559102015308,594.4520723305462,0.0039085116123129815,0.6294109737126984,9.0,9.0,16.0,0.37493524452050525,1.0,0.5555555555555556,0.37493524452050525,27.0
2025-08-08 02:00:00+00:00,116700.0,37433164.0665192,-0.0016085480787509931,-0.006571863374092213,-0.514462909459499,55.96793719123011,547.3826131908863,585.0381805026143,0.0014121026187396968,0.5528044516425665,8.0,8.0,11.0,0.034298376413062215,1.0,0.25,0.034298376413062215,31.0
2025-08-08 03:00:00+00:00,116737.35,70992201.9608823,0.00032005141388169456,-0.004492166913459883,0.8965055113889993,56.43043252549911,496.90145327437494,567.4108350569664,0.0008954762578670117,0.5390598524322905,8.0,9.0,15.0,0.1848905069960488,0.8888888888888888,0.33333333333333337,0.1961920177564025,25.0
2025-08-08 04:00:00+00:00,116750.01,38047849.9414823,0.00010844858136649371,-0.001180702693056257,-0.4640559259952636,56.596845583397496,452.69790686373017,544.4682494183193,0.0002316467757164098,0.5123907700236743,14.0,15.0,21.0,0.48488992378115653,0.9333333333333333,0.6,0.5192840998726231,30.0
2025-08-08 05:00:00+00:00,116530.63,40391033.3176529,-0.001879057654898597,-0.001451328191945156,0.06158517182375434,52.83117414005199,395.40614934128826,514.655829402913,-0.0022754426916441473,0.33186795524139506,5.0,7.0,9.0,0.01794592131461416,0.7142857142857143,0.2857142857142857,0.014274027198553085,27.0
2025-08-08 06:00:00+00:00,116740.01,39220625.8166307,0.001796780812049148,2.2786194820989536e-05,-0.028976914054602232,55.850427431595314,362.716069808419,484.26787748401426,-0.0006507925157843708,0.4502333171071564,19.0,19.0,27.0,0.32653743342349406,1.0,0.4210526315789474,0.32653743342349406,38.0
2025-08-08 07:00:00+00:00,116817.19,52291349.1277281,0.0006611272347845087,0.0005754175096002179,0.3332614673770715,56.94445394309995,339.1274767862633,455.23979734446414,-0.00011748602570227362,0.49086889686411417,12.0,12.0,21.0,0.2782253889987866,1.0,0.5833333333333334,0.2782253889987866,36.0
2025-08-08 08:00:00+00:00,116620.63,39129728.1879562,-0.0016826290719713644,0.0007723291292598411,-0.2516978651214947,53.320594234106935,301.10168479697313,424.4121748349659,-0.0018984325024514748,0.3482755829798613,13.0,13.0,17.0,0.07384229709322636,1.0,0.15384615384615385,0.07384229709322636,44.0
2025-08-08 09:00:00+00:00,116685.17,26949275.3277942,0.0005534183788922231,-0.00046976182373115183,-0.3112838607427648,54.347898794514165,273.02652942306304,394.13504575258537,-0.0013653678070787434,0.39054102310399486,14.0,15.0,22.0,0.2704737648367882,0.9333333333333333,0.4,0.2867588765387024,39.0
2025-08-08 10:00:00+00:00,116544.39,38661989.3136061,-0.0012064943642795534,-0.0023352727453895827,0.4346207400141837,51.676354090448015,236.68859823925595,362.64575624991954,-0.0026475611922397446,0.28176145708411887,18.0,19.0,28.0,0.3893218250258973,0.9473684210526315,0.631578947368421,0.36862226554916966,45.0
2025-08-08 11:00:00+00:00,116891.51,24578119.2945996,0.0029784359418758566,0.0023227451266554233,-0.3642820834894298,57.25567692022699,233.21188750276633,336.7589825004889,0.00023666428419333307,0.5196175701354594,15.0,15.0,20.0,0.12619107365608215,1.0,0.13333333333333333,0.12619107365608215,47.0
2025-08-08 12:00:00+00:00,116500.48,34175234.5474814,-0.003345238674733464,-0.0015828061098080992,0.3904739470847356,50.221310837192384,196.6370071536512,308.73458743112144,-0.0032122486622340185,0.2200500559341154,19.0,19.0,28.0,0.24349623291116013,1.0,0.47368421052631576,0.24349623291116013,52.0
2025-08-08 13:00:00+00:00,116917.97,71566675.9109596,0.0035835903852070583,0.0032054738971134533,1.0941092828939727,56.3827899198532,199.0446421262459,286.79659837014634,0.00018592557591001757,0.5167329200926137,16.0,19.0,29.0,0.07519954295926973,0.8421052631578947,0.15789473684210525,0.16542160010430962,50.0
2025-08-08 14:00:00+00:00,116491.53,84742433.8517126,-0.0036473435178527858,-0.003421805398869382,0.18410465168377743,49.625905265671925,164.64464511473489,262.36620771906405,-0.003432462369782452,0.19477728198512947,18.0,19.0,31.0,0.2503622237004732,0.9473684210526315,0.31578947368421056,0.292441768778695,53.0
2025-08-08 15:00:00+00:00,116207.69,105622496.5967011,-0.002436571997981307,-0.002513208529269506,0.2463944188991043,45.700194168669896,113.17428113003552,232.52782240125836,-0.005327015814609148,0.03370228503749327,0.0,2.0,0.0,0.34942127112299204,0.0,0.5,0.0,34.0
2025-08-08 16:00:00+00:00,116193.63,39968432.0112541,-0.00012099027181422528,-0.0061952837532159855,-0.621591675077841,45.508152485391705,70.43716654225136,200.10969122945698,-0.005026412024238591,0.08147845186358592,0.0,1.0,0.0,0.03644835576415062,0.0,0.0,0.0,18.0
2025-08-08 17:00:00+00:00,116708.86,52493516.98506,0.004434236196941166,0.001865629200680896,0.31337443936452525,53.259409825880795,77.25193811544159,175.5381406066539,-0.0004445970965513135,0.4621428001336762,0.0,1.0,0.0,0.022275837138295174,0.0,0.0,0.0,0.0
2025-08-08 18:00:00+00:00,116497.99,66677881.8038327,-0.0018068036993934555,0.0024981135069461757,0.2702117448676504,50.11726414136008,64.88924418429087,153.40836132218132,-0.0017991017999076098,0.3217310201404277,5.0,8.0,7.0,0.1967928484082222,0.625,0.25,-0.17941997051239014,5.0
2025-08-08 19:00:00+00:00,116453.41,37782106.6614273,-0.00038266754645299716,0.002235750789436608,-0.43336372363203135,49.45301245006518,50.90765498827386,132.90822005539982,-0.001745454181995787,0.2889228577403429,16.0,16.0,27.0,0.3393657098058611,1.0,0.5625,0.3393657098058611,21.0
2025-08-08 20:00:00+00:00,116888.52,29007134.9407604,0.003736344002292391,0.0015393861271544296,-0.2322520498737961,55.63376769949725,74.08290385191503,121.14315681470288,0.0021456983542951225,0.8050796076037617,12.0,13.0,21.0,0.34739521088508457,0.9230769230769231,0.46153846153846156,0.37276887117574614,33.0
2025-08-08 21:00:00+00:00,116931.44,30140539.8975608,0.0003671874705917233,0.003720665051817562,0.03907331624150712,56.20267199918122,94.81971815986617,115.87846908373554,0.002495014153348185,0.8499027106071482,7.0,9.0,11.0,-0.04364222122563256,0.7777777777777778,0.0,0.07841115977082934,35.0
2025-08-08 22:00:00+00:00,116888.9,24592164.6695374,-0.00036380292588555907,0.003739607109830345,-0.18408347185819385,55.44381106203849,106.5924391343724,114.02126309386293,0.0020491622427116774,0.7784601372971933,4.0,5.0,5.0,0.4004406541585922,0.8,1.0,0.4683360122144222,23.0
2025-08-08 23:00:00+00:00,116674.74,16066617.3017423,-0.001832167126219808,-0.0018289221216933882,-0.3466773861658382,51.661982330583854,97.51736366843397,110.72048320877714,0.00024008387375795692,0.5327528728561656,6.0,6.0,9.0,-0.05406648510446151,1.0,0.0,-0.05406648510446151,17.0
2025-08-09 00:00:00+00:00,116586.0,17923324.494408,-0.0007605759395735712,-0.002954209748892156,0.11556304340829437,50.13594984477799,82.21697846100142,105.019782259222,-0.000450404321566622,0.43827730288027206,7.0,7.0,9.0,0.37631590717605184,1.0,0.7142857142857143,0.37631590717605184,17.0
2025-08-09 01:00:00+00:00,116563.26,19018435.5219333,-0.00019504914826828923,-0.002785893271302964,0.06109977129895561,49.73056100349758,67.47853445561486,97.51153269850059,-0.0006593440547745244,0.4093408965652148,6.0,6.0,12.0,0.19805162431051335,1.0,0.33333333333333337,0.19805162431051335,19.0
2025-08-09 02:00:00+00:00,116404.0,20161007.4462011,-0.0013662967216255817,-0.0023204679950433738,0.06007707221501546,46.87206515368212,42.457832919142675,86.500792742629,-0.0018809738431018186,0.24699169481575156,6.0,6.0,9.0,0.37422439455986023,1.0,0.3333333333333333,0.37422439455986023,19.0
2025-08-09 03:00:00+00:00,116384.01,56100665.504753,-0.00017172949383181813,-0.0017325407853430175,1.7826320512234095,46.51069044032803,20.77622535728733,73.35587926556067,-0.0018670095535866515,0.2502869148372497,1.0,1.0,2.0,0.4709824323654175,1.0,1.0,0.4709824323654175,13.0
2025-08-09 04:00:00+00:00,116434.76,43966055.2667156,0.0004360564651451071,-0.0011024056808294214,-0.21630064686147654,47.61491962654402,7.600877833247068,60.204878979097955,-0.0013521720319831232,0.32156634558842706,1.0,1.0,2.0,0.9326115250587463,1.0,1.0,0.9326115250587463,8.0
2025-08-09 05:00:00+00:00,116739.23,118239851.2245501,0.002614940761676232,0.0028798838527885895,1.6893440975602672,53.77970657363135,21.47989754709124,52.45988269269661,0.0012360208981652132,0.6620502314469471,5.0,6.0,11.0,0.14049934099117914,0.8333333333333334,0.3333333333333333,0.1394133448600769,7.0
2025-08-09 06:00:00+00:00,116650.75,45293638.5302171,-0.0007579285900720656,0.0022918955963109333,-0.6169342395044151,51.86938344688818,25.050754615818732,46.97805707732104,0.0004315249804300869,0.5565795084625901,9.0,9.0,18.0,0.22057228804462486,1.0,0.4444444444444445,0.22057228804462486,15.0
2025-08-09 07:00:00+00:00,116756.01,28342350.5441658,0.0009023516779789187,0.002759055800862109,-0.374253174090716,53.96438933809536,35.9597650871292,44.77439867928267,0.0013924513682173068,0.6885130382755615,10.0,11.0,20.0,0.3832980983636596,0.9090909090909091,0.6363636363636364,0.4150192879140377,24.0
2025-08-09 08:00:00+00:00,117106.65,43639136.3632199,0.0030031858745429574,0.0031473567197590757,0.5397147916584111,60.18203117392678,72.06819477165118,50.23315789775638,0.004138793340228375,1.0003618043441418,6.0,6.0,8.0,0.23989948071539402,1.0,0.5,0.23989948071539402,25.0
2025-08-09 09:00:00+00:00,117510.87,90923500.5905059,0.003451725414397977,0.007373463093893529,1.083531164176255,65.89983551431149,131.7824551253725,66.54301734327962,0.007348743700500426,1.2054606674577435,7.0,7.0,17.0,0.37604236443127903,1.0,0.7142857142857143,0.37604236443127903,23.0
2025-08-09 10:00:00+00:00,117424.16,102087814.5713702,-0.0007378891842090285,0.005722617619427162,0.12278799109534133,63.78392404094196,170.1483006432245,87.2640740032686,0.00620320896672677,1.0257605524536817,11.0,12.0,19.0,0.33008535858243704,0.9166666666666666,0.33333333333333337,0.27830410172993486,24.0
2025-08-09 11:00:00+00:00,117110.0,39579753.6165219,-0.0026754289747527027,2.860640279611637e-05,-0.612296983898588,56.6827455873685,173.20680296470528,104.45261979555595,0.003123383246766309,0.7715231215020649,9.0,9.0,21.0,-0.2029256692363156,1.0,-0.1111111111111111,-0.2029256692363156,27.0
2025-08-09 12:00:00+00:00,117116.64,35329656.8443638,5.669883015957389e-05,-0.003354838577911967,-0.10738057678014368,56.792237701721774,174.15888537651335,118.39387291174745,0.0027838496137260194,0.754180291470473,7.0,8.0,11.0,0.26951479143463075,0.875,0.25,0.3091888850820916,27.0
2025-08-09 13:00:00+00:00,116968.32,35800568.0261234,-0.0012664297746246556,-0.0038819949829744793,0.013329061865335445,53.53693240850669,161.08830737578683,126.93275980455533,0.001402660204403272,0.6274300182380909,14.0,14.0,22.0,0.032532229620431154,1.0,0.2142857142857143,0.032532229620431154,30.0
2025-08-09 14:00:00+00:00,116972.87,41736943.5373424,3.8899421655358424e-05,-0.0011709503885236616,0.1658179140310645,53.62475077676282,149.37502481252886,131.42121280615004,0.0012380826424764901,0.6146537928850391,6.0,7.0,9.0,0.20582054103059427,0.8571428571428571,0.2857142857142857,0.08994236309081316,27.0
2025-08-09 15:00:00+00:00,116892.47,48851704.0489625,-0.0006873388675510128,-0.0019140747207228026,0.17046673542959523,51.762980492881255,132.0819968805008,131.5533696210202,0.0003619164300818767,0.534824079111425,10.0,11.0,18.0,0.30266832052306697,0.9090909090909091,0.36363636363636365,0.27932942323386667,30.0
2025-08-09 16:00:00+00:00,116648.51,33690564.9326516,-0.002087046325567443,-0.0027341591295831913,-0.31035026129519205,46.48878457148067,97.56692374990962,124.7560804467981,-0.0016233520653239353,0.34533122003333466,7.0,8.0,13.0,0.24975496623665094,0.875,0.5,0.23644001675503595,23.0
2025-08-09 17:00:00+00:00,116670.22,29408213.4100689,0.00018611467904738888,-0.0025873520928398897,-0.12710833229253482,47.00625729025634,71.1451778641349,114.03389993026545,-0.0013259006452450706,0.37422326763092106,7.0,7.0,13.0,0.5494565367698669,1.0,0.7142857142857142,0.5494565367698669,24.0
2025-08-09 18:00:00+00:00,116634.91,26488021.5323761,-0.0003026479250660685,-0.002203392570967133,-0.09929851354700026,46.22332110292715,46.81685641100921,100.5904912264142,-0.0015196072602519095,0.3569493243670445,5.0,5.0,9.0,0.08543400168418884,1.0,0.2,0.08543400168418884,19.0
2025-08-09 19:00:00+00:00,116535.69,50734245.6782598,-0.0008506887003213448,-0.0009671790921289558,0.9153656159727797,44.005318505140984,19.307694515708135,84.33393188427299,-0.002309622212758433,0.2857237903894032,5.0,5.0,12.0,0.12571768313646317,1.0,0.39999999999999997,0.12571768313646317,17.0
2025-08-09 20:00:00+00:00,116778.07,65596443.0965295,0.002079877846864031,0.000924400416833171,0.2929421186730745,50.28157275430639,16.870058335451176,70.84115717450862,-0.0003167399548704708,0.47023963067677865,4.0,5.0,6.0,0.6802445262670517,0.8,0.8,0.8324457257986069,14.0
2025-08-09 21:00:00+00:00,116524.09,52726044.7659073,-0.002174894652737569,-0.0009501443435760981,-0.19620573499210248,44.635787302869964,-5.492534778255504,55.5744187839558,-0.0024742213976554073,0.26879413583605277,4.0,5.0,4.0,-0.27104604840278623,0.8,-0.6000000000000001,-0.2113552913069725,13.0
2025-08-09 22:00:00+00:00,116541.63,47429071.4365181,0.0001505268138117799,5.097150924315841e-05,-0.10046217866154505,45.09429616420403,-21.55128967044584,40.149277093075476,-0.0023828369857887832,0.2717231167218479,5.0,5.0,7.0,0.25672615095973017,1.0,0.6,0.25672615095973017,13.0
2025-08-09 23:00:00+00:00,116462.25,18770590.7187069,-0.0006811299962082851,-0.002704446134449756,-0.6042387052879461,43.34476591502591,-40.21964419085998,24.075492836288387,-0.0030957277108653036,0.19830995020444586,4.0,4.0,11.0,0.30274176597595215,1.0,0.5,0.30274176597595215,13.0
2025-08-10 00:00:00+00:00,116749.47,33769029.0893979,0.0024662068610215027,0.0019341923202318423,0.7990392308614698,50.7849851111106,-31.475367599268793,12.965320749176954,-0.0007717457843428033,0.4214081417430999,7.0,7.0,13.0,0.25219110106783255,1.0,0.2857142857142857,0.25219110106783255,16.0
2025-08-10 01:00:00+00:00,116576.42,32099368.5868882,-0.0014822337094978488,0.0002985199366096758,-0.04944354479631463,46.79740794889574,-38.07030340244819,2.758195918851925,-0.002183315287401122,0.2814842468575515,4.0,4.0,8.0,0.012207664549350739,1.0,0.25,0.012207664549350739,15.0
2025-08-10 02:00:00+00:00,117317.99,67805383.7026659,0.006361234973590868,0.007347788661132837,1.1123587998040159,60.94818349793289,16.353154910175363,5.477187717116612,0.00387736734759514,0.8689883512333856,4.0,4.0,7.0,-0.049422971438616514,1.0,-0.25,-0.049422971438616514,15.0
2025-08-10 03:00:00+00:00,118500.0,324467533.5790097,0.010075266376452507,0.014993901042976931,3.7852768594575874,73.18907271310577,153.09765182281262,35.00128053825581,0.01323566664962117,1.3255402476147284,4.0,5.0,6.0,0.5073960065841675,0.8,0.8,0.6571222804486752,12.0
2025-08-10 04:00:00+00:00,118485.45,116318257.4185289,-0.00012278481012661935,0.016375781654643262,-0.6415103349925617,72.8862115189316,257.3282673318754,79.46667789697973,0.012514407510005654,1.1360127576092398,3.0,3.0,6.0,0.7991930643717448,1.0,1.0,0.7991930643717448,11.0
2025-08-10 05:00:00+00:00,118045.0,66982603.8795772,-0.003717334069288647,0.006196918307243449,-0.4241436781625374,64.22251907984025,300.9223020773643,123.75780273305665,0.008520388968231485,0.9092907974025433,3.0,3.0,6.0,0.6353740580379963,1.0,0.6666666666666666,0.6353740580379963,10.0
2025-08-10 06:00:00+00:00,118074.24,37686791.1815702,0.00024770214748626174,-0.0035929113924050293,-0.4373644946779861,64.5239985550713,333.9803942331928,165.8023210330839,0.008490145200625632,0.885469725420213,9.0,9.0,16.0,0.3009458366367552,1.0,0.4444444444444445,0.3009458366367552,15.0
2025-08-10 07:00:00+00:00,117808.3,67984579.3651014,-0.002252311765885584,-0.0057150477126094446,0.8039365314377729,59.60452947455559,334.85997761189356,199.61385234884585,0.005918731574273917,0.7609937441508738,0.0,1.0,0.0,-0.28987738490104675,0.0,-1.0,0.0,12.0
2025-08-10 08:00:00+00:00,118308.85,44395164.9038436,0.00424885173625289,0.0022351645558897903,-0.3469818403166731,65.0116808340508,371.66295629763044,234.02367313860282,0.009678814087379584,0.8975813953199129,8.0,8.0,14.0,0.5187530498951674,1.0,0.75,0.5187530498951674,17.0
2025-08-10 09:00:00+00:00,118293.08,44069248.0441736,-0.00013329518459526124,0.0018534101934510883,-0.007341269266054273,64.71776143343229,395.003717874235,266.21968208572923,0.008973863408361149,0.8500566649314155,7.0,7.0,11.0,0.2622377893754414,1.0,0.7142857142857142,0.2622377893754414,15.0
2025-08-10 10:00:00+00:00,118020.0,38801628.7350797,-0.0023085035912497887,0.0017969871392762293,-0.11953050126505016,59.68565618652353,387.0050129228621,290.3767482531558,0.006195305288113184,0.7367948173399663,8.0,8.0,13.0,0.26908426405861974,1.0,0.375,0.26908426405861974,23.0
2025-08-10 11:00:00+00:00,118330.58,50791923.2189533,0.0026315878664633363,0.00018367180477185663,0.3090152365958143,63.19113193001372,401.1035202923231,312.5221026609893,0.008225114357221841,0.8042542546023241,10.0,11.0,17.0,0.27668346058238635,0.9090909090909091,0.5454545454545454,0.3062951318919659,25.0
2025-08-10 12:00:00+00:00,118514.0,74631816.3193727,0.0015500642352974658,0.0018675648651635957,0.46936385924294766,65.12008085050138,422.21017398301046,334.45971692539354,0.008986049474217772,0.8246146870762314,8.0,8.0,17.0,0.1833629314787686,1.0,0.125,0.1833629314787686,26.0
2025-08-10 13:00:00+00:00,118452.0,46543454.5887971,-0.0005231449449010217,0.0036603965429589103,-0.37635908002529084,63.901074109995385,428.98934511978587,353.365642564272,0.007693895854157029,0.775995495606641,10.0,10.0,15.0,0.2274809554219246,1.0,0.30000000000000004,0.2274809554219246,28.0
2025-08-10 14:00:00+00:00,118779.0,87858778.5338902,0.0027606118934251356,0.0037895529625562308,0.88767205421485,67.3703897128987,455.4973641572142,373.79198688286044,0.009555024082718022,0.8374178801489581,10.0,10.0,14.0,0.3019424073398113,1.0,0.3,0.3019424073398113,28.0
2025-08-10 15:00:00+00:00,118815.0,124389105.9443383,0.0003030838784634504,0.0025397843292775946,0.41578460365639014,67.7379937999727,473.94669685995905,393.8229288782802,0.008883755779365288,0.815914040362261,5.0,7.0,7.0,0.3103354879255806,0.7142857142857143,0.42857142857142855,0.4245978832244873,25.0
2025-08-10 16:00:00+00:00,118671.74,47844784.234036,-0.0012057400159911635,0.0018550974234290418,-0.6153619412985765,64.61816889235679,471.57205214718124,409.3727535320604,0.006857812741268177,0.7471999759156097,6.0,7.0,10.0,0.43548698084695,0.8571428571428571,0.8571428571428571,0.40526914596557617,21.0
2025-08-10 17:00:00+00:00,118520.32,27286581.0570261,-0.0012759566852226234,-0.0021778260466917,-0.4296853566409258,61.399292946966646,452.25844672098174,417.9498921698447,0.0047222666757973375,0.6812862668915284,5.0,5.0,5.0,0.39017599523067475,1.0,0.8,0.39017599523067475,16.0
2025-08-10 18:00:00+00:00,118554.01,16952057.337965,0.0002842550543231681,-0.0021966081723688857,-0.3787401469412025,61.85458947447071,434.660283532663,421.2919704424084,0.00415135415880985,0.6739128586052666,5.0,5.0,6.0,0.3044161692261696,1.0,0.8,0.3044161692261696,16.0
2025-08-10 19:00:00+00:00,118663.08,26070329.6208906,0.0009200026215900881,-7.297440822895407e-05,0.5378858802291071,63.36129432648721,424.6198960371694,421.9575555613606,0.004139267556621196,0.6999684279595343,4.0,5.0,9.0,-0.12834431529045104,0.8,0.0,-0.19067398458719254,14.0
2025-08-10 20:00:00+00:00,118323.16,89946049.759942,-0.002864580963177432,-0.00166351221461436,2.450130898531743,55.94475418127325,384.7983970474161,414.5257238585717,0.0005965957064577587,0.5341044806927774,4.0,4.0,7.0,0.3162566698156297,1.0,0.5,0.3162566698156297,13.0
2025-08-10 21:00:00+00:00,118716.9,70815183.1370078,0.003327666367260562,0.0013739729259263367,-0.21269268271361308,61.55785030280112,380.62350869877264,407.7452808266119,0.0030184699369850687,0.7513300107633812,5.0,5.0,8.0,0.18302031680941583,1.0,0.2,0.18302031680941583,13.0
2025-08-10 22:00:00+00:00,119084.92,66987979.739311,0.0030999798680726443,0.003554938907704086,-0.05404495516579011,65.92757844132638,402.37271573388716,406.67076780806696,0.0053773689676592795,1.029206931182179,5.0,5.0,6.0,-0.20982600450515748,1.0,-0.39999999999999997,-0.20982600450515748,14.0
2025-08-10 23:00:00+00:00,119294.01,89701115.8945044,0.0017558058568625245,0.008205071602211955,0.33906286237595684,68.14319925782803,431.50679286131344,411.63797281871626,0.006805163088598576,1.071043876421755,3.0,3.0,5.0,-0.2528521331648032,1.0,0.0,-0.2528521331648032,13.0
2025-08-11 00:00:00+00:00,119126.35,93718497.4098894,-0.0014054351932674125,0.0034489613525960916,0.04478630477807832,64.5201938475783,436.0405935410672,416.5184969631865,0.005118329373134722,0.899674289144428,9.0,9.0,15.0,0.05257990790738,1.0,0.2222222222222222,0.05257990790738,17.0
2025-08-11 01:00:00+00:00,119988.0,145541606.914427,0.007233076477202616,0.007583495878403346,0.552965646449525,72.58682092926716,503.3592055432673,433.88663867920275,0.01155925728848839,1.213096778200104,5.0,5.0,7.0,0.5467778213322163,1.0,0.6,0.5467778213322163,17.0
2025-08-11 02:00:00+00:00,121876.0,470842231.7593439,0.015734906824015793,0.0216439199252334,2.2351039798274415,82.15863997523176,700.9751071912033,487.3043323816029,0.025832113462371353,1.4097336634624427,7.0,8.0,11.0,0.3514447622001171,0.875,0.5,0.3494445894445692,21.0
2025-08-11 03:00:00+00:00,121728.99,211148839.7314193,-0.0012062260001969305,0.021847727224077573,-0.5515507626780995,79.82150100037136,836.0867668049323,557.0608192662687,0.022906905804504607,1.165099155087997,10.0,10.0,13.0,0.4151109203696251,1.0,0.6000000000000001,0.4151109203696251,22.0
2025-08-11 04:00:00+00:00,122080.0,160567157.0812345,0.002883536616873128,0.017435076841017416,-0.23955463224199824,81.19686855087437,960.4162235757394,637.7319001281628,0.024233620842791792,1.096873450212703,15.0,17.0,22.0,0.21389800025259748,0.8823529411764706,0.35294117647058826,0.19724592876931032,32.0
2025-08-11 05:00:00+00:00,122059.34,117244704.8711425,-0.00016923328964613127,0.0015043158620235975,-0.2698089260444103,80.84757351209771,1045.2323367314966,719.2319874488296,0.022444906331360315,0.9994210248762897,9.0,9.0,14.0,0.056637330601612725,1.0,0.0,0.056637330601612725,34.0
2025-08-11 06:00:00+00:00,122300.63,102968206.6839766,0.0019768253703487115,0.004696005446196416,-0.12176667767517901,81.83064765480859,1119.0204329448898,799.1896765480417,0.02263266325499047,0.9683707525880163,15.0,19.0,23.0,0.29272100603894186,0.7894736842105263,0.47368421052631576,0.31296233981847765,39.0
2025-08-11 07:00:00+00:00,121537.15,141112634.2938392,-0.006242649772123077,-0.0044466743119266905,0.3704485961082433,69.64865751356938,1103.1748623662716,859.9867137116878,0.01488815885668493,0.8025372930744308,5.0,6.0,7.0,0.23892561780909696,0.8333333333333334,0.5,0.20689718350768088,29.0
2025-08-11 08:00:00+00:00,121679.13,108077013.7630588,0.0011682024796533241,-0.003114960313565396,-0.2341081696624714,70.5273474842186,1089.5144881253073,905.8922685944117,0.014732773471426652,0.7941831980963772,10.0,11.0,16.0,0.08786939812654798,0.9090909090909091,0.18181818181818182,0.09399120695888996,30.0
2025-08-11 09:00:00+00:00,121439.75,96378861.2471018,-0.001967305321791901,-0.007039047959115252,-0.10823904277743357,67.00516834244807,1047.2999557356525,934.1738060226598,0.011476382585865696,0.730075986238085,14.0,16.0,23.0,0.3389335642568767,0.875,0.5,0.3397163277758019,29.0
2025-08-11 10:00:00+00:00,121184.84,99957047.9343601,-0.0020990655860211316,-0.0028987844457435408,0.037126260270748945,63.375562928368296,981.9561488123,943.730274580588,0.008342951648915964,0.6686983538955421,25.0,26.0,35.0,0.22945759524233067,0.9615384615384616,0.34615384615384615,0.24003588013350963,49.0
2025-08-11 11:00:00+00:00,120561.54,206192044.3922149,-0.005143382621126569,-0.009184730364196536,1.0628064619076918,55.464080525458286,869.848537703554,928.9539272051812,0.002428271648238889,0.5502157252988246,25.0,26.0,40.0,0.22591875206965667,0.9615384615384616,0.34615384615384615,0.2305793744325638,64.0
2025-08-11 12:00:00+00:00,119643.7,208798970.7272868,-0.007613041439251678,-0.014789638483280854,0.012643195535289697,46.29854374267682,698.8841297100444,882.939967706154,-0.005605067321089674,0.38089004676679383,28.0,29.0,42.0,0.14468067858753533,0.9655172413793104,0.31034482758620696,0.14785111801964895,78.0
2025-08-11 13:00:00+00:00,120010.0,174137381.2211172,0.00306159037207987,-0.00969461196631527,-0.16600459947401391,49.85967401769293,586.1936775246868,823.5907096698606,-0.003177729191355838,0.4295131396126118,29.0,31.0,53.0,0.2280209284395941,0.9354838709677419,0.3870967741935484,0.24433697066430388,82.0
2025-08-11 14:00:00+00:00,120243.59,148396544.2822496,0.0019464211315722846,-0.0026372423577203374,-0.14781913428560323,52.043659971295746,509.8571274931455,760.8439932345177,-0.0019378295886950392,0.4547827410832881,39.0,41.0,56.0,0.25082231558314183,0.9512195121951219,0.5609756097560976,0.2438226094803749,96.0
2025-08-11 15:00:00+00:00,120314.4,97139731.6329555,0.0005888879398894264,0.0056058112545833705,-0.3454043549141135,52.71601978126267,449.8876124827657,698.6527170841673,-0.002034014373966997,0.44987981691641477,30.0,33.0,53.0,0.3398503424091773,0.9090909090909091,0.4848484848484848,0.36282515500982604,98.0
2025-08-11 16:00:00+00:00,119953.65,110224302.0938603,-0.0029983942071771796,-0.000469544204649619,0.13469844152282717,48.95062605826819,368.9982475887955,632.721823185093,-0.005698673556599254,0.34674568475669115,23.0,25.0,39.0,0.33217740871012214,0.92,0.52,0.2918459291205458,92.0
2025-08-11 17:00:00+00:00,119500.0,64221873.4714438,-0.0037818774168189018,-0.006184030267226692,-0.41735286818367545,44.63319857392527,265.22967683039315,559.223393914153,-0.00978038258846059,0.22317382303237188,18.0,18.0,24.0,0.4124133109839426,1.0,0.7222222222222222,0.4124133109839426,71.0
2025-08-11 18:00:00+00:00,119773.92,63450908.3433473,0.002292217573221844,-0.004492230356466065,-0.012004712513397853,47.636395733141754,202.75812222674722,487.9303395766719,-0.007793823902190078,0.27033152324041515,10.0,10.0,15.0,0.13818041533231734,1.0,0.2,0.13818041533231734,51.0
2025-08-11 19:00:00+00:00,119089.3,98890660.6733886,-0.005715935489128188,-0.007205699868240711,0.5585381400415694,41.56763216125219,96.8889769136149,409.7220670440605,-0.013381554230854964,0.1114201090299935,10.0,12.0,14.0,-0.027696435650189716,0.8333333333333334,0.0,-0.006386862695217132,38.0
2025-08-11 20:00:00+00:00,118824.34,65706178.3001023,-0.002224885023255685,-0.005654058577405863,-0.3355674049229628,39.4717671361911,-8.297492797966697,326.1181550756551,-0.015453497087381196,0.061736920672280045,10.0,11.0,15.0,0.1408312964168462,0.9090909090909091,0.18181818181818182,0.1589115083217621,30.0
2025-08-11 21:00:00+00:00,118712.61,100506706.4077132,-0.000940295565706406,-0.00886094401853088,0.5296385972817523,38.588205652994155,-99.52692071675847,240.98913991717245,-0.015859264552403163,0.08031456836053552,8.0,10.0,15.0,0.38361065164208413,0.8,0.6,0.29449349362403154,28.0
2025-08-11 22:00:00+00:00,118886.96,74601256.9475449,0.0014686729573210044,-0.001699061124718959,-0.2577484666056099,40.81459771905742,-155.96049620051053,161.59921269363588,-0.013191253588094698,0.1579569845538849,7.0,7.0,13.0,0.3875568855021681,1.0,0.42857142857142855,0.3875568855021681,25.0
2025-08-11 23:00:00+00:00,118686.0,34788170.3580518,-0.0016903451816751014,-0.0011642395825636198,-0.5336784957589557,39.05699374972366,-214.42850552595337,86.39366904971804,-0.013613592645044359,0.15486869720557192,7.0,7.0,9.0,0.030790876064981734,1.0,0.14285714285714285,0.030790876064981734,22.0
2025-08-12 00:00:00+00:00,118949.31,72454810.2704691,0.0022185430463574907,0.0019938909606991295,1.0827427693017282,42.54801852201313,-236.78835892309144,21.75726345515615,-0.010137499065055122,0.23529332826519475,3.0,3.0,3.0,0.07758734251062076,1.0,0.3333333333333333,0.07758734251062076,17.0
2025-08-12 01:00:00+00:00,118977.1,49247822.1125788,0.0002336289298359162,0.0007581992171385998,-0.32029603101933635,42.919657710200134,-249.39145364821889,-32.47247996551886,-0.008634836064467244,0.26269072628310464,7.0,7.0,10.0,0.49031471088528633,1.0,0.7142857142857143,0.49031471088528633,17.0
2025-08-12 02:00:00+00:00,119054.13,47553485.9875365,0.0006474355149015398,0.0031017137657347593,-0.03440428535436779,44.000974618278306,-250.2787620095187,-76.03373637431883,-0.006649427438157773,0.2955813040707195,7.0,8.0,12.0,0.20948703307658434,0.875,0.125,0.2834566416484969,17.0
2025-08-12 03:00:00+00:00,118857.7,56100390.092642,-0.001649921762479023,-0.0007701599950432625,0.17973244080035689,41.82508976478705,-263.7913966286578,-113.58526842518663,-0.007178577753452764,0.2654648502451897,9.0,11.0,14.0,0.275363338264552,0.8181818181818182,0.5454545454545454,0.36808792584472233,23.0
2025-08-12 04:00:00+00:00,119067.97,43823995.1593155,0.001769090265081763,0.0007637604211230276,-0.21882904758868427,44.96260377556999,-254.59837364789564,-141.78788946972844,-0.004336361749673667,0.3392872396468057,9.0,10.0,14.0,0.15709000453352928,0.9,0.09999999999999998,0.28111399130688774,25.0
2025-08-12 05:00:00+00:00,118819.99,99341046.9992863,-0.0020826759707081033,-0.001966668438969754,1.2668185919185815,42.08021892231785,-264.2763371399051,-166.28557900376376,-0.005320493578563568,0.2732963616103854,13.0,13.0,19.0,0.06838939424890739,1.0,0.23076923076923078,0.06838939424890739,31.0
2025-08-12 06:00:00+00:00,118839.97,143956405.0876367,0.0001681535236621734,-0.0001491699738426222,0.4491130246359387,42.400611097663756,-267.25324486567115,-186.47911217614524,-0.004175851025339905,0.2884754967786095,15.0,16.0,33.0,-0.06909068487584591,0.9375,0.0625,-0.010799890756607056,37.0
2025-08-12 07:00:00+00:00,118986.72,85647502.4027857,0.0012348538963784517,-0.00068238334793147,-0.40504555979537105,44.815192391136684,-254.8334062477952,-200.14997099047525,-0.0022878499777896355,0.3692260872379615,16.0,16.0,23.0,0.4582560622366145,1.0,0.75,0.4582560622366145,44.0
2025-08-12 08:00:00+00:00,118814.7,85048320.6563097,-0.001445707554590947,-4.452112813679854e-05,-0.006995904488354632,42.562821616502724,-255.92107221671904,-211.30419123572403,-0.0033838648585275966,0.30692834472567304,16.0,17.0,24.0,0.1837939532364116,0.9411764705882353,0.411764705882353,0.14222351647913456,47.0
2025-08-12 09:00:00+00:00,118408.38,87560058.1266425,-0.0034197788657462924,-0.003631690583563718,0.029533063686031147,37.73813615611609,-286.26974416141456,-226.29730182086217,-0.00612446720101667,0.14756086145384945,9.0,9.0,12.0,0.14810074203544193,1.0,0.33333333333333337,0.14810074203544193,41.0
2025-08-12 10:00:00+00:00,118449.99,67475114.8798929,0.00035141093898927167,-0.00451083952898268,-0.22938476374352945,38.50687592892587,-303.46554418461164,-241.7309502936121,-0.005026251643271307,0.18279561390332857,10.0,11.0,13.0,0.09385697526687925,0.9090909090909091,0.09090909090909088,0.10171553492546082,35.0
2025-08-12 11:00:00+00:00,118522.22,38303064.2823414,0.0006097932131525763,-0.002461648264061589,-0.43233791671905053,39.89420086286278,-307.71780295853387,-254.92832082659646,-0.003669574599087011,0.21639105789041693,17.0,17.0,21.0,0.23026878364822445,1.0,0.3529411764705882,0.23026878364822445,36.0
2025-08-12 12:00:00+00:00,119264.66,194204060.88207,0.006264141863019379,0.007231582764665845,4.07019645871003,51.905179028679406,-248.31660623771313,-253.6059779088198,0.0028620013259950117,0.7663370238246985,17.0,19.0,22.0,-0.17533781908844648,0.8947368421052632,0.0,-0.14638981880510554,44.0
2025-08-12 13:00:00+00:00,118847.35,211014340.7895117,-0.003499024773977455,0.003354664698578702,0.08655987846541335,46.304193630404576,-232.2370748326357,-249.332197293583,-0.00037274269501774704,0.461938730006441,15.0,18.0,20.0,0.19333140520999828,0.8333333333333334,0.2777777777777778,0.21438082481424015,49.0
2025-08-12 14:00:00+00:00,119437.12,72383661.3025927,0.004962416074064668,0.007719227668870898,-0.656972786627825,53.8788426319433,-169.94539552857168,-233.45483694058072,0.004730135209619624,1.0719698436613578,10.0,14.0,16.0,0.3278699650296143,0.7142857142857143,0.5,0.40225734896957877,42.0
2025-08-12 15:00:00+00:00,119933.0,107841978.3056061,0.004151808081105823,0.005603839393832244,0.48986630912165996,59.102743406688106,-79.64729470029124,-202.69332849252285,0.008543680937288078,1.2579124945676294,14.0,15.0,25.0,0.06742151429255804,0.9333333333333333,0.2,0.07235174519675118,39.0
2025-08-12 16:00:00+00:00,119647.7,91479731.9489306,-0.00237882817906665,0.006734268791016351,-0.1517242785579065,55.22699149242959,-30.752232288374216,-168.30510925169312,0.005796331162735813,0.9659240490092968,8.0,9.0,11.0,0.6017329651448462,0.8888888888888888,1.0,0.663744930177927,32.0
2025-08-12 17:00:00+00:00,119269.99,77602935.0431147,-0.0031568513226747363,-0.0013993137141953271,-0.15169258381258433,50.50501093836814,-22.224394418211887,-139.0889662849969,0.0023863470110379037,0.6911205333671532,13.0,14.0,25.0,0.0226473475673369,0.9285714285714286,0.14285714285714288,0.02354999201802107,35.0
2025-08-12 18:00:00+00:00,119344.9,64270193.9990876,0.0006280708164727589,-0.004903571160564724,-0.17180717503300214,51.3926587215179,-9.314044013735838,-113.13398183074469,0.002822939065630692,0.7218120920700498,9.0,10.0,10.0,-0.029377878084778784,0.9,0.0,0.055302553292777806,30.0
2025-08-12 19:00:00+00:00,119665.27,42975899.2677102,0.0026844046121787812,0.0001468477872956786,-0.33132457530281767,55.10126140023883,26.46362703264458,-85.21446005806683,0.0051013956792296256,0.8828443407686916,13.0,16.0,17.0,0.28479187679477036,0.8125,0.4375,0.3879880088453109,35.0
2025-08-12 20:00:00+00:00,120192.1,100582461.6888506,0.004402530491929735,0.007731282613505641,1.340438790176123,60.445736771821856,96.21931087774283,-48.9277058709049,0.008999761316415889,1.075117968837734,12.0,12.0,26.0,0.13668498226131,1.0,0.33333333333333337,0.13668498226131,34.0
2025-08-12 21:00:00+00:00,119903.36,47269345.1168246,-0.0024023209512106236,0.004679378842330051,-0.5300438632825356,56.477756410970706,126.74129325350805,-13.793906046022315,0.006184622856781008,0.8724830589666758,6.0,9.0,9.0,0.17261662830909094,0.6666666666666666,0.4444444444444444,0.3381010790665944,31.0
2025-08-12 22:00:00+00:00,120099.99,51349588.7283659,0.0016399040026902068,0.0036328000596999033,0.08631902137542036,58.47679956119567,164.89576613191457,21.944028389565062,0.007392601496742257,0.9127957512264604,9.0,10.0,14.0,0.46625679135322573,0.9,0.5,0.4264827436870999,27.0
2025-08-12 23:00:00+00:00,120134.08,55276260.4551559,0.000283846817972222,-0.00048272723415265784,0.07646938999962982,58.82986490551458,195.62914783286396,56.68105227822485,0.007139414354697449,0.8786075881962635,11.0,11.0,16.0,-0.18726357783783565,1.0,-0.3636363636363636,-0.18726357783783565,26.0
2025-08-13 00:00:00+00:00,119713.19,61839260.0290823,-0.0035035020870014533,-0.001586027280636615,0.11873088953350552,52.85439990635022,183.90334548649844,82.12551091987956,0.0033395372611733087,0.6755063909691233,7.0,9.0,12.0,0.4440542161464691,0.7777777777777778,0.5555555555555556,0.34248893175806316,27.0
2025-08-13 01:00:00+00:00,119478.47,65807352.0070222,-0.001960686203416717,-0.005175021246879408,0.06416784379492513,49.815578306684486,153.89659612128162,96.47972796015998,0.0010960583742665175,0.5587206499969544,5.0,6.0,6.0,0.2013116255402565,0.8333333333333334,0.6666666666666667,0.2092679560184479,23.0
2025-08-13 02:00:00+00:00,119549.37,76227659.1792365,0.0005934123528699153,-0.004867145109863968,0.1583456385101525,50.7369319054375,134.28906774542702,104.0415959172134,0.0013925083283126138,0.5761259967644952,3.0,4.0,3.0,-0.13746168464422226,0.75,-0.5,-0.11478219429651897,15.0
2025-08-13 03:00:00+00:00,119482.01,78396531.2590927,-0.0005634492260394586,-0.0019311155270359537,0.028452560438153585,49.801440410606666,112.02323704931769,105.63792414363427,0.0006207085515723687,0.5344038532770643,8.0,9.0,16.0,0.5500000773204697,0.8888888888888888,0.7777777777777778,0.6136942282319069,16.0
2025-08-13 04:00:00+00:00,119335.01,83017835.7441383,-0.001230310738830065,-0.001200718422323388,0.05894781836421625,47.73303972386962,81.57538408739492,100.8254161323864,-0.0008280563003935093,0.45259885666093247,8.0,9.0,11.0,0.040380926388833255,0.8888888888888888,0.0,0.12072524963878095,19.0
2025-08-13 05:00:00+00:00,119070.69,86788511.7368944,-0.002214940946500099,-0.0040040361567776905,0.04542007098784606,44.17988041802205,35.70523850085738,87.80138060608058,-0.0033175138074815758,0.29110569059009656,13.0,15.0,23.0,0.46811833915611106,0.8666666666666667,0.6666666666666666,0.42573044549387234,29.0
2025-08-13 06:00:00+00:00,119410.01,44475951.1817504,0.002849735732613823,-0.0006026011782024332,-0.48753642283229326,49.388350734734594,26.42845505270816,75.52679549540609,-0.0008786719530816667,0.43653486074533077,11.0,11.0,14.0,0.025588329881429672,1.0,0.18181818181818182,0.025588329881429672,32.0
2025-08-13 07:00:00+00:00,119580.4,63173849.3501734,0.0014269322982218835,0.00205631189036648,0.420404683241383,51.81949167324344,32.451505569930305,66.91173751031094,0.00010426290423426465,0.5090250112272997,8.0,8.0,12.0,0.1297987182624638,1.0,0.375,0.1297987182624638,32.0
2025-08-13 08:00:00+00:00,120044.49,104792504.6622296,0.0038809871851910316,0.008178335071376441,0.6587956209754371,57.76963314787408,73.82202656698064,68.29379532164488,0.003658358410267626,0.8100378006090906,16.0,16.0,26.0,0.3034535488113761,1.0,0.4375,0.3034535488113761,35.0
2025-08-13 09:00:00+00:00,120116.02,81020405.2523333,0.0005958624173421079,0.005912485896282904,-0.22684923398404544,58.617912711998315,111.09964812798717,76.85496588291333,0.003724075916426761,0.8445287230325939,11.0,12.0,19.0,0.31631483634312946,0.9166666666666666,0.5,0.2658980759707364,35.0
2025-08-13 10:00:00+00:00,120496.0,112091710.2589693,0.003163441479329787,0.00765677318356528,0.383499748117357,62.883143496188644,169.3514639022469,95.35426548678005,0.006454027610873991,1.0294159867438897,14.0,15.0,24.0,0.14239981671174368,0.9333333333333333,0.39999999999999997,0.09381409308740071,41.0
2025-08-13 11:00:00+00:00,120570.41,88308026.7347284,0.0006175308723941342,0.004381042395198653,-0.21218057489971964,63.67276280853705,218.99626014815294,120.08266441905464,0.006807530560704933,1.0005256118925572,19.0,19.0,26.0,0.0652974554778714,1.0,0.05263157894736842,0.0652974554778714,44.0
2025-08-13 12:00:00+00:00,120273.72,109784800.643973,-0.002460719839967429,0.0013128973137803701,0.24320296470624858,58.34318288508951,231.72849355850485,142.4118302469447,0.004067621190686266,0.788971599351176,18.0,19.0,25.0,0.243302483013586,0.9473684210526315,0.42105263157894735,0.3084868951183226,51.0
2025-08-13 13:00:00+00:00,121767.97,289012521.3214773,0.012423744771509426,0.010556118045412344,1.6325367412082068,71.34995708479923,358.2625397511292,185.58197214778164,0.015483076822079278,1.290139877066534,13.0,13.0,19.0,0.13790834222275478,1.0,0.3076923076923077,0.13790834222275478,50.0
2025-08-13 14:00:00+00:00,120890.73,301800221.2729204,-0.00720419335232414,0.0026567049079453398,0.04424617969136002,59.587036858508746,383.3368774832343,225.13295321487217,0.007517922661769427,0.8702423698113673,16.0,16.0,23.0,0.1286899532424286,1.0,0.3125,0.1286899532424286,47.0
2025-08-13 15:00:00+00:00,120920.62,175476217.6917305,0.0002472480727016002,0.005378564826963084,-0.41856829345050117,59.830041734627436,400.99788992312097,260.30594055652193,0.0072401302135238765,0.8413369436046462,20.0,21.0,33.0,0.20817049060549056,0.9523809523809523,0.23809523809523808,0.17543357014656066,49.0
2025-08-13 16:00:00+00:00,121421.77,85605497.9826001,0.004144454436307177,-0.002843112191161623,-0.5121532757619134,63.76425575854953,450.2428667358763,298.2933257923928,0.01089686728984618,0.9653687924395807,12.0,13.0,19.0,0.33017656293052894,0.9230769230769231,0.3076923076923077,0.2826163951928417,48.0
2025-08-13 17:00:00+00:00,121823.24,113764042.4217515,0.0033064087271994502,0.007713660096187791,0.32893383138633014,66.58742308903479,515.7202375522902,341.77870814437233,0.01342937480020967,1.0087739561658606,0.0,2.0,0.0,-0.14167850837111473,0.0,-0.5,0.0,32.0
2025-08-13 18:00:00+00:00,121639.2,108470119.3034545,-0.0015107133909754156,0.005942576212394579,-0.04653423881221719,64.12113150186983,546.4617646870611,382.7153194529101,0.011250947430483826,0.8973489595225347,3.0,5.0,4.0,0.013655350357294083,0.6,0.0,-0.0313536562025547,15.0
2025-08-13 19:00:00+00:00,122744.21,200240508.351605,0.009084324790034959,0.010891292393448104,0.8460430359757873,71.05356825208436,652.4684681153012,436.6659491853883,0.019331535856337734,1.0793580790728856,4.0,6.0,7.0,0.22082122415304184,0.6666666666666666,0.5,0.2852488290518522,7.0
2025-08-13 20:00:00+00:00,122904.01,103051087.4666171,0.001301894403002768,0.008871624166292058,-0.48536343462698206,71.89916187827632,740.8341933868214,497.49959802567497,0.01930810520268267,1.0168211114222456,11.0,13.0,15.0,0.2666661756543013,0.8461538461538461,0.3846153846153846,0.3103106854991479,18.0
2025-08-13 21:00:00+00:00,122561.16,130883186.1352944,-0.0027895753767512854,0.007579464514728906,0.27008059160650144,67.35309044863773,774.2741867660952,552.8545157737591,0.015166961081073849,0.8894996854195879,6.0,9.0,10.0,0.4966367830832799,0.6666666666666666,0.8888888888888888,0.562675858537356,21.0
2025-08-13 22:00:00+00:00,122954.03,171284109.0669497,0.0032055016450562857,0.0017094085334043996,0.30867924387088763,69.71604019213142,822.9900313023682,606.8816188794809,0.01698709808665866,0.9150964369276007,9.0,9.0,12.0,0.358388166460726,1.0,0.5555555555555556,0.358388166460726,26.0
2025-08-13 23:00:00+00:00,123306.43,76269439.3334331,0.002866111830575946,0.0032742625728809926,-0.5547197008006053,71.69504391235117,879.8905929042667,661.4834136844381,0.018291324248622454,0.9269233585761191,6.0,7.0,10.0,0.5203465308461871,0.8571428571428571,0.7142857142857142,0.4525843660036723,21.0
2025-08-14 00:00:00+00:00,123847.83,206137519.2399078,0.00439068749293936,0.01049818719078699,1.7027538296003488,74.45674817093578,957.6321657501394,720.7131640975783,0.020860060284800586,0.9642754373560286,9.0,9.0,9.0,0.5070960678988032,1.0,0.7777777777777777,0.5070960678988032,24.0
2025-08-14 01:00:00+00:00,123337.67,81726621.5775003,-0.0041192485972503246,0.003120190529745104,-0.6035334960910979,67.74880802624783,966.931094153595,769.9567501087818,0.014870127741435368,0.8402385515642434,6.0,6.0,6.0,0.1835071494181951,1.0,0.5,0.1835071494181951,21.0
2025-08-14 02:00:00+00:00,123662.53,82965045.4765417,0.002633907386121459,0.0028879272556994184,0.015153249640535105,69.62540140871499,989.112179436619,813.7878359743493,0.01576604877933052,0.8658314415345048,6.0,7.0,7.0,0.3389318377843925,0.8571428571428571,0.42857142857142855,0.4150059726089239,21.0
2025-08-14 03:00:00+00:00,123337.14,59887431.5841471,-0.00263127400029739,-0.004123528042437208,-0.27816068513962033,65.51345399196991,969.2615519012325,844.882579159726,0.011532600182370345,0.7798174085953858,9.0,9.0,15.0,0.4088091477751732,1.0,0.4444444444444445,0.4088091477751732,21.0
2025-08-14 04:00:00+00:00,123003.17,70405102.6636985,-0.002707781289561284,-0.0027120668000295556,0.17562401327519184,61.49891889055468,916.0218687678134,859.1104370813435,0.007571144997194468,0.6928227326571375,8.0,9.0,12.0,0.3776535176568561,0.8888888888888888,0.7777777777777778,0.311044042930007,23.0
2025-08-14 05:00:00+00:00,122134.76,102033315.0692796,-0.007060061947997021,-0.012354348564597606,0.44923181998126527,52.49158092532215,794.5959988625254,846.2075494375799,-0.0003688824906697974,0.48985432077045327,7.0,8.0,11.0,0.020647701807320118,0.875,0.125,0.11375911427395684,24.0
2025-08-14 06:00:00+00:00,121771.27,178364355.6943714,-0.002976138815845686,-0.012695851387505841,0.7480991926339333,49.240668626803284,661.4101919696259,809.2480779439892,-0.003863789393592998,0.3872031076593867,8.0,8.0,11.0,-0.18663432681933045,1.0,-0.125,-0.18663432681933045,23.0
2025-08-14 07:00:00+00:00,121725.31,107985736.7338387,-0.00037742892884340407,-0.01038883794620904,-0.3945778218217936,48.82888916571265,545.8585746948957,756.5701772941705,-0.004709911658080546,0.35348080210060556,7.0,7.0,9.0,0.07375406793185643,1.0,0.0,0.07375406793185643,22.0
2025-08-14 08:00:00+00:00,121637.78,116538545.4544782,-0.000719078061908407,-0.0040691118564444295,0.07920313348160324,48.00552203070913,442.12362013840175,693.6808658630168,-0.005979931697300711,0.292568868084325,9.0,9.0,12.0,0.29579364591174656,1.0,0.5555555555555556,0.29579364591174656,24.0
2025-08-14 09:00:00+00:00,121649.84,74626993.0305528,9.914682757283799e-05,-0.0009971974505974535,-0.35963682454142787,48.135288864910315,356.77340081194416,626.2993728528023,-0.0058333915954688065,0.29866483219800655,19.0,23.0,31.0,0.08032212552169095,0.8260869565217391,0.26086956521739135,0.10556693826066821,35.0
2025-08-14 10:00:00+00:00,120933.0,137444509.7457091,-0.005892650578085412,-0.006508999648470737,0.841753287439015,41.5045515916118,228.65395945003547,546.770290172249,-0.011708738086949388,0.09428573022279906,11.0,11.0,16.0,0.2530268108980222,1.0,0.36363636363636365,0.2530268108980222,39.0
2025-08-14 11:00:00+00:00,120949.67,90984427.0367626,0.0001378449223949918,-0.0056570417513374105,-0.33802792701508355,41.7056565162237,126.99953719272162,462.8161395763436,-0.011584239799682927,0.09751991818523782,15.0,15.0,27.0,0.22582988341649374,1.0,0.5333333333333333,0.22582988341649374,45.0
2025-08-14 12:00:00+00:00,118866.37,604244513.7348275,-0.017224519918078385,-0.02288100009009464,5.641186117385564,28.512746891764053,-120.28070289141033,346.19677108279285,-0.027593886624030617,-0.23201604333227294,23.0,24.0,32.0,0.18955401804608604,0.9583333333333334,0.29166666666666663,0.21612305590963882,49.0
2025-08-14 13:00:00+00:00,118428.85,387567532.5329285,-0.0036807719458412658,-0.02070692036086097,-0.3585915573525382,26.6090173802569,-347.54994281043764,207.44742830414674,-0.029826084253504637,-0.14112223807524749,20.0,22.0,26.0,-0.40561570870605385,0.9090909090909091,-0.4090909090909091,-0.3990056520327926,58.0
2025-08-14 14:00:00+00:00,118799.01,218004070.9815733,0.003125589752834612,-0.01778144578649954,-0.43750687897714635,30.817620185235228,-492.1207724585547,67.53378815160646,-0.02566022280974356,0.007380078517108637,16.0,18.0,21.0,-0.005403246937526597,0.8888888888888888,0.055555555555555525,-0.05231215956155211,59.0
2025-08-14 15:00:00+00:00,118257.25,171724852.5640497,-0.00456030736283064,-0.005124409873036417,-0.21228602846336453,28.263057774356994,-642.9976244910213,-74.5724943769191,-0.02831560418622492,0.011551632618713613,15.0,15.0,19.0,0.04869192217787107,1.0,0.0,0.04869192217787107,51.0
2025-08-14 16:00:00+00:00,117866.42,177418703.4139725,-0.003304913652228514,-0.004749096187288915,0.03315682479796633,26.553052267318833,-785.0556980265392,-216.66913510684313,-0.02951841066367611,0.034781981037753894,10.0,11.0,18.0,0.20731061764738776,0.9090909090909091,0.5454545454545454,0.1538996823132038,41.0
2025-08-14 17:00:00+00:00,117920.13,74995705.9548624,0.00045568534278039863,-0.007398041448325121,-0.5772953780421092,27.204879610417933,-883.1236964030686,-349.96004736608825,-0.02721752767293728,0.09846704301360036,16.0,17.0,19.0,-0.08065276823061354,0.9411764705882353,0.05882352941176472,-0.08651556016411632,41.0
2025-08-14 18:00:00+00:00,118089.75,84008996.0691027,0.0014384312500332896,-0.0014164036454424878,0.12018408253487367,29.337694743530747,-936.3625703857833,-467.24055197002724,-0.023859724352909617,0.15982094267217656,9.0,10.0,12.0,0.2233041562139988,0.9,0.49999999999999994,0.17048070579767227,35.0
2025-08-14 19:00:00+00:00,117945.92,81414472.5941864,-0.0012179719238968323,0.0006744923617769683,-0.03088387668366077,28.57321298283979,-978.8767586014437,-569.5677932963106,-0.02288381301007658,0.17856740532462922,14.0,16.0,20.0,-0.03428373299539089,0.875,0.0,-0.04613036901823112,39.0
2025-08-14 20:00:00+00:00,117866.16,70221519.0826879,-0.0006762421285958498,-0.00045768267046519817,-0.1374811278000928,28.135374240829094,-1007.3929259088618,-657.1328198188208,-0.02111916790342261,0.198196937727042,8.0,9.0,9.0,0.3381759433282746,0.8888888888888888,0.6666666666666666,0.290637512691319,31.0
2025-08-14 21:00:00+00:00,117899.16,85137337.0859909,0.0002799785790934539,-0.0016139419382291686,0.21241092756394497,28.6227104035859,-1015.6219125353819,-728.8306383621331,-0.018628825834421492,0.22858104776586868,5.0,7.0,6.0,0.04810268059372902,0.7142857142857143,0.14285714285714285,0.08617054745554924,27.0
2025-08-14 22:00:00+00:00,118285.46,42876062.5609337,0.003276528857372618,0.0028787769852489653,-0.496389433491116,34.24409956436132,-979.6791309745458,-779.0003368846156,-0.013204998508321353,0.295027609326024,6.0,6.0,9.0,0.26219250323871773,1.0,0.33333333333333337,0.26219250323871773,19.0
2025-08-14 23:00:00+00:00,118295.09,52415021.2266205,8.141321849697292e-05,0.0036391276342591095,0.222477487342277,34.382834975212816,-939.5861923616612,-811.1175079800248,-0.011044727183044944,0.31495258971665874,3.0,4.0,4.0,0.46517366357147694,0.75,0.5,0.31484415382146835,14.0
2025-08-15 00:00:00+00:00,118181.97,45849186.7763011,-0.000956252706684535,0.002398744825662824,-0.125266274756076,33.48900957554963,-906.4906285782199,-830.1921320996639,-0.009995283063854443,0.31699445540706855,8.0,8.0,12.0,0.41928753163665533,1.0,0.5,0.41928753163665533,17.0
2025-08-15 01:00:00+00:00,118681.64,56120710.6022158,0.0042279714917596856,0.003349355026391221,0.22402848443156964,40.80877103692013,-830.3709631800593,-830.227898315743,-0.004369560110535575,0.41357921569467176,6.0,6.0,7.0,0.08461141834656398,1.0,0.33333333333333337,0.08461141834656398,17.0
2025-08-15 02:00:00+00:00,118698.0,65238329.0138973,0.00013784777493808242,0.00340597399266529,0.16246441489857966,41.03757500787252,-759.9650605099159,-816.1753307545775,-0.0029470174001445804,0.43685728068234997,6.0,7.0,6.0,0.10472819368754115,0.8571428571428571,0.14285714285714285,-0.026036325221260388,20.0
2025-08-15 03:00:00+00:00,118968.91,56204903.2993896,0.0022823467960706445,0.006658714523035902,-0.1384680731565544,44.8399690584752,-674.5321161329193,-787.846687830246,0.0004868430233535559,0.5116147939589115,8.0,9.0,10.0,0.14609360756973425,0.8888888888888888,0.1111111111111111,0.2179917253088206,20.0
2025-08-15 04:00:00+00:00,118833.03,59221166.9438636,-0.0011421471374328807,0.001275597472363943,0.05366548943972216,43.33061266073727,-610.7499276195012,-752.427335788097,0.0005241061750529408,0.5144394509980247,9.0,9.0,13.0,-0.03374863353868326,1.0,0.1111111111111111,-0.03374863353868326,23.0
2025-08-15 05:00:00+00:00,118984.29,42872286.5890797,0.0012728784244582236,0.002411919324672551,-0.276064812607985,45.528712319743924,-541.7516895805602,-710.2922065465897,0.002923072285809347,0.6013586199676275,7.0,8.0,14.0,0.07875421084463596,0.875,0.5,0.07392380386590958,24.0
2025-08-15 06:00:00+00:00,119082.82,49065434.8892775,0.0008280925154069418,0.0009574770416909129,0.14445574969111408,46.97161271042816,-473.6594895263552,-662.9656631425428,0.004536884918675987,0.6962277741880404,8.0,11.0,9.0,-0.2095584420656616,0.7272727272727273,-0.45454545454545453,-0.20940566156059504,24.0
2025-08-15 07:00:00+00:00,118956.45,54990744.0847548,-0.001061194217604311,0.0010386001265809686,0.12076340928901419,45.31371193529902,-424.99386852061434,-615.3713042181571,0.004315205865348837,0.8020896375552742,11.0,11.0,17.0,-0.12295606647702781,1.0,-0.1818181818181818,-0.12295606647702781,26.0
2025-08-15 08:00:00+00:00,118878.72,29920454.1917883,-0.0006534324116094226,-0.0008872599903734235,-0.45590017575188235,44.27846259598355,-388.2229817665939,-569.9416397278444,0.003653721334663018,0.7554071489698784,16.0,16.0,26.0,-0.03845384099986404,1.0,0.0625,-0.03845384099986404,35.0
2025-08-15 09:00:00+00:00,118707.99,35627291.5625348,-0.0014361695684474984,-0.0031476412802451392,0.19073364776370094,42.008303364777404,-368.60917611296463,-529.6751470048684,0.0020942232958083284,0.6451126386905727,13.0,13.0,21.0,-0.14188509821318662,1.0,-0.07692307692307693,-0.14188509821318662,40.0
2025-08-15 10:00:00+00:00,118879.83,33749319.6609964,0.001447585794351225,-0.0006441012656311917,-0.05271161009368597,45.06139954343334,-335.33352580184874,-490.8068227642645,0.0035106080943214657,0.7412584812353799,19.0,20.0,27.0,0.11548584895208477,0.95,0.35,0.12459652468954262,48.0
2025-08-15 11:00:00+00:00,119006.01,35092665.8453341,0.0010614079781237074,0.001070755135990753,0.039803652275994805,47.2571802153016,-295.3757538965292,-451.72060899071744,0.004258367860882517,0.7843256254056542,15.0,16.0,23.0,0.16500616120174527,0.9375,0.4375,0.16641476303339003,47.0
2025-08-15 12:00:00+00:00,118648.66,76969357.9383539,-0.0030027895229828294,-0.0004997978653332735,1.1933174948174448,42.12249946534252,-289.2102544961235,-419.2185380917987,0.0009124349944213961,0.5644056638973984,12.0,14.0,17.0,-0.24034439067223243,0.8571428571428571,-0.4285714285714286,-0.1463489760644734,46.0
2025-08-15 13:00:00+00:00,117770.48,153958105.3781517,-0.007401516376164818,-0.009331692348483411,1.0002519119551376,32.715121070306694,-351.1381366810383,-405.60245780964664,-0.006433118968025786,0.0587050597379719,23.0,25.0,33.0,0.10730398938059807,0.92,0.24,0.07816186644460844,50.0
2025-08-15 14:00:00+00:00,117400.0,138551984.7066877,-0.003145779825300843,-0.013495200788598782,-0.10006696713773877,29.7014361934241,-425.20951860162313,-409.52386996804194,-0.009270406178331636,-0.060840388309863436,22.0,22.0,36.0,0.1500213760882616,1.0,0.2727272727272727,0.1500213760882616,57.0
2025-08-15 15:00:00+00:00,117275.22,234594389.815835,-0.0010628620102214326,-0.011575689097542252,0.6931867869844486,28.74111221292388,-488.3509201792622,-425.289280010286,-0.010043257968496255,-0.04467588012008772,16.0,17.0,25.0,0.00870671693016501,0.9411764705882353,0.0,0.005403073970228434,61.0
2025-08-15 16:00:00+00:00,117353.36,88557763.8316132,0.00066629591485734,-0.003541804363877854,-0.6225068983911584,30.261745544562473,-526.0220362850523,-445.4358312652393,-0.009169203130029002,0.0353505712839471,14.0,16.0,18.0,-0.07363601098768413,0.875,0.0625,-0.012397356597440583,52.0
2025-08-15 17:00:00+00:00,117586.92,101403411.1300384,0.0019902284860016106,0.0015921635434412718,0.14505388057054325,34.744184953042165,-530.9103234188224,-462.530729695956,-0.007066340603110177,0.1527268327465268,12.0,13.0,14.0,0.008864586169903096,0.9230769230769231,-0.07692307692307693,0.03285549581050873,42.0
2025-08-15 18:00:00+00:00,117159.66,39117523.8626919,-0.0036335674069870594,-0.0009853744039022283,-0.6142385800756929,30.839155732940085,-562.7733367182809,-482.579251100421,-0.010203755124323366,0.04411433150877852,7.0,9.0,13.0,0.07156976664231883,0.7777777777777778,0.2222222222222222,0.17865795668746745,33.0
2025-08-15 19:00:00+00:00,116936.27,51603873.8204067,-0.0019067143076380022,-0.0035541376914984824,0.3192009290144149,29.003668898812762,-599.144149568674,-505.8922307940716,-0.011523644372783304,0.034584606362974564,8.0,10.0,13.0,-0.1959828231483698,0.8,-0.2,-0.09182277740910649,27.0
2025-08-15 20:00:00+00:00,117280.0,29088994.4491238,0.0029394643766216255,-0.0026101542586539628,-0.43630211657442297,35.37710447463331,-593.391890125873,-523.392162660432,-0.008239971560300097,0.18163016834568352,6.0,8.0,9.0,0.24279397167265415,0.75,0.25,0.1780986695860823,21.0
2025-08-15 21:00:00+00:00,117320.02,31529727.4346726,0.0003412346521145526,0.0013687304999008276,0.0839057187011949,36.09639998334987,-578.9303547775198,-534.4998010838495,-0.007330052344800553,0.22391066938464496,4.0,5.0,4.0,-0.16017281711101533,0.8,-0.2,0.03542475774884224,18.0
2025-08-15 22:00:00+00:00,117702.0,44007509.5619473,0.0032558807951106328,0.006548267701714794,0.39574659036072535,42.65708144256985,-530.5312560883322,-533.706092084746,-0.003678218690218338,0.3610825369218768,7.0,8.0,14.0,-0.04160930588841438,0.875,0.25,-0.055981963872909546,17.0
2025-08-15 23:00:00+00:00,117342.05,54274194.2961459,-0.0030581468454231597,0.0005290757162346171,0.23329392724999964,38.63214785723135,-515.2797541969339,-530.0208245071836,-0.006040725579627093,0.27018359321690616,3.0,4.0,5.0,0.09531019255518913,0.75,0.0,0.12811966488758722,14.0
2025-08-16 00:00:00+00:00,117735.21,64181901.8161228,0.0033505465432042136,0.003538952686847452,0.18254914049788962,44.76285582468917,-466.09524696922745,-517.2357089995925,-0.0022465028012046417,0.41250213369015903,4.0,4.0,6.0,-0.08746726252138615,1.0,-0.25,-0.08746726252138615,14.0
2025-08-16 01:00:00+00:00,117821.6,41164044.3881001,0.0007337652007415318,0.0010161254694058819,-0.35863470506011874,46.03850860843689,-415.3572399165423,-496.86001518298247,-0.0010222256097581761,0.45834125491030087,6.0,6.0,10.0,0.1975518837571144,1.0,0.16666666666666669,0.1975518837571144,13.0
2025-08-16 02:00:00+00:00,117505.51,36165490.4355714,-0.002682784820440487,0.001393021512748449,-0.1214300982041917,42.19851583840693,-396.08698094457213,-476.70540833530043,-0.0030356184331444824,0.3683660016906514,6.0,6.0,9.0,0.6257057189941406,1.0,1.0,0.6257057189941406,16.0
2025-08-16 03:00:00+00:00,117429.63,25528505.0676015,-0.00064575695216329,-0.0025954852418406116,-0.2941197600214942,41.30779337450874,-382.52849336319196,-457.8700253408788,-0.0030336720558964414,0.3597263640349864,6.0,6.0,10.0,0.4263413737838467,1.0,0.5,0.4263413737838467,18.0
2025-08-16 04:00:00+00:00,117815.66,26190116.7615572,0.0032873304633591616,-5.041520400339561e-05,0.025916585879341536,47.391641922476204,-336.7520316585433,-433.6464266044117,0.0006952633586867485,0.5349323476525392,6.0,6.0,11.0,0.4140980802476406,1.0,0.8333333333333334,0.4140980802476406,18.0
2025-08-16 05:00:00+00:00,117595.78,23706991.7111403,-0.0018663053790981543,0.0007682192945674959,-0.09481153035795997,44.55844146558262,-314.5899373696011,-409.83512875744964,-0.0007003294114981129,0.46197518703362045,10.0,10.0,11.0,0.3966721773147583,1.0,0.6000000000000001,0.3966721773147583,22.0
2025-08-16 06:00:00+00:00,117394.65,30593972.6729667,-0.0017103504904683042,-0.0002978805264055584,0.2905042126703108,42.080277964463654,-309.6859610763495,-389.8052952212296,-0.0017795705636022285,0.38842557860520793,7.0,7.0,10.0,-0.21832267833607538,1.0,-0.2857142857142857,-0.21832267833607538,23.0
2025-08-16 07:00:00+00:00,117596.07,28284628.5859274,0.0017157511010936766,-0.0018638439066589463,-0.07548362913587459,45.35774974977192,-286.24693735854817,-369.0936236486933,0.0005328909060453579,0.545847085300618,6.0,6.0,9.0,-0.10383222252130508,1.0,0.16666666666666669,-0.10383222252130508,23.0
2025-08-16 08:00:00+00:00,117631.09,21766193.1892141,0.0002977990676047426,0.00030026587688780637,-0.2304585820142766,45.93062763110022,-261.82733829350036,-347.64036657765473,0.0012642812794025904,0.6623012839905377,8.0,8.0,10.0,0.31072370475158095,1.0,0.5,0.31072370475158095,21.0
2025-08-16 09:00:00+00:00,117312.0,35668265.0772208,-0.002712633199267289,-0.0007040354905439861,0.6387001974647388,41.646219829421426,-265.1658593873435,-331.1454651395925,-0.0012568998703255119,0.33348145449750305,10.0,10.0,14.0,0.17259672619402408,1.0,0.2,0.17259672619402408,24.0
2025-08-16 10:00:00+00:00,117388.0,61562337.9499104,0.0006478450627387389,-0.001769361850272766,0.7259695086550932,43.009778557480736,-258.6969985988835,-316.6557718314507,-0.0006047640353932238,0.41994298266052715,15.0,16.0,26.0,0.04076905827969313,0.9375,0.125,-0.0018405725558598837,33.0
2025-08-16 11:00:00+00:00,117378.52,22636128.115826,-8.075782873884219e-05,-0.002147136441564834,-0.6323055804955999,42.87519549878602,-251.4369281965628,-303.61200310447316,-0.0007294137277570334,0.40204252292997494,8.0,8.0,15.0,-0.045910730957984924,1.0,0.0,-0.045910730957984924,33.0
2025-08-16 12:00:00+00:00,117747.36,40913874.1088101,0.0031423125798484275,0.003711129296235738,0.807459027421092,49.496708430560155,-213.46032684778038,-285.5816678531346,0.002242520038916007,0.7921666642612621,10.0,10.0,15.0,0.3828538928180933,1.0,0.6,0.3828538928180933,33.0
2025-08-16 13:00:00+00:00,117623.52,43008539.6140478,-0.0010517433257102304,0.002006337956179438,0.05119694848908618,47.50564393814852,-191.15295739390422,-266.69592576128855,0.0011728232867089794,0.652145415828262,12.0,14.0,21.0,-0.165648025061403,0.8571428571428571,-0.0714285714285714,-0.20873849466443062,30.0
2025-08-16 14:00:00+00:00,117771.39,29780126.9747183,0.0012571465298776285,0.0033470348748645407,-0.3075764198933352,50.08744414119745,-159.70139491700684,-245.2970195924322,0.002170536888807195,0.7878098568307054,12.0,12.0,19.0,0.40668409410864115,1.0,0.75,0.40668409410864115,34.0
2025-08-16 15:00:00+00:00,117676.7,26486399.36567,-0.0008040153045659748,-0.0006000983801250914,-0.11060153006884399,48.44435208189507,-140.79351668106392,-224.39631901015858,0.0010494129907223648,0.6719112473261967,8.0,8.0,14.0,0.02373710321262479,1.0,0.125,0.02373710321262479,32.0
2025-08-16 16:00:00+00:00,117747.65,45903860.213695,0.0006029230935264973,0.0010553161476547501,0.7331106270787673,49.773874515193306,-118.71533838589676,-203.2601228853062,0.0014537699237833213,0.747587681922783,7.0,8.0,11.0,0.4505924265831709,0.875,0.5,0.45290895232132505,27.0
2025-08-16 17:00:00+00:00,117693.0,21359258.1968368,-0.00046412815882090896,-0.0006656115717068589,-0.5346958164868134,48.73143451806679,-104.42428315877623,-183.4929549400002,0.0008302240166011554,0.6490307295359555,6.0,6.0,9.0,0.5943581790973743,1.0,0.8333333333333334,0.5943581790973743,21.0
2025-08-16 18:00:00+00:00,117685.79,13224314.3914493,-6.126107754922394e-05,7.72455379867143e-05,-0.3808626559227719,48.58685784943637,-92.61272384226322,-165.3169087204528,0.0007758097039165524,0.6396802258097755,8.0,9.0,13.0,0.5751281198528078,0.8888888888888888,0.7777777777777778,0.5720031205564737,21.0
2025-08-16 19:00:00+00:00,117672.12,15746525.7348018,-0.00011615675945242376,-0.0006414565386230198,0.190725301039677,48.29430597842313,-83.3937218268693,-148.9322713417361,0.000519147592940028,0.599568461079101,4.0,4.0,6.0,0.0024094730615615845,1.0,0.0,0.0024094730615615845,18.0
2025-08-16 20:00:00+00:00,117655.41,18347361.6343551,-0.00014200475014802816,-0.00031939027809635423,0.1651688723821234,47.91451574866961,-76.55349264867255,-134.45651560312342,0.0004110084450914542,0.5800056313057946,6.0,6.0,11.0,0.02395751823981603,1.0,0.16666666666666669,0.02395751823981603,18.0
2025-08-16 21:00:00+00:00,117452.21,17985889.6363584,-0.001727077403410493,-0.0019847765817775365,-0.019701579180728235,43.44071385283565,-86.53162086919474,-124.87153665633768,-0.0011599168330964638,0.2667521651434228,6.0,7.0,9.0,-0.04150162876716682,0.8571428571428571,0.2857142857142857,-0.049235611533125244,16.0
2025-08-16 22:00:00+00:00,117460.56,38181254.4338382,7.109274487038242e-05,-0.0017978770162380142,1.122844919311356,43.67345342214796,-92.69703049074451,-118.43663542321906,-0.001069813750626869,0.2871997899393598,3.0,3.0,3.0,0.44012205799420673,1.0,1.0,0.44012205799420673,15.0
2025-08-16 23:00:00+00:00,117380.66,23333411.6966243,-0.000680228325150134,-0.0023352092351723863,-0.3888778134029818,41.89684147760118,-102.84489238240349,-115.31828681505594,-0.0017285273570643023,0.1629144035015442,3.0,3.0,3.0,-0.03605649868647257,1.0,0.0,-0.03605649868647257,12.0
2025-08-17 00:00:00+00:00,117255.19,18733272.2122848,-0.001068915441436391,-0.0016774482148952385,-0.19714817293542264,39.20009590338712,-119.63247771197348,-116.18112499443944,-0.002557877079797488,0.02123749420955569,2.0,2.0,2.0,-0.7094626575708389,1.0,-1.0,-0.7094626575708389,8.0
2025-08-17 01:00:00+00:00,117439.97,28645345.5283091,0.0015758790719626603,-0.00017529288128714793,0.5291159602925226,44.831887373201205,-116.68152630109398,-116.28120525577036,-0.0009198192607002831,0.32967341839749126,5.0,5.0,7.0,0.05051020979881286,1.0,0.19999999999999996,0.05051020979881286,10.0
2025-08-17 02:00:00+00:00,117606.0,18490714.6320033,0.0014137435491510253,0.001919737033340807,-0.3544949697419557,49.369929201943584,-99.79526492446894,-112.98401718951008,0.00040268832426848533,0.576291666915222,2.0,2.0,4.0,-0.8507373332977295,1.0,-1.0,-0.8507373332977295,9.0
2025-08-17 03:00:00+00:00,117684.95,24628575.3775334,0.0006713092869410353,0.003665168253959461,0.3319428625493377,51.41646673502078,-79.13001438807987,-106.21321662922405,0.0010364263560258546,0.6935391170062735,4.0,4.0,5.0,0.1326662376523018,1.0,0.0,0.1326662376523018,11.0
2025-08-17 04:00:00+00:00,118076.11,43964625.5003371,0.003323789490499829,0.005416724816942553,0.7851063176168271,60.03572843656948,-30.833877764001954,-91.13734885617963,0.0041736022135849815,1.1360720073223294,7.0,7.0,9.0,0.23088973334857396,1.0,0.4285714285714286,0.23088973334857396,13.0
2025-08-17 05:00:00+00:00,118000.01,35033184.097149,-0.0006444995520262786,0.0033502542387293666,-0.20315063079792683,57.88415787619301,1.2857036681525642,-72.6527383513132,0.003232909274186735,0.970162743702765,4.0,4.0,7.0,0.07656171917915344,1.0,0.0,0.07656171917915344,15.0
2025-08-17 06:00:00+00:00,117923.99,27410483.8151175,-0.0006442372335391244,0.0020311858058317256,-0.21758514044550792,55.735317383580096,20.371692497690674,-54.04785218151243,0.002358203338983289,0.8380088854134533,2.0,2.0,2.0,-0.2641158401966095,1.0,0.0,-0.2641158401966095,13.0
2025-08-17 07:00:00+00:00,118005.98,24523214.4982279,0.0006952783738065627,-0.0005939389432799702,-0.10533448940062873,57.56504284853137,41.6334593299689,-34.911589879216166,0.0027877062774774863,0.891030132690822,0.0,1.0,0.0,0.5211421251296997,0.0,1.0,0.0,6.0
2025-08-17 08:00:00+00:00,118366.06,39923688.0088349,0.0030513707864634476,0.0031021183811763553,0.6279957104204208,64.50448896361223,86.54141386432457,-10.620989130508022,0.005583237153589549,1.137281911208086,4.0,4.0,7.0,0.5166170932352543,1.0,0.5,0.5166170932352543,6.0
2025-08-17 09:00:00+00:00,118345.99,39089204.3604779,-0.00016955874006441274,0.003578576335485195,-0.02090196797881827,63.87746838932695,119.13845614777529,15.330899925148639,0.0051042767536253475,1.0150692316722472,7.0,7.0,10.0,0.26852513370769365,1.0,0.42857142857142855,0.26852513370769365,11.0
2025-08-17 10:00:00+00:00,118393.34,20137477.778864,0.0004000980514844432,0.0032825455116767266,-0.48483275348462984,64.74809461002165,147.09695416304749,41.68411077272841,0.005240923933075736,0.9759719231269642,8.0,8.0,11.0,0.06684196926653385,1.0,0.25,0.06684196926653385,19.0
2025-08-17 11:00:00+00:00,118308.01,20032887.1863976,-0.0007207331088049385,-0.0004904277459265582,-0.005193827827642661,61.85479517849254,160.51849016743654,65.45098665167004,0.004247262380668859,0.8645099197267214,8.0,9.0,12.0,0.35354706686404014,0.8888888888888888,0.4444444444444445,0.30608580680564046,23.0
2025-08-17 12:00:00+00:00,118162.6,21708845.7506987,-0.0012290799245121553,-0.0015496089052109419,0.08366036052152692,57.166796732807065,157.6050099410495,83.88179130954593,0.0028363493613667856,0.7377892431609467,6.0,6.0,7.0,0.006220416476329167,1.0,-0.16666666666666666,0.006220416476329167,22.0
2025-08-17 13:00:00+00:00,118429.99,46861578.0888314,0.0022628987513815257,0.00030956133174386835,1.1586397833852202,62.756627466945076,174.85655665893864,102.07674437942448,0.004791429317583251,0.8783116053689263,12.0,15.0,20.0,0.3310985992352168,0.8,0.6000000000000001,0.3463129947582881,26.0
2025-08-17 14:00:00+00:00,118150.01,22428148.1711933,-0.0023640971345181283,-0.0013354970639772867,-0.5213957983088359,54.706163775157975,164.0454715329688,114.47048981013336,0.002218639588957627,0.6740227912250708,8.0,8.0,11.0,0.18392278929241002,1.0,0.125,0.18392278929241002,26.0
2025-08-17 15:00:00+00:00,118246.16,24210389.8846205,0.000813795953127805,0.000707161149128277,0.07946450593349952,56.75769033682108,161.37586955069855,123.85156575824641,0.0027900943340224416,0.716434558590668,6.0,6.0,11.0,0.3874083645641804,1.0,0.33333333333333337,0.3874083645641804,26.0
2025-08-17 16:00:00+00:00,117834.56,57631308.3804443,-0.003480874135785905,-0.005027696109743851,1.3804370212581434,46.95340593762417,124.61107176345831,124.0034669592888,-0.0007763971369617595,0.43909736170817437,5.0,6.0,7.0,0.12371898535639048,0.8333333333333334,0.16666666666666666,0.1456667933613062,19.0
2025-08-17 17:00:00+00:00,117900.0,25094143.8445713,0.0005553548975785194,-0.0021160387544613135,-0.5645744552784377,48.47725784652287,99.60695871915959,119.12416531126297,-0.0004112557355218094,0.4663088301211903,9.0,10.0,12.0,0.17566140852868556,0.9,0.3,0.1359664594961537,20.0
2025-08-17 18:00:00+00:00,117542.01,42377568.8911832,-0.003036386768447863,-0.005954950249547286,0.6887433639363185,41.46056089418794,50.32411278736254,105.36415480648289,-0.0034808013672988913,0.21071906910797114,8.0,8.0,9.0,0.09832628257572651,1.0,0.375,0.09832628257572651,22.0
2025-08-17 19:00:00+00:00,117570.07,31101672.541454,0.00023872315949002854,-0.0022445876659614727,-0.2660817183421579,42.16715608652354,13.377106854619342,86.96674521611018,-0.00332293309585574,0.21322443832005933,7.0,7.0,10.0,0.35156020282634665,1.0,0.7142857142857143,0.35156020282634665,24.0
2025-08-17 20:00:00+00:00,117599.44,16610610.1597143,0.00024980847591571376,-0.00254927905004243,-0.465925501672787,42.94345425225624,-13.379517244859017,66.89749272391634,-0.003219400528122418,0.19677345219186007,8.0,8.0,13.0,0.4452380365692079,1.0,0.5,0.4452380365692079,23.0
2025-08-17 21:00:00+00:00,117700.0,12293022.2701854,0.0008551061127501924,0.0013441151806066198,-0.25992951782110585,45.634277530876076,-26.168330801505363,48.284328018832,-0.0024769759481858555,0.25264093026518347,0.0,1.0,0.0,0.239529550075531,0.0,1.0,0.0,15.0
2025-08-17 22:00:00+00:00,117954.99,27361333.011824,0.0021664401019541035,0.0032739624974280623,1.2257612823320252,51.83691711311314,-15.548759305413114,35.51771055398298,-0.00046372030214270055,0.4514962934018004,3.0,4.0,3.0,0.4074811190366745,0.75,0.75,0.49454188346862793,11.0
2025-08-17 23:00:00+00:00,117405.01,27337903.9135504,-0.004662625972839396,-0.0016533241995030368,-0.0008562849720616938,40.977524554549845,-50.924436802146374,18.229281082757108,-0.005006169016313566,0.01410263452834289,7.0,7.0,10.0,0.36875163657324656,1.0,0.42857142857142855,0.36875163657324656,10.0
2025-08-18 00:00:00+00:00,117290.19,75054544.6297108,-0.0009779821150732726,-0.0034818181818181415,1.7454388919886794,39.134295866368966,-87.21951818217349,-2.86047877022901,-0.0056481071329218535,0.009682876250396055,6.0,6.0,10.0,-0.21466969201962152,1.0,0.0,-0.21466969201962152,16.0
2025-08-18 01:00:00+00:00,116269.54,220754954.1901514,-0.008701921277474378,-0.014288924953492987,1.9412603231325742,27.355097229872285,-196.08125409894274,-41.50463383597176,-0.013577317370524256,-0.30003648264604244,5.0,5.0,7.0,-0.014769819378852845,1.0,0.0,-0.014769819378852845,18.0
2025-08-18 02:00:00+00:00,115453.24,233396228.9124506,-0.007020755393028932,-0.016624247977151785,0.0572638325091015,21.723355079278846,-344.2551924485306,-102.05474555848352,-0.019475077698686616,-0.2899291285488464,4.0,4.0,5.0,-0.4476097673177719,1.0,-0.5,-0.4476097673177719,15.0
2025-08-18 03:00:00+00:00,115319.0,144575203.444205,-0.0011627218084135915,-0.016806094354523626,-0.3805589571096426,20.959175336842534,-467.13135278000846,-175.0700670027885,-0.01949639743638265,-0.14096542976120885,6.0,7.0,10.0,0.045158443706376214,0.8571428571428571,0.2857142857142857,0.023759782314300537,15.0
2025-08-18 04:00:00+00:00,115469.51,68955453.1841737,0.0013051622022388631,-0.006880821924641678,-0.5230478564687944,24.179668591294643,-546.0719188200019,-249.2704373662312,-0.01700622206969915,-0.004491885852334123,6.0,7.0,10.0,0.3532141149044037,0.8571428571428571,0.5714285714285714,0.260672186811765,16.0
2025-08-18 05:00:00+00:00,115687.99,88062694.5035268,0.0018921012135586501,0.0020332907071296535,0.2770954353431543,28.719823904181993,-584.2682948476722,-316.2700088625194,-0.014030792688271676,0.1043271216901576,7.0,8.0,13.0,-0.08093054359778762,0.875,0.0,-0.0841118193098477,19.0
2025-08-18 06:00:00+00:00,115245.56,146798856.9844808,-0.0038243382048560592,-0.0006368421509032052,0.6669812093769363,25.402559608124534,-642.8294635890488,-381.58189980782527,-0.016482208514590035,0.06273278341153056,7.0,7.0,10.0,0.07786337099969387,1.0,0.2857142857142857,0.07786337099969387,20.0
2025-08-18 07:00:00+00:00,115205.98,92049073.2063953,-0.0003434405629162418,-0.0022822474954643512,-0.37295783429617235,25.122992817106365,-684.5424081745732,-442.17400148117486,-0.015516874773559897,0.1057007182685368,20.0,20.0,28.0,0.10488645564764738,1.0,0.39999999999999997,0.10488645564764738,34.0
2025-08-18 08:00:00+00:00,115135.43,67089332.5137744,-0.0006123814058958121,-0.004776295274902864,-0.27115689298310897,24.60322890662532,-715.0503572581074,-496.7492726365614,-0.01484553398680788,0.13541415881836896,13.0,13.0,22.0,-0.15327385239876234,1.0,-0.23076923076923073,-0.15327385239876234,40.0
2025-08-18 09:00:00+00:00,115038.46,143147540.2148325,-0.0008422255425630798,-0.001797032354218131,1.133685562983389,23.872171087965285,-738.5393731240329,-545.1072927340557,-0.01424494674342891,0.15280374555387252,19.0,20.0,29.0,0.021422746963799,0.95,0.04999999999999999,0.06445998286730364,52.0
2025-08-18 10:00:00+00:00,115058.58,65377860.1588289,0.00017489802975445556,-0.0012794474731259164,-0.5432833839777385,24.374287437547565,-746.9210308751499,-585.4700403622746,-0.01276493701395165,0.1899326648687063,22.0,23.0,29.0,0.050833127663835236,0.9565217391304348,0.13043478260869568,0.05116494753482667,54.0
2025-08-18 11:00:00+00:00,114947.27,45762085.8519197,-0.0009674202480162153,-0.001634249335760396,-0.3000369583717585,23.452683440176685,-753.8553663681669,-619.1471055634531,-0.012322177090560604,0.19645056381451648,22.0,22.0,35.0,0.06730438404801217,1.0,0.1363636363636364,0.06730438404801217,63.0
2025-08-18 12:00:00+00:00,115519.99,54994961.5445559,0.004982458478570262,0.0041858175083357985,0.201758191759716,36.712138926727775,-705.0102404282952,-636.3197325364215,-0.006413099976516734,0.33732730679679135,27.0,28.0,38.0,0.07958715741655656,0.9642857142857143,0.25,0.10658586259793353,71.0
2025-08-18 13:00:00+00:00,114839.13,95224354.9154115,-0.005893871701339259,-0.0019072893129742363,0.73151052825562,30.048409400890947,-713.0205806129816,-651.6599021517335,-0.010967283778867798,0.21613834720958705,21.0,22.0,24.0,0.17941204678605904,0.9545454545454546,0.40909090909090906,0.18707467189856938,70.0
2025-08-18 14:00:00+00:00,115633.73,77571324.154612,0.006919244337709518,0.005971955662800843,-0.1853835689039932,43.04221070229229,-647.784002915927,-650.8847223045723,-0.003304903471797349,0.4109238870261886,14.0,14.0,16.0,0.2516146187803575,1.0,0.42857142857142855,0.2516146187803575,62.0
2025-08-18 15:00:00+00:00,116145.34,92199432.5159806,0.00442440108089559,0.005413348806557083,0.18857623639648646,49.54126457120995,-548.4783764818858,-630.403453140035,0.0017199484183656466,0.5490477322766776,25.0,26.0,32.0,0.01982016359957365,0.9615384615384616,0.0,0.017598866671323776,60.0
2025-08-18 16:00:00+00:00,115962.24,57646641.3074646,-0.0015764730638352376,0.009779854654071274,-0.3747614303648462,47.4543390785449,-479.0306249853311,-600.1288875090943,0.0008473809811893052,0.5260207700562519,20.0,21.0,34.0,0.024613591620609873,0.9523809523809523,0.09523809523809523,0.001721781212836504,59.0
2025-08-18 17:00:00+00:00,116428.99,83082579.1403654,0.004025017109017481,0.0068774050616546845,0.4412388520128254,52.901021008067886,-381.9273367759306,-556.4885773624616,0.005427277549476361,0.6834950920222931,5.0,7.0,7.0,-0.12834882682987622,0.7142857142857143,-0.14285714285714285,0.0015283361077308654,50.0
2025-08-18 18:00:00+00:00,116481.81,27931305.3028421,0.00045366708068139694,0.0028969737399708873,-0.663812731960896,53.48858271327704,-297.2832524320984,-504.64751237638893,0.00652364168956332,0.7620171054478427,14.0,15.0,20.0,0.18542135941485563,0.9333333333333333,0.4666666666666667,0.19484874912138497,39.0
2025-08-18 19:00:00+00:00,116313.99,32787742.9535577,-0.0014407399747651262,0.0030333149825323424,0.17387077324386424,51.29890553159286,-240.96616922902467,-451.91124374691606,0.005547495021031246,0.7561174567110656,8.0,10.0,23.0,-0.05309483110904693,0.8,0.0,-0.0909630423411727,27.0
2025-08-18 20:00:00+00:00,116407.99,40599477.1790124,0.0008081572990488173,-0.00018036744972194096,0.23825166119301522,52.47253887007007,-186.5984696342639,-398.84868892438567,0.006744043213995354,0.8641736787673151,7.0,8.0,8.0,0.27271828055381775,0.875,0.5,0.31277363853795187,29.0
2025-08-18 21:00:00+00:00,116648.99,26850247.9637073,0.002070304624278707,0.0014352455546493559,-0.3386553268822058,55.43761606623159,-122.65114408696536,-343.60917995690164,0.00866280669008379,0.9443180287012136,7.0,10.0,12.0,0.12905332446098328,0.7,0.19999999999999996,0.2907016703060695,22.0
2025-08-18 22:00:00+00:00,116399.99,36936654.1760155,-0.002134609138064514,0.0007393779544488943,0.3756541178294406,51.83915900657501,-91.01547713011678,-293.0904393915447,0.006097882865190973,0.8016080438352471,12.0,12.0,18.0,0.028126660734415054,1.0,0.16666666666666669,0.028126660734415054,26.0
2025-08-18 23:00:00+00:00,116227.05,36965536.5238026,-0.0014857389592559667,-0.0015543606585768366,0.0007819427187276684,49.43888281473359,-78.9882682365278,-250.27000516054133,0.004208997897795053,0.7067367119738659,7.0,7.0,8.0,-0.27273932684745106,1.0,-0.42857142857142855,-0.27273932684745106,26.0
2025-08-19 00:00:00+00:00,116563.13,69360320.0559427,0.002891581606863536,-0.0007360543798964336,0.8763509630458268,53.9055519749972,-41.85528955083282,-208.58706203859964,0.006637167186285042,0.8140638860081625,10.0,10.0,20.0,0.13954982608556749,1.0,0.39999999999999997,0.13954982608556749,29.0
2025-08-19 01:00:00+00:00,115798.0,53526470.1350913,-0.006564082484744604,-0.005171735839496261,-0.22828398006353745,44.308616772753616,-73.32152802156634,-181.533955235193,-1.7983579588487508e-05,0.4991483147894113,12.0,12.0,21.0,0.054835763604690634,1.0,0.08333333333333331,0.054835763604690634,29.0
2025-08-19 02:00:00+00:00,115747.08,39932525.9097958,-0.00043973125615293096,-0.0041295894544342016,-0.25396676057634293,43.75037961802292,-101.20098519352905,-165.46736122686022,-0.000674106567270405,0.4673678837544492,7.0,7.0,11.0,0.01650135698063033,1.0,0.0,0.01650135698063033,29.0
2025-08-19 03:00:00+00:00,114810.0,113704181.5624411,-0.008095927776320622,-0.015040176083123358,1.8474076951527993,35.00894800805064,-196.64339767649653,-171.7025685167875,-0.008595107379291811,0.10142293882856039,10.0,12.0,17.0,0.2098173744355639,0.8333333333333334,0.16666666666666669,0.16120097003877162,29.0
2025-08-19 04:00:00+00:00,115305.99,111724537.9853232,0.0043200940684609,-0.004248864401803054,-0.017410472947564926,41.65392277168913,-229.61311232637672,-183.28467727870535,-0.004385462840110543,0.2939476147064357,9.0,9.0,15.0,-0.3732717235883077,1.0,-0.3333333333333333,-0.3732717235883077,26.0
2025-08-19 05:00:00+00:00,114972.9,46884065.7564206,-0.002888748450969536,-0.006688548860152688,-0.5803601733168091,38.78587291475636,-279.3986937492009,-202.50748057280447,-0.007233443495520353,0.16248580702093382,5.0,5.0,9.0,-0.5828409612178802,1.0,-1.0,-0.5828409612178802,24.0
2025-08-19 06:00:00+00:00,115019.99,45390383.9878152,0.00040957477805658726,0.0018290218622072363,-0.031859049434099895,39.420919008643885,-311.4639932257851,-224.29878310340058,-0.0068102839959837125,0.18345552796644365,16.0,19.0,28.0,-0.06820343787732877,0.8421052631578947,0.05263157894736842,-0.030678935814648867,30.0
2025-08-19 07:00:00+00:00,114978.14,83171846.8425281,-0.0003638497968918575,-0.0028433041509813295,0.8323671124891812,39.033357221715704,-336.37539317780465,-246.7141051182814,-0.00718488812863749,0.16490867723301367,15.0,15.0,19.0,-0.14851198519269626,1.0,-0.06666666666666671,-0.14851198519269626,36.0
2025-08-19 08:00:00+00:00,115186.48,56324757.4117837,0.001811996610834088,0.0018576551517792694,-0.32279058900272883,42.085890910784975,-335.4398188589839,-264.45924786642195,-0.005242675524546492,0.26013765577642034,16.0,16.0,20.0,0.05486401589587331,1.0,0.1875,0.05486401589587331,47.0
2025-08-19 09:00:00+00:00,115322.7,51178210.467992,0.001182604069505322,0.0026318033934795704,-0.09137273164207171,44.058123429525374,-320.01759033158305,-275.57091635945415,-0.004274185955463583,0.29523960015685,15.0,16.0,19.0,0.030673363362438977,0.9375,0.25,0.024895770475268364,46.0
2025-08-19 10:00:00+00:00,115400.0,27895135.0105099,0.0006702930125639384,0.0036690452637344606,-0.4549411799391434,45.198605974750485,-298.1213418804109,-280.0810014636455,-0.003506207448247145,0.3336106229996814,26.0,27.0,37.0,0.1512022860072277,0.9629629629629629,0.2222222222222222,0.15670583232377583,57.0
2025-08-19 11:00:00+00:00,115508.71,34207820.2415453,0.0009420277296361412,0.0027974637301184657,0.22630057996338793,46.83999421262861,-268.8967444684822,-277.8441500646129,-0.0022932439222852485,0.39085752693513887,19.0,19.0,29.0,0.1609463720141273,1.0,0.15789473684210525,0.1609463720141273,60.0
2025-08-19 12:00:00+00:00,115599.99,39138169.7841354,0.0007902434370532507,0.0024044702387302497,0.14412931042598887,48.241805800337666,-235.65403430849256,-269.40612691338885,-0.0013485769250544122,0.43577692572363846,18.0,19.0,27.0,0.14720691858153595,0.9473684210526315,0.368421052631579,0.14613004070189264,63.0
2025-08-19 13:00:00+00:00,115192.0,107156050.7272402,-0.0035293255648205513,-0.0018024263431541954,1.7378912023289281,42.80817739927891,-239.46987068674935,-263.41887566806093,-0.004341153645873064,0.29035455240462227,21.0,24.0,25.0,0.2361005094523231,0.875,0.45833333333333337,0.21740391637597764,58.0
2025-08-19 14:00:00+00:00,113882.66,258536311.3310114,-0.01136658795749701,-0.014077293391987489,1.4127084712099114,30.81337201336818,-344.17925963623566,-279.57095246169587,-0.014551458885365687,-0.11005510387212321,23.0,26.0,44.0,-0.0192407973540517,0.8846153846153846,-0.03846153846153849,-0.028264333939422733,62.0
2025-08-19 15:00:00+00:00,113786.38,200766758.3754707,-0.0008454316047763477,-0.01568866917722056,-0.22344850770914226,30.14450021466783,-429.974715256074,-309.6517050205715,-0.014306639140122535,-0.038040627768890105,26.0,28.0,41.0,0.0017233955274735177,0.9285714285714286,0.14285714285714285,-0.005109154404355929,70.0
2025-08-19 16:00:00+00:00,113388.3,109044603.4656016,-0.0034984854953642452,-0.01565820543093266,-0.4568592711863776,27.487688156014542,-524.0490498271101,-352.53117398187925,-0.01646868468795315,-0.05589740575244346,4.0,6.0,7.0,0.30869557708501816,0.6666666666666666,0.5,0.6417127624154091,53.0
2025-08-19 17:00:00+00:00,113520.11,122976817.4156096,0.0011624656159410218,-0.0031835399700007594,0.12776619389883836,29.697159154165803,-581.267186031444,-398.2783763917922,-0.013987347225513314,0.04058075193381734,18.0,20.0,23.0,-0.08300309777259826,0.9,0.15000000000000002,-0.14924471494224337,48.0
2025-08-19 18:00:00+00:00,113069.61,100634816.6150068,-0.003968459861428908,-0.006299260069614676,-0.18167652465014028,26.70242437565551,-655.4094045843667,-449.70458203030717,-0.016477781241375333,-0.007167632874938799,10.0,12.0,15.0,0.03010127538194259,0.8333333333333334,0.08333333333333331,-0.1291068959981203,32.0
2025-08-19 19:00:00+00:00,113132.48,96249337.7084374,0.0005560291576136578,-0.002256141065700823,-0.04357814774330737,27.796717697394072,-701.013713654771,-499.9664083552,-0.01460468346916266,0.06671022736181348,14.0,14.0,15.0,-0.14556114162717546,1.0,0.0,-0.14556114162717546,42.0
2025-08-19 20:00:00+00:00,113570.44,56244560.0033033,0.0038712136426251043,0.00044335756898061796,-0.41563691405667935,35.06901762983969,-693.8178451070271,-538.7366957055654,-0.009499056502884295,0.20228694759904897,12.0,14.0,14.0,0.13230305564190661,0.8571428571428571,0.2857142857142857,0.08846212395777305,36.0
2025-08-19 21:00:00+00:00,113419.11,35984934.1444953,-0.0013324770072212777,0.0030910162332744573,-0.36020596227649626,33.802141016438185,-692.3452091210929,-569.4583983886708,-0.009791663184460675,0.1930665123071668,11.0,12.0,22.0,-0.3000499736517668,0.9166666666666666,-0.41666666666666674,-0.3423605866052888,37.0
2025-08-19 22:00:00+00:00,113174.42,123447843.7309245,-0.0021573965798180605,0.0003707158191883497,2.430542438544621,31.80165156406987,-702.8208907945809,-596.1308968698529,-0.010817049594889494,0.1621159684237087,7.0,8.0,9.0,-0.05252240691334009,0.875,-0.125,-0.07333872467279434,30.0
2025-08-19 23:00:00+00:00,112872.94,81530437.1900413,-0.002663852838830527,-0.006141562892597707,-0.33955559914233324,29.486189460550975,-727.0686654299789,-622.3184505818781,-0.012616239223023573,0.12804344051535757,5.0,5.0,8.0,-0.10921993143856526,1.0,0.0,-0.10921993143856526,23.0
2025-08-20 00:00:00+00:00,113215.5,68520593.1181481,0.0030349169606107562,-0.0017952001210378432,-0.1595703950607824,35.25464373224486,-710.45380321634,-639.9455211087705,-0.008713224738608694,0.24341007197732653,13.0,13.0,19.0,-0.18763759159124815,1.0,-0.23076923076923078,-0.18763759159124815,25.0
2025-08-20 01:00:00+00:00,112996.93,113380746.7077619,-0.0019305660444021155,-0.0015682872507762902,0.6546959322471526,33.378399526092636,-706.7759048641601,-653.3115978598485,-0.009770366125314789,0.21771144865535208,8.0,9.0,10.0,-0.15637871333294445,0.8888888888888888,-0.1111111111111111,-0.1752092745155096,26.0
2025-08-20 02:00:00+00:00,113438.29,103559325.7610319,0.0039059468252811147,0.005008729284450286,-0.08662335742103244,40.28898138663764,-660.63172917669,-654.7756241232169,-0.005213146665980717,0.3475322279989122,11.0,11.0,13.0,-0.09276800433343108,1.0,0.09090909090909094,-0.09276800433343108,32.0
2025-08-20 03:00:00+00:00,113525.91,67170849.2904438,0.0007724023343440578,0.0027417623911920597,-0.3513780743856546,41.584438590244055,-609.9606886331894,-645.8126370252114,-0.003810437311822401,0.38638679305078727,7.0,7.0,12.0,-0.18399585730263165,1.0,-0.14285714285714285,-0.18399585730263165,26.0
2025-08-20 04:00:00+00:00,113633.47,39875050.8021333,0.0009474489127636598,0.005633250390077116,-0.40636375416789305,43.213166254340315,-554.7297515847749,-627.5960599371241,-0.0021867056436833954,0.4319557196180297,11.0,11.0,16.0,-0.11202473193407059,1.0,0.0,-0.11202473193407059,29.0
2025-08-20 05:00:00+00:00,113708.0,34702303.1456885,0.0006558807013461454,0.002377592257429173,-0.1297239138857238,44.37058215453916,-499.1905302324885,-601.914953996197,-0.0008239107896066411,0.4725351272768633,9.0,10.0,15.0,-0.09552871584892272,0.9,0.10000000000000003,-0.09801942855119705,27.0
2025-08-20 06:00:00+00:00,113653.28,32337733.1136689,-0.00048123263094945745,0.001121946523044759,-0.06813870601304384,43.66687246912737,-454.35324250368285,-572.4026116976942,-0.0005377198116546245,0.48016861634860136,8.0,11.0,11.0,-0.37804948606274347,0.7272727272727273,-0.2727272727272727,-0.34802027232944965,28.0
2025-08-20 07:00:00+00:00,113490.13,48464880.2044387,-0.0014355063047893912,-0.001261424120903798,0.4987098827886913,41.55092551377833,-427.06131345687027,-543.3343520495293,-0.0010858524974109995,0.45272047075520494,14.0,15.0,19.0,0.22111101734141508,0.9333333333333333,0.26666666666666666,0.22689152069922006,31.0
2025-08-20 08:00:00+00:00,114010.0,116275216.6709669,0.004580750766608466,0.0026559257044358464,1.3991644295928274,49.8842663096545,-359.3408412582794,-506.5356498912794,0.004192594362791624,0.7482584945551495,14.0,15.0,19.0,-0.13522165218989055,0.9333333333333333,-0.06666666666666665,-0.07915894048554557,36.0
2025-08-20 09:00:00+00:00,113699.98,52878614.9311673,-0.002719235154810984,0.000410898831956219,-0.5452288420085076,45.699840895757696,-326.9193790940626,-470.61239573183605,0.00212043256320138,0.7025999052707028,18.0,20.0,29.0,-0.1677365370094776,0.9,-0.09999999999999998,-0.18550645725594628,46.0
2025-08-20 10:00:00+00:00,113792.2,35347965.4335692,0.000811081936865854,0.0026616411488822322,-0.33152626104934757,47.12078607159327,-290.43579045719525,-434.5770746769079,0.002973217351596613,0.789781163001448,17.0,17.0,29.0,0.10262686233310138,1.0,0.29411764705882354,0.10262686233310138,49.0
2025-08-20 11:00:00+00:00,113666.68,63016289.2227388,-0.00110306330310872,-0.003011314796947717,0.7827416217538108,45.38012427860914,-268.5549641410762,-401.3726525697416,0.0019197279225888764,0.6908347350687722,17.0,18.0,27.0,-0.10222965302980608,0.9444444444444444,0.0,-0.10827035358285203,52.0
2025-08-20 12:00:00+00:00,113659.01,73211423.3521075,-6.747799794981635e-05,-0.00036033427622417236,0.1617856947008216,45.27007676928259,-248.9632630199776,-370.8907746597888,0.0017326044359293746,0.670338703355137,19.0,20.0,24.0,0.3204958108253777,0.95,0.45,0.3323641141974612,53.0
2025-08-20 13:00:00+00:00,112693.15,124332344.1469304,-0.008497874475591471,-0.009658394863619857,0.6982642660689551,34.06671628006184,-307.8251124205999,-358.27764221195105,-0.00641791210648579,-0.04632198647246956,15.0,16.0,21.0,-0.11897409858647734,0.9375,-0.125,-0.163233349348108,51.0
2025-08-20 14:00:00+00:00,113465.84,178399789.1266761,0.0068565835634197825,-0.0017669206138509752,0.4348622665382327,45.653973992485646,-288.7948791883682,-344.38108960723446,0.00021995596508372905,0.5192978988569383,10.0,10.0,15.0,-0.15106401294469834,1.0,0.0,-0.15106401294469834,44.0
2025-08-20 15:00:00+00:00,113353.94,146334487.9465513,-0.0009861998994586951,-0.0026840810948467464,-0.17973844777000414,44.43604809071286,-279.5205382891727,-331.40897934362215,-0.0008639868287513286,0.42250319329115105,18.0,18.0,22.0,-0.3126199439995819,1.0,-0.22222222222222227,-0.3126199439995819,43.0
2025-08-20 16:00:00+00:00,113839.99,87579773.1490971,0.0042878968300528175,0.01017666113690141,-0.40150968935576126,50.60057456008108,-230.29567817397765,-311.1863191096933,0.0033010183977739693,0.786750908374588,13.0,14.0,18.0,0.21703150336231505,0.9285714285714286,0.2857142857142857,0.1620435886658155,41.0
2025-08-20 17:00:00+00:00,114197.53,65889555.5835289,0.0031407240987986196,0.006448548743833493,-0.247662408632213,54.591487399999316,-160.58303075410367,-281.0656614385754,0.006106994507114161,0.9773173550189476,10.0,13.0,14.0,0.041515940943589576,0.7692307692307693,0.30769230769230765,0.13648295514285563,41.0
2025-08-20 18:00:00+00:00,113490.01,76842675.6058565,-0.006195580587426086,0.0012003993862057527,0.16623454089688328,46.57314370448354,-160.5751955305168,-256.96756825696366,-0.0002654066517659981,0.478791017134599,10.0,11.0,15.0,-0.06511843407695944,0.9090909090909091,-0.09090909090909094,0.007025859504938126,33.0
2025-08-20 19:00:00+00:00,114276.66,68517012.7921422,0.006931447093889709,0.0038358225435544124,-0.10834686257436565,54.56390643206853,-95.98643351168721,-224.7713413079084,0.00604219593526123,0.9779615990856791,13.0,16.0,22.0,-0.24111812363844365,0.8125,-0.4375,-0.14791431779471728,33.0
2025-08-20 20:00:00+00:00,114370.0,43929427.0914933,0.0008167897101647448,0.0015102778492670499,-0.3588537313388055,55.41598323273427,-36.842914169159485,-187.18565588015863,0.006352506708210193,0.9677159253854606,8.0,8.0,14.0,0.07987968996167183,1.0,0.25,0.07987968996167183,31.0
2025-08-20 21:00:00+00:00,114356.24,42553852.801814,-0.00012031127043798939,0.007632654186919385,-0.031313276333295836,55.25148658796898,8.816799437321606,-147.98516481666258,0.005630029307525319,0.91580514800654,8.0,13.0,10.0,0.35376142237622005,0.6153846153846154,0.5384615384615385,0.5024802561383694,29.0
2025-08-20 22:00:00+00:00,114595.19,56980493.3187259,0.0020895230553226174,0.0027873583284636627,0.3390207834787857,57.604965330422424,63.55114144310937,-105.67790356470819,0.007218964851772869,0.9844896560161903,8.0,8.0,14.0,-0.03565898910164833,1.0,0.0,-0.03565898910164833,24.0
2025-08-20 23:00:00+00:00,114271.24,36049162.8080931,-0.0028269074818934037,-0.0008635131590452039,-0.3673420374504548,53.49708820126626,79.86777815484675,-68.56876722079721,0.004042776942187798,0.7656301481412093,5.0,5.0,5.0,0.27139260321855546,1.0,0.8,0.27139260321855546,21.0
2025-08-21 00:00:00+00:00,114292.14,49075965.7983519,0.0001828981640523697,-0.0005605290974939336,0.36136215033915464,53.726356604316635,93.40853024345415,-36.17330772794695,0.003935905817414209,0.7527507442769845,4.0,5.0,6.0,-0.17004031091928482,0.8,-0.2,-0.21437784284353256,17.0
2025-08-21 01:00:00+00:00,114729.94,49497546.7657603,0.003830534628190607,0.0011758783243869253,0.008590375360938207,58.35775698919264,137.87711344400304,-1.3632234935569478,0.007329394140396239,0.9331580117078873,5.0,5.0,7.0,-0.06244939565658569,1.0,-0.2,-0.06244939565658569,14.0
2025-08-21 02:00:00+00:00,114038.0,51141710.6815391,-0.006031032527342051,-0.002041108506392386,0.033217078889981266,49.86327675615891,115.94842947357392,22.099107099869226,0.0010850823693320244,0.5644544678089533,6.0,7.0,7.0,0.2908285262861422,0.8571428571428571,0.5714285714285714,0.20740250777453184,15.0
2025-08-21 03:00:00+00:00,113954.62,36126092.6559449,-0.000731159788842306,-0.0029531339600431528,-0.2936080515393177,48.938854995961925,90.7950909842184,35.83830387673906,0.00014922200672984332,0.5090539115934639,6.0,7.0,7.0,0.1047324708529881,0.8571428571428571,0.14285714285714285,0.12018114080031712,17.0
2025-08-21 04:00:00+00:00,113800.0,33424955.5908741,-0.001356855913345112,-0.008105469243686492,-0.07476969875473927,47.19165346795097,57.7189985383302,40.21444280905729,-0.0011157835134565364,0.4323951622492983,13.0,14.0,20.0,0.30068614706397057,0.9285714285714286,0.5,0.39532502396748614,25.0
2025-08-21 05:00:00+00:00,113995.12,39225560.6823945,0.001714586994727485,-0.0003760150125396988,0.1735411457989826,49.63528853467934,46.71204293498886,41.5139628342436,0.00046729966485092866,0.5284830194233947,11.0,12.0,14.0,-0.019773417462905247,0.9166666666666666,-0.08333333333333337,-0.02085452222011306,30.0
2025-08-21 06:00:00+00:00,113807.2,50488542.1386362,-0.0016484916196412014,-0.001293672867322071,0.2871337276077952,47.36217405493661,22.56525956558471,37.72422218051182,-0.0011885367745390063,0.42751990812599033,17.0,20.0,24.0,-0.03666624007746577,0.85,0.15000000000000002,-0.009049072313834639,41.0
2025-08-21 07:00:00+00:00,113896.03,60342823.6614717,0.0007805305815449248,0.000843848857644991,0.1951785713237013,48.561373619047856,10.47583943780046,32.27454563196955,-0.0005095253599600724,0.4686482812127181,3.0,3.0,4.0,0.3230648959676425,1.0,0.3333333333333333,0.3230648959676425,31.0
2025-08-21 08:00:00+00:00,113588.45,38322850.0034856,-0.002700533109011749,-0.0035674334129390806,-0.36491453866196255,44.7589820930517,-23.65160755047691,21.08931499548026,-0.003177821027819605,0.3055197792660196,8.0,9.0,13.0,0.04309766822391086,0.8888888888888888,0.1111111111111111,-0.044863127171993256,28.0
2025-08-21 09:00:00+00:00,113376.85,46901231.6802793,-0.0018628654585919335,-0.003781395201709503,0.22384508657402735,42.30484813355757,-66.99987390825117,3.471477214733973,-0.005333165205578694,0.1113610631756725,9.0,10.0,13.0,-0.002930036187171936,0.9,0.39999999999999997,-0.03848134809070163,20.0
2025-08-21 10:00:00+00:00,113329.74,37566248.2861274,-0.00041551692431041065,-0.0049719906830817395,-0.19903493063439104,41.75591656271125,-103.95672220669803,-18.014162669552427,-0.005687104666113774,0.09595348588074792,22.0,23.0,32.0,-0.06781919227670068,0.9565217391304348,-0.043478260869565216,-0.07340688351541758,39.0
2025-08-21 11:00:00+00:00,113148.66,48496806.989724,-0.0015978153660284322,-0.003871784499216213,0.290967536080335,39.62745265822468,-146.17195409629494,-43.64572095490093,-0.007186427734659273,0.011474148603452458,23.0,25.0,35.0,0.10688433863222599,0.92,0.24,0.1534077579398518,54.0
2025-08-21 12:00:00+00:00,113095.29,43709797.6830519,-0.00047168035396982777,-0.0024833993888524475,-0.09870772126681293,38.99651640606524,-181.83822461837553,-71.28422168759585,-0.007330397913699049,0.046025638339161595,24.0,25.0,30.0,-0.021822071373462676,0.96,-0.07999999999999996,-0.029274653332928818,69.0
2025-08-21 13:00:00+00:00,113486.98,70829773.6301129,0.003463362621025201,0.001387455755214706,0.6204553071536303,45.81514737905438,-176.46372745341796,-92.32012284076026,-0.0035817050239238535,0.2808302180822009,20.0,24.0,30.0,0.05726595168622831,0.8333333333333334,0.20833333333333331,0.06397781306877733,67.0
2025-08-21 14:00:00+00:00,113281.99,65837611.6984267,-0.001806286500883103,0.0011783612815212674,-0.07048112221502012,43.0999924268923,-186.59443505974195,-111.1749852845566,-0.005290684070776597,0.1838443773024998,14.0,16.0,20.0,0.19685471302364022,0.875,0.3125,0.1249422671805535,58.0
2025-08-21 15:00:00+00:00,112792.08,105016996.2229869,-0.0043246945079267185,-0.0026810135063979335,0.5950912178288579,37.3959993764372,-231.4863064315432,-135.23724951395394,-0.008946537416722689,0.013236829673285292,16.0,16.0,29.0,0.04805827513337135,1.0,0.1875,0.04805827513337135,50.0
2025-08-21 16:00:00+00:00,112379.58,87886886.0035082,-0.003657171673755788,-0.009757947563676428,-0.1631175032192469,33.38917906168277,-296.92596284612955,-167.57499218038907,-0.011706780590091226,-0.0623260168728424,13.0,14.0,17.0,0.0692611328725304,0.9285714285714286,0.2142857142857143,0.041673292620823935,43.0
2025-08-21 17:00:00+00:00,112410.91,82801781.2479167,0.00027878730281782893,-0.007689483562214994,-0.057859653320616156,33.96787590874335,-342.3133180103032,-202.52265734637191,-0.010584926040545728,0.027251944399108406,9.0,11.0,17.0,0.2081196836449883,0.8181818181818182,0.2727272727272727,0.18721649050712585,38.0
2025-08-21 18:00:00+00:00,112602.62,42988838.9776075,0.0017054394453348554,-0.0016797278674176574,-0.4808222923502735,37.543509143670924,-358.679099771296,-233.75394583135676,-0.008027670838327339,0.13863063694711047,8.0,10.0,11.0,0.0997671477496624,0.8,0.49999999999999994,0.0948161818087101,30.0
2025-08-21 19:00:00+00:00,112193.71,63872178.883237,-0.003631443033918602,-0.0016539481638924158,0.48578515731740124,33.39028413896841,-400.0333834897756,-267.00983336304057,-0.01072467638004626,0.04422637343702053,13.0,15.0,17.0,0.06991152539849281,0.8666666666666667,0.0,0.1485593095421791,30.0
2025-08-21 20:00:00+00:00,112450.3,37833753.2057898,0.0022870266078196533,0.00035041082756115394,-0.40766459094885965,38.02341848414783,-407.40596038044896,-295.08905876652227,-0.007656367380640683,0.17439636134502978,10.0,12.0,14.0,-0.37278433827062446,0.8333333333333334,-0.41666666666666663,-0.41118610426783564,31.0
2025-08-21 21:00:00+00:00,112628.76,37945484.0674581,0.0015870122178418544,0.00023214379914082706,0.0029532058598724653,41.09240143794382,-394.3032675126742,-314.93190051575266,-0.005159171669783302,0.2555329832555493,10.0,10.0,16.0,-0.2421763576567173,1.0,-0.4,-0.2421763576567173,33.0
2025-08-21 22:00:00+00:00,112511.2,22591505.3962582,-0.0010437831331890912,0.002829837786806344,-0.40463256823668803,39.69784168937645,-388.92214612038515,-329.7299496366792,-0.005526991511391466,0.2324983929698188,8.0,11.0,8.0,0.014787098562175577,0.7272727272727273,-0.09090909090909088,-0.05219014314934611,28.0
2025-08-21 23:00:00+00:00,112500.0,25448846.66462,-9.954564523351195e-05,0.00044197303164161816,0.12647856874712993,39.56009661559431,-381.16745390568394,-340.0174504904802,-0.004986331895246554,0.25201120738679683,9.0,9.0,11.0,-0.3205924406647682,1.0,-0.33333333333333337,-0.3205924406647682,27.0
2025-08-22 00:00:00+00:00,112630.87,30172210.5564886,0.001163288888888836,1.8734113737872704e-05,0.18560227715290556,42.08869187116252,-360.30827961889736,-344.07561631616363,-0.0033135343534322903,0.32961888741351564,8.0,8.0,13.0,0.25328545551747084,1.0,0.625,0.25328545551747084,25.0
2025-08-22 01:00:00+00:00,112840.08,37380673.7243042,0.0018574836543481243,0.0029230867682505934,0.23891067425503576,45.97951138870854,-323.17042763216887,-339.89457857936475,-0.0009516362747618023,0.44635535439074353,4.0,5.0,5.0,0.24586184099316596,0.8,0.39999999999999997,0.42482891771942377,21.0
2025-08-22 02:00:00+00:00,113153.96,81213325.2799494,0.0027816357450296536,0.005812977777777784,1.1726019675013521,51.26938714414078,-265.3521056752361,-324.9860839985391,0.0021171430311550665,0.6288826795997794,10.0,11.0,14.0,-0.1581785607744347,0.9090909090909091,0.0,-0.18326992429792882,22.0
2025-08-22 03:00:00+00:00,112929.24,33260076.8714057,-0.0019859667306385553,0.00264909611370312,-0.5904603492498882,47.67025952971712,-234.9552767269197,-306.9799225442152,0.0005553150380095406,0.5386250258471093,5.0,6.0,10.0,0.31809901259839535,0.8333333333333334,0.5,0.3870511792600155,19.0
2025-08-22 04:00:00+00:00,112847.63,30553116.8995277,-0.0007226649183151856,6.690885011773062e-05,-0.08138766432633304,46.39643369093677,-214.97274377052963,-288.5784867894781,0.00016048547932112633,0.5122231797339,9.0,9.0,13.0,-0.14700213488605288,1.0,0.1111111111111111,-0.14700213488605288,24.0
2025-08-22 05:00:00+00:00,113241.99,37746789.9469391,0.003494623679735298,0.0007779665864102725,0.2354480909776706,52.940451297871554,-165.408163889937,-263.9444222095699,0.003715654780513722,0.7899539980273432,12.0,12.0,21.0,0.08084194532906015,1.0,0.08333333333333337,0.08084194532906015,26.0
2025-08-22 06:00:00+00:00,112998.3,48259435.48928,-0.002151940282928644,0.0006115333814342705,0.2785043591022862,48.96263189168673,-144.13018063431082,-239.98157389451808,0.0017028539852292912,0.6391780043098975,17.0,20.0,25.0,0.027957704849541187,0.85,0.15000000000000002,0.13457281295867526,38.0
2025-08-22 07:00:00+00:00,113094.83,70772979.0432615,0.0008542606393193708,0.002190564392003491,0.4665107108221871,50.54771864327287,-118.11648799091927,-215.60855671379832,0.00258249042520986,0.712596047579948,10.0,10.0,13.0,-0.16282550171017646,1.0,-0.3,-0.16282550171017646,39.0
2025-08-22 08:00:00+00:00,112980.34,50775603.994341,-0.0010123362845145811,-0.002310538696820963,-0.28255663841275747,48.61903484920691,-105.52243833594548,-193.59133303822776,0.0016185736865883538,0.6348127724295876,11.0,12.0,15.0,0.20485888297359148,0.9166666666666666,0.33333333333333337,0.21397881006652658,38.0
2025-08-22 09:00:00+00:00,113049.67,58405653.5035463,0.0006136465866539709,0.0004546086091559154,0.15026999009318875,49.86649272250651,-88.9221722149814,-172.6575008735785,0.0024275309948083024,0.7237444831575829,12.0,14.0,19.0,0.06167119714830603,0.8571428571428571,0.0,0.08200561969230573,33.0
2025-08-22 10:00:00+00:00,112534.54,51328709.5511643,-0.004556669647952094,-0.004954161034593785,-0.12116881719253936,41.75481761690257,-115.99589907500194,-161.3251805138632,-0.0018094124439561599,0.32221195275250986,14.0,16.0,22.0,-0.15529970650095493,0.875,0.0,-0.13072481658309698,37.0
2025-08-22 11:00:00+00:00,112320.0,57411375.7051175,-0.001906436903727493,-0.005844733694375437,0.11850417061216034,38.91558239000763,-152.99991984483495,-159.66012838005756,-0.0035037639846220436,0.17151075739559432,18.0,19.0,24.0,0.0376261061939754,0.9473684210526315,0.21052631578947367,0.09057509536958402,44.0
2025-08-22 12:00:00+00:00,112341.5,186194121.5222399,0.00019141737891748,-0.00626423765765971,2.2431572878272457,39.36058713147101,-178.53298546400038,-163.43469979684613,-0.003296180794016168,0.19325411773997359,18.0,19.0,25.0,-0.02979928372721923,0.9473684210526315,-0.05263157894736842,0.012576250980297724,50.0
2025-08-22 13:00:00+00:00,112487.11,117103615.761667,0.0012961372244451042,-0.00042147059915997875,-0.37106706267480305,42.42003476729298,-184.88734758198552,-167.725229353874,-0.0020380496408998194,0.3081993289922735,16.0,21.0,29.0,-0.03673279108036132,0.7619047619047619,0.0,-0.07140098721720278,52.0
2025-08-22 14:00:00+00:00,115808.23,720832101.3222136,0.029524449512481787,0.031056178774928833,5.155506784600691,74.28628336578136,77.173791471796,-118.74542518874,0.02596732784971212,1.4961239132369395,33.0,34.0,41.0,0.12053032904205953,0.9705882352941176,0.3823529411764706,0.1523772051953005,67.0
2025-08-22 15:00:00+00:00,116370.75,295266996.5320979,0.0048573404498108985,0.03586608688685833,-0.5903803451726232,76.64402211141251,326.48626461683307,-29.699087227625398,0.02904679639069263,1.2885712539071226,16.0,16.0,25.0,0.15487872110679746,1.0,0.25,0.15487872110679746,65.0
2025-08-22 16:00:00+00:00,116146.47,204560163.0918277,-0.00192728842943779,0.032531371816735266,-0.30720275041104916,73.74082783920356,500.204626600942,76.28165553808809,0.025387806679010527,1.0873059198015669,15.0,17.0,23.0,0.17179330810904503,0.8823529411764706,0.23529411764705882,0.1740224617222945,64.0
2025-08-22 17:00:00+00:00,117024.0,151789781.2183376,0.007555373830991252,0.010498131264073507,-0.25796998338235244,77.35512493185291,700.6108118978736,201.14748681004522,0.031134442043407207,1.104724211510232,9.0,13.0,10.0,0.02808519768027159,0.6923076923076923,0.15384615384615385,0.0413313288655546,40.0
2025-08-22 18:00:00+00:00,116805.27,84494317.9752424,-0.001869103773584846,0.0037339279844805784,-0.4433464670872408,74.59895111410935,832.1914891316701,327.35628727437023,0.0272637481549991,0.9816421789363858,12.0,12.0,15.0,-0.03459316802521547,1.0,0.16666666666666669,-0.03459316802521547,36.0
2025-08-22 19:00:00+00:00,116655.79,61804089.9791362,-0.0012797367789998404,0.004385152643898715,-0.2685414657439409,72.69275295013847,913.8737691395509,444.65978364740636,0.02407768045601566,0.9020509855989662,6.0,7.0,8.0,-0.061174946171896796,0.8571428571428571,-0.14285714285714285,0.02003792921702067,27.0
2025-08-22 20:00:00+00:00,117052.65,63797756.7647363,0.003401974304061639,0.0002448215750614491,0.032257845496521664,74.55196330806436,999.1136891555361,555.5505647490323,0.025571078691697835,0.9034602661463377,12.0,12.0,20.0,0.034623851999640465,1.0,0.08333333333333337,0.034623851999640465,30.0
2025-08-22 21:00:00+00:00,117028.27,79323078.3935523,-0.00020828234132241885,0.0019091604342851287,0.24335215556352452,74.21766134050866,1052.5663479811192,654.9537213954497,0.023479623818145834,0.8556439713565682,9.0,12.0,11.0,0.3091013046602408,0.75,0.41666666666666663,0.4793451312515471,27.0
2025-08-22 22:00:00+00:00,116757.18,68380910.6250843,-0.002316448837533125,0.0008691381713672452,-0.13794431570317667,70.43553406748987,1060.8247405312868,736.1279252226173,0.019502445642511912,0.7883521223160416,7.0,7.0,11.0,0.1290694602898189,1.0,0.42857142857142855,0.1290694602898189,28.0
2025-08-22 23:00:00+00:00,116935.99,35798238.526326,0.00153146898546197,-0.000996645526606943,-0.47648783558032837,71.46834041125429,1069.4698658565612,802.7963133494061,0.019280743421960844,0.7809754853355112,3.0,3.0,4.0,-0.08942424257596333,1.0,-0.3333333333333333,-0.08942424257596333,19.0
2025-08-23 00:00:00+00:00,116870.22,41073792.281499,-0.0005624444621369351,-0.0013505283808775692,0.1473690877637277,70.49286850963169,1058.8088117284206,853.9988130252091,0.016924623682256668,0.7466331784839749,7.0,7.0,14.0,0.21744729365621293,1.0,0.2857142857142857,0.21744729365621293,17.0
2025-08-23 01:00:00+00:00,116453.59,69514299.7779079,-0.0035648944615660483,-0.0026001827039673353,0.6924246804748888,64.48820423683298,1005.1544951125979,884.2299494426869,0.011885530383066056,0.6745839872663839,9.0,9.0,12.0,-0.11070416867733002,1.0,-0.1111111111111111,-0.11070416867733002,19.0
2025-08-23 02:00:00+00:00,115927.98,138569266.0978,-0.004513471847454431,-0.0086201861377323,0.9933922450562931,57.7991769802854,909.7338824350882,889.3307360411673,0.006037903340210704,0.591259960059867,6.0,6.0,6.0,-0.5055245558420817,1.0,-0.5,-0.5055245558420817,22.0
2025-08-23 03:00:00+00:00,115568.77,58360704.7587056,-0.003098561710468739,-0.011135856508184827,-0.5788337024350296,53.699738833417975,795.9518766913534,870.6549641712045,0.0018451936179848527,0.5288814842948841,5.0,5.0,11.0,0.5270419288426638,1.0,0.8,0.5270419288426638,20.0
2025-08-23 04:00:00+00:00,115926.77,62024286.7972004,0.00309772268061681,-0.004523862252765132,0.06277480804322022,56.97497840297359,726.2941584967775,841.7828030363191,0.003666845269163943,0.5600683677387648,9.0,10.0,11.0,-0.10204308852553368,0.9,0.0,-0.031124594310919445,20.0
2025-08-23 05:00:00+00:00,115954.51,93488979.622358,0.0002392889925251218,0.0002288489802031446,0.5072963261639283,57.22746176707618,665.6550441449363,806.5572512580427,0.0026462129145417013,0.5457610077910897,6.0,6.0,8.0,0.08593073207885027,1.0,0.16666666666666669,0.08593073207885027,20.0
2025-08-23 06:00:00+00:00,115781.16,53620465.907336,-0.0014949828169683599,0.0018377802238442875,-0.4264514799077709,55.053274735414924,596.73146402149,764.5920938107322,-0.0002560253215738717,0.49509617082683294,5.0,6.0,9.0,0.10847402674456437,0.8333333333333334,0.0,-0.019456636160612106,20.0
2025-08-23 07:00:00+00:00,115799.47,52483401.4616884,0.0001581431728616689,-0.0010981070204924004,-0.021205791975262067,55.24667936409672,537.3917763006029,719.1520303087063,-0.0015977440627038542,0.46388275981493865,10.0,10.0,16.0,0.14349160045385362,1.0,0.09999999999999998,0.14349160045385362,21.0
2025-08-23 08:00:00+00:00,115746.12,39545140.4699477,-0.00046071022604854406,-0.0017971702868651018,-0.246521007240457,54.510673759946435,480.5206047095853,671.4257451888823,-0.0035202526554707347,0.39542719280149563,6.0,6.0,11.0,0.27125739492475986,1.0,0.5,0.27125739492475986,21.0
2025-08-23 09:00:00+00:00,115765.82,33387441.9188196,0.0001702000896446343,-0.00013249133105930344,-0.15571315408040187,54.750394837592324,432.05891067434277,623.5523782859743,-0.00475529135727526,0.23066384263339285,15.0,15.0,24.0,0.2637619408468405,1.0,0.4666666666666667,0.2637619408468405,31.0
2025-08-23 10:00:00+00:00,115575.72,36150485.9573602,-0.001642108180117452,-0.001932219551609382,0.08275698525388209,51.90770722206959,374.00192633704864,573.6422878961893,-0.00629027449474906,0.1531348077795398,4.0,5.0,6.0,0.3565688103437424,0.8,0.39999999999999997,0.5270762331783772,25.0
2025-08-23 11:00:00+00:00,115310.13,42849588.774195,-0.002297974003536374,-0.0037667785321874314,0.18531155638506336,48.14655118784141,303.0668881658203,519.5272079501154,-0.008121540869707511,0.0857969941737364,11.0,11.0,20.0,0.2919961715286428,1.0,0.45454545454545453,0.2919961715286428,30.0
2025-08-23 12:00:00+00:00,115213.6,51388281.1577878,-0.0008371337366456233,-0.00477014718161195,0.19927127955857982,46.818715700510154,236.33685098703427,462.8891365574992,-0.008554088269773441,0.0947985648550099,8.0,8.0,12.0,0.2599301412701607,1.0,0.25,0.2599301412701607,23.0
2025-08-23 13:00:00+00:00,114864.92,112892000.0232245,-0.00302637883027701,-0.006150080657079227,1.1968432778786555,42.28254280185752,153.54725660494296,401.020760566988,-0.01063548430550798,0.024418882628795355,12.0,13.0,14.0,-0.31972612641178644,0.9230769230769231,-0.5384615384615385,-0.29483132902532816,31.0
2025-08-23 14:00:00+00:00,114621.47,114920563.6196949,-0.0021194460414893923,-0.005972241987759475,0.017969064203425145,39.41137167128147,67.51327517618483,334.31926348882735,-0.011803004757117708,0.012923164470327727,5.0,5.0,9.0,0.43970454633235934,1.0,0.6,0.43970454633235934,25.0
2025-08-23 15:00:00+00:00,114812.87,68861636.1024549,0.0016698442272637948,-0.0034781484130346207,-0.40078925882805627,42.70540847263329,14.606728185841348,270.3767564282301,-0.009365883135163289,0.12810992464295706,7.0,7.0,13.0,0.26084234565496445,1.0,0.42857142857142855,0.26084234565496445,24.0
2025-08-23 16:00:00+00:00,115020.0,51537411.8409745,0.0018040660424218924,0.0013501075872424106,-0.25158020113993185,46.11934873764518,-10.487537726105074,214.2038975973631,-0.006707685211969072,0.22375242520236943,9.0,10.0,14.0,0.26350873075425624,0.9,0.39999999999999997,0.19715815741154882,21.0
2025-08-23 17:00:00+00:00,115087.97,37650950.0578359,0.0005909407059641048,0.004069918140118034,-0.2694442985609583,47.23052764785895,-24.606663010665216,166.44178547575743,-0.005287333772383551,0.26784632178658097,5.0,5.0,8.0,0.10802207365632058,1.0,0.2,0.10802207365632058,21.0
2025-08-23 18:00:00+00:00,115145.77,20514420.1199512,0.0005022245157335625,0.002899500726704307,-0.45514203257981933,48.208673107235924,-30.777411732051405,126.99794603419568,-0.004094239844409819,0.309745706814704,7.0,7.0,11.0,0.43136985706431524,1.0,0.7142857142857142,0.43136985706431524,21.0
2025-08-23 19:00:00+00:00,115133.91,17418522.488135,-0.00010299987572270908,0.000990349504434107,-0.15091324120857308,48.012014863005895,-36.20740105242294,94.35687661687197,-0.00342016609096929,0.32080023631351084,6.0,6.0,10.0,0.19000624865293503,1.0,0.5,0.19000624865293503,18.0
2025-08-23 20:00:00+00:00,115325.81,20878517.9697853,0.0016667548248816555,0.0020665930592049797,0.1986388618212107,51.4621973020871,-24.740784126217477,70.53734446825408,-0.0010914336576320904,0.43126183187184264,5.0,6.0,9.0,-0.24911977909505367,0.8333333333333334,-0.33333333333333337,-0.11173373535275459,18.0
2025-08-23 21:00:00+00:00,115028.0,22386285.5223099,-0.002582336078974845,-0.0010227905028556972,0.07221621547595425,46.32417747031818,-39.231944265178754,48.58348672156751,-0.0030554416245855975,0.2822026391783457,4.0,4.0,7.0,-0.04472630098462105,1.0,0.25,-0.04472630098462105,15.0
2025-08-23 22:00:00+00:00,115317.85,13549422.0065491,0.0025198212609105486,0.0015976179389720624,-0.3947445192260275,51.40906570742687,-27.016392302684835,33.46351091671704,-0.0002789942875782714,0.4790891005919705,8.0,9.0,14.0,0.0880450705687205,0.8888888888888888,0.22222222222222227,0.2107439674437046,17.0
2025-08-23 23:00:00+00:00,115438.05,55759563.2808378,0.0010423364639557953,0.0009732426765527435,3.115272463569772,53.38138802313137,-7.54932005511364,25.260944722350906,0.0008197601362802676,0.5618677391032634,2.0,2.0,4.0,0.022980421781539917,1.0,0.0,0.022980421781539917,14.0
2025-08-24 00:00:00+00:00,115375.35,52781155.2967698,-0.0005431484679444543,0.0030196995514135683,-0.05341519568700692,52.19132833083913,2.786982361707487,20.766152250222223,0.0005153234473036505,0.5414813711054947,4.0,4.0,4.0,0.15964454971253872,1.0,0.25,0.15964454971253872,14.0
2025-08-24 01:00:00+00:00,115473.99,75673936.6860819,0.0008549486523767857,0.0013539968010156667,0.4337302065594071,53.931349686628586,18.7221824619337,20.35735829256452,0.0015793911070889344,0.638170815520499,3.0,4.0,5.0,0.07484224578365684,0.75,0.25,0.351633391653498,9.0
2025-08-24 02:00:00+00:00,115005.15,46291536.3873487,-0.004060135100553919,-0.0037500633456647448,-0.3882763549175482,45.461956414822495,-6.406674239740823,15.004551786103454,-0.0021513391243013213,0.3031763774115282,5.0,5.0,6.0,-0.1495362788438797,1.0,-0.2,-0.1495362788438797,12.0
2025-08-24 03:00:00+00:00,115036.0,55362954.2251397,0.000268248856681641,-0.00294126951727558,0.19596277301935028,46.062188936566464,-23.560545738306246,7.291532281221515,-0.0015529672045527798,0.3467162533402648,3.0,3.0,6.0,-0.2613731784125169,1.0,-0.3333333333333333,-0.2613731784125169,11.0
2025-08-24 04:00:00+00:00,115174.3,39777436.3981197,0.001202232344657439,-0.0025953030634864316,-0.2815152848173479,48.78352006558519,-25.699213770087226,0.6933830709597668,-0.00010447419917014589,0.488654480524927,5.0,5.0,9.0,-0.3213620997965336,1.0,-0.4,-0.3213620997965336,13.0
2025-08-24 05:00:00+00:00,114996.01,80308498.4631132,-0.0015480015941057301,-7.947470178504279e-05,1.0189460592515567,45.59015459516961,-41.30450395146909,-7.706194333526004,-0.0013185961229053023,0.33643336913533606,4.0,5.0,8.0,-0.06543189883232117,0.8,0.19999999999999996,0.15492793172597885,12.0
2025-08-24 06:00:00+00:00,114862.4,45435948.6289594,-0.001161866398668998,-0.0015090928057304165,-0.4342323726818431,43.30252666280238,-63.71851188330038,-18.90865784348088,-0.0021698616551667493,0.2134942837572688,2.0,3.0,4.0,0.24540080626805624,0.6666666666666666,0.3333333333333333,0.7552543580532074,11.0
2025-08-24 07:00:00+00:00,114888.19,31865296.2400977,0.0002245295240219658,-0.002484147939253778,-0.2986765501405688,43.88781326284782,-78.49588548364409,-30.826103371513526,-0.0017628690174649186,0.26753049420048813,5.0,5.0,8.0,0.038236772269010545,1.0,0.0,0.038236772269010545,11.0
2025-08-24 08:00:00+00:00,114838.02,108800773.9885418,-0.00043668544173247614,-0.0013738737544023438,2.4143970659727407,42.958773731755784,-93.18122507953376,-43.297127713117575,-0.0020359504150528895,0.23729142035667525,5.0,5.0,11.0,0.11620962433516979,1.0,0.2,0.11620962433516979,12.0
2025-08-24 09:00:00+00:00,114841.17,50415132.7142925,2.7429940014478404e-05,-0.00018482984858403384,-0.5366289147942835,43.040302158978626,-103.37365667083941,-55.31243350466194,-0.0019982773435218704,0.24349173120888037,7.0,7.0,10.0,-0.11023701514516558,1.0,-0.14285714285714285,-0.11023701514516558,17.0
2025-08-24 10:00:00+00:00,114790.4,55034268.4148836,-0.00044208884322582964,-0.0008511753906124131,0.09162200815315114,41.99838288357387,-114.23116111793206,-67.09617902731597,-0.002512700767570264,0.1553110473053692,11.0,12.0,21.0,-0.12559087357173362,0.9166666666666666,-0.08333333333333337,-0.1355801983313127,23.0
2025-08-24 11:00:00+00:00,114730.22,41013188.336834,-0.0005242598684209732,-0.0009387135027232318,-0.2547699911689515,40.73944705228861,-126.23665706800239,-78.92427463545326,-0.002999841112908852,0.09984227651615117,12.0,12.0,19.0,-0.1723424980106453,1.0,-0.16666666666666669,-0.1723424980106453,30.0
2025-08-24 12:00:00+00:00,114673.81,41152858.6746051,-0.0004916751663163188,-0.0014573170928161572,0.0034054981686382213,39.54290438351701,-138.70402105090034,-90.88022391854268,-0.003340125016905948,0.0870281579093999,12.0,12.0,23.0,0.1439483811457952,1.0,0.16666666666666666,0.1439483811457952,35.0
2025-08-24 13:00:00+00:00,114555.0,71203719.2856353,-0.0010360691774347064,-0.0020506941347011587,0.730225349559354,37.073148064429375,-156.36894700842095,-103.97796853651835,-0.0041420839010403165,0.036430092086020424,12.0,13.0,20.0,-0.029248874347943526,0.9230769230769231,0.0,-0.037864056105415024,36.0
2025-08-24 14:00:00+00:00,114514.05,93508815.9931636,-0.0003574702108157801,-0.0018841592040875765,0.31325746648220587,36.233152002164054,-171.6936730776215,-117.52110944473898,-0.004224647739644705,0.06444417971706672,10.0,11.0,15.0,-0.17702263085679573,0.9090909090909091,-0.36363636363636365,-0.16567426957190037,34.0
2025-08-24 15:00:00+00:00,114400.0,99223818.1995244,-0.000995947658824381,-0.0023877291597793615,0.06111725558345893,33.927490297344065,-190.84160748423892,-132.18520905263898,-0.004898859429251168,0.039569940103421734,8.0,8.0,10.0,0.29595520440489054,1.0,0.375,0.29595520440489054,30.0
2025-08-24 16:00:00+00:00,114275.0,90032896.5407339,-0.0010926573426572883,-0.002444240757714655,-0.09262817966054193,31.55727208164373,-213.64022723319067,-148.47621268874934,-0.005531671877788025,0.016122184922727694,7.0,8.0,10.0,0.1932047763839364,0.875,0.375,0.16241121398551123,25.0
2025-08-24 17:00:00+00:00,114423.42,112503256.1232193,0.0012987967621964636,-0.0007914312697874237,0.2495794364709687,37.16996160692853,-217.22797515919956,-162.2265651828394,-0.00397804085307174,0.16757877396005133,5.0,5.0,10.0,-0.008900810778141022,1.0,0.0,-0.008900810778141022,20.0
2025-08-24 18:00:00+00:00,114626.97,141377646.7716485,0.0017789190359804863,0.001984003496503517,0.25665382179520657,43.95767108675585,-201.32574945838132,-170.0464020379478,-0.0019060762957311406,0.33542286992727416,5.0,5.0,8.0,-0.06182911694049835,1.0,0.19999999999999996,-0.06182911694049835,17.0
2025-08-24 19:00:00+00:00,112600.0,599369892.3269997,-0.01768318572845462,-0.014657624152264237,3.239495464902559,20.3643929646519,-348.2680427189189,-205.690730174142,-0.018342629763759777,-0.4225086658490883,3.0,3.0,5.0,-0.5069406181573868,1.0,-0.6666666666666666,-0.5069406181573868,13.0
2025-08-24 20:00:00+00:00,112770.39,225278943.2440342,0.0015132326820603836,-0.01444660542395948,-0.6241403745366505,24.05448508783195,-445.8325398008601,-253.71909209948564,-0.015739511898297254,-0.15584086028192115,14.0,14.0,18.0,-0.12847429500626667,1.0,0.0,-0.12847429500626667,22.0
2025-08-24 21:00:00+00:00,112988.39,96445106.9169474,0.001933131560509782,-0.014294890635249247,-0.5718858339437748,28.612237777808986,-499.8009344969614,-302.93546057898084,-0.012765937889720469,0.003963104996212045,9.0,10.0,10.0,0.030304888635873793,0.9,0.0,0.033552455405394234,26.0
2025-08-24 22:00:00+00:00,113451.02,85351057.697847,0.00409449147828389,0.007557904085257583,-0.11502967411974474,37.22246941147717,-499.4831704042008,-342.2450025440248,-0.008050223036743631,0.19527894625181677,3.0,3.0,6.0,0.11737638711929321,1.0,0.3333333333333333,0.11737638711929321,26.0
2025-08-24 23:00:00+00:00,113493.59,73076468.634636,0.00037522800588307703,0.006413030938351882,-0.1438129695669914,37.96393306057843,-490.14619659472373,-371.82524135416463,-0.007008444645260847,0.23730854368351184,7.0,7.0,9.0,-0.11115394745554243,1.0,0.14285714285714285,-0.11115394745554243,19.0
2025-08-25 00:00:00+00:00,112645.1,101285649.0529745,-0.007476105038178749,-0.003038276764541825,0.3860227641729286,30.285844944906202,-544.9310040477576,-406.44639389288324,-0.013340475429849952,0.03219807337583873,13.0,13.0,22.0,-0.016929111801660977,1.0,0.23076923076923078,-0.016929111801660977,23.0
2025-08-25 01:00:00+00:00,113066.94,61143465.4953264,0.0037448588531592275,-0.0033854257105842,-0.3963264680927592,37.0972575217616,-547.9924799263681,-434.7556110995803,-0.008808179108116043,0.1952893375005534,5.0,6.0,6.0,0.08350295821825664,0.8333333333333334,0.33333333333333337,-0.04534411430358887,25.0
2025-08-25 02:00:00+00:00,113412.36,44932226.6410004,0.003055004407123807,-0.0007157232404050307,-0.2651344460605547,42.086984708286714,-516.5912717979227,-451.1227432392488,-0.005147772876515466,0.32006336640719374,4.0,5.0,5.0,0.04990098774433136,0.8,0.39999999999999997,0.004686471074819565,22.0
2025-08-25 03:00:00+00:00,112916.84,62294358.0681883,-0.004369188684549052,0.00241235526445438,0.38640710076328744,37.492375579385,-525.63076660558,-466.02434791251505,-0.008637304825549585,0.20044840465989214,9.0,10.0,16.0,0.0027458593249320984,0.9,0.09999999999999998,-0.05776088933149973,18.0
2025-08-25 04:00:00+00:00,112764.0,70275460.029276,-0.0013535624978523453,-0.0026792977682070784,0.12811917818225949,36.18037406585599,-538.915262348266,-480.60253079966526,-0.00907698888037256,0.18777246422120142,14.0,14.0,20.0,-0.1760483684816531,1.0,-0.2857142857142857,-0.1760483684816531,27.0
2025-08-25 05:00:00+00:00,112310.0,90911967.3288976,-0.0040261076230002635,-0.009719928233571706,0.29365168568124145,32.53799099360505,-579.398382803658,-500.3617012004638,-0.011967718061984045,0.1003185703632959,10.0,11.0,15.0,0.1819448664107106,0.9090909090909091,0.45454545454545453,0.17878492958843709,33.0
2025-08-25 06:00:00+00:00,111929.87,104623577.934288,-0.0033846496304871243,-0.008740680309509252,0.15082294452813994,29.83011672640548,-634.8368574305059,-527.2567324464723,-0.014071309874730265,0.05133800508174933,13.0,15.0,18.0,-0.008271389951308569,0.8666666666666667,0.13333333333333336,-0.03618739488033148,37.0
2025-08-25 07:00:00+00:00,111511.55,188786063.6178336,-0.003737340175593795,-0.011106824873186483,0.8044313465976705,27.152161367186977,-704.4072081218474,-562.6868275815473,-0.016361679956096387,0.010456417981154454,18.0,19.0,28.0,0.07809039460201013,0.9473684210526315,0.05263157894736842,0.07743378956284788,41.0
2025-08-25 08:00:00+00:00,111414.3,142547324.395307,-0.000872106970085107,-0.007975247083964021,-0.24492665579451534,26.555311038256292,-758.644295323058,-601.8783211298495,-0.015804639045441715,0.04719808087739585,21.0,21.0,32.0,-0.04915436889444079,1.0,0.23809523809523814,-0.04915436889444079,52.0
2025-08-25 09:00:00+00:00,111800.01,69920960.8360114,0.003461943395057787,-0.0011601907515840226,-0.5094894896651363,32.859133128201165,-761.7233317875653,-633.8473232613926,-0.011194200468771953,0.17771753713182256,16.0,17.0,22.0,0.0710895038483774,0.9411764705882353,0.23529411764705882,0.07423565199133009,55.0
2025-08-25 10:00:00+00:00,110984.03,157645403.5668369,-0.007298568220163837,-0.004730631042255351,1.2546229582938566,27.484646297298013,-820.5474961767031,-671.1873578444547,-0.016876363599352184,0.03398346855476801,18.0,19.0,23.0,0.014015203145773788,0.9473684210526315,-0.10526315789473684,0.029643206857144833,55.0
2025-08-25 11:00:00+00:00,111214.97,78451253.4732998,0.0020808399190406224,-0.001789088115259907,-0.5023562267069916,30.928042497972527,-838.861271738846,-704.722140623333,-0.013438910138666604,0.12954466473360726,25.0,28.0,39.0,0.04943853496973004,0.8928571428571429,0.2142857142857143,0.035898014158010486,59.0
2025-08-25 12:00:00+00:00,111586.31,80563192.0547915,0.00333893899355453,-0.0019114488451297262,0.026920393084738592,36.17608922379751,-814.0274346808292,-726.5831994348322,-0.008962995618039926,0.24425118967390316,20.0,20.0,30.0,0.16344628892838955,1.0,0.44999999999999996,0.16344628892838955,63.0
2025-08-25 13:00:00+00:00,111491.69,172983396.1589036,-0.0008479534810318379,0.0045741716173040015,1.1471765423750413,35.437246846894155,-792.8420930008142,-739.8349781480287,-0.008512545338753896,0.2397559453720315,27.0,30.0,44.0,0.20620232013364634,0.9,0.4,0.23113357082561212,72.0
2025-08-25 14:00:00+00:00,112260.0,159679780.0264769,0.006891186239978975,0.009396486821872996,-0.07690689642956205,45.2205607517086,-705.9189666931052,-733.051775857044,-0.000628217245371876,0.4771508279177286,22.0,22.0,36.0,-0.12099048207429322,1.0,-0.09090909090909088,-0.12099048207429322,69.0
2025-08-25 15:00:00+00:00,112200.64,99805666.4337919,-0.000528772492428331,0.005505424455741981,-0.3749636527728001,44.65751896478894,-634.5074122731894,-713.3429031402732,-0.0009790705418722956,0.4643006429659981,26.0,27.0,43.0,0.0612854785113423,0.9629629629629629,0.29629629629629634,0.060658114890639596,75.0
2025-08-25 16:00:00+00:00,112502.43,87921741.3476644,0.0026897351031152095,0.009065608387494928,-0.11907064509218968,48.18949802816171,-547.2529190692876,-680.124906326076,0.0018275433078018821,0.5671351405560415,16.0,18.0,32.0,-0.10373396964536773,0.8888888888888888,-0.055555555555555525,-0.0023469734005630016,64.0
2025-08-25 17:00:00+00:00,112431.4,75854845.7587252,-0.0006313641403122849,0.0015268127561018918,-0.1372458666534333,47.42237599238182,-478.3208469685778,-639.7640944545765,0.001443381442856273,0.5541221420531336,13.0,15.0,18.0,-0.05773529534538587,0.8666666666666667,0.06666666666666665,-0.0023893837172251483,55.0
2025-08-25 18:00:00+00:00,112402.9,34916133.5890978,-0.00025348790462453863,0.0018026635142187608,-0.5396980477666904,47.09840510514897,-421.13679222336214,-596.0386340083336,0.001657089288203073,0.5665056228251534,8.0,9.0,14.0,-0.202344862330291,0.8888888888888888,-0.1111111111111111,-0.23414813657291234,37.0
2025-08-25 19:00:00+00:00,110716.13,149515985.6714772,-0.015006463356372346,-0.015877879260030148,3.282146111336967,32.81135579712165,-506.0923414432182,-578.0493754953105,-0.012151739028597897,0.01870483752061619,10.0,12.0,19.0,0.13001189349840084,0.8333333333333334,0.08333333333333331,0.23895359449088574,31.0
2025-08-25 20:00:00+00:00,109561.96,451105987.0515157,-0.010424587636869154,-0.02552169589634201,2.017108739414023,26.816970507352423,-658.9560641488933,-594.2307132260271,-0.02110323310567852,-0.16981446002408102,14.0,15.0,18.0,-0.21793972216546537,0.9333333333333333,-0.26666666666666666,-0.2157291734058942,32.0
2025-08-25 21:00:00+00:00,109888.01,175064739.2145128,0.0029759416498207347,-0.02237388892991199,-0.6119210468503034,30.670323185132972,-745.2019316345395,-624.4249569077296,-0.01679381294514737,0.0036718284122589074,19.0,20.0,27.0,-0.06924055702984333,0.95,0.0,-0.10762192269689158,43.0
2025-08-25 22:00:00+00:00,110153.23,71960012.7916771,0.0024135481204909937,-0.005084173372028156,-0.5889519893352022,33.72714958653758,-783.1239995320357,-656.1647654325908,-0.012981696786321884,0.10976528648281027,7.0,8.0,10.0,0.06725328858010471,0.875,0.25,0.08808535417275769,40.0
2025-08-25 23:00:00+00:00,110111.98,73381463.093149,-0.00037447835165616006,0.005020173060065636,0.019753335864280297,33.47989856251314,-807.2011296564742,-686.3720382773676,-0.012109896459970404,0.13745971514504227,7.0,7.0,11.0,-0.22435236083609716,1.0,-0.2857142857142857,-0.22435236083609716,33.0
2025-08-26 00:00:00+00:00,109100.23,233366280.5253703,-0.009188373508495662,-0.007168934991178766,2.1801802619980424,28.048600882231824,-897.5755064815457,-728.6127319182032,-0.01957566281712675,-0.03741851003608506,10.0,10.0,18.0,-0.058427466079592705,1.0,0.10000000000000003,-0.058427466079592705,24.0
2025-08-26 01:00:00+00:00,109897.2,119349361.0402411,0.007304934187581491,-0.002324307693927774,-0.4885749527671539,36.75254284407178,-894.5769070540991,-761.8055669453823,-0.011341897639666643,0.19307107143804123,11.0,11.0,14.0,0.097725087268786,1.0,0.2727272727272727,0.097725087268786,28.0
2025-08-26 02:00:00+00:00,109710.96,58389278.0631867,-0.0016946746595908335,-0.003641928880036338,-0.5107700824347141,35.666728216053,-896.889720527688,-788.8223976618435,-0.012031270922307269,0.18398308030205246,13.0,13.0,16.0,0.051090884094054885,1.0,0.07692307692307693,0.051090884094054885,34.0
2025-08-26 03:00:00+00:00,109879.56,43906778.5961388,0.0015367653331990194,0.007143248002318581,-0.24803354224341456,37.46784140722137,-875.0312157502776,-806.0641612795304,-0.009785365792905676,0.24880025752665588,20.0,21.0,37.0,-0.034870761313608716,0.9523809523809523,0.047619047619047616,-0.03580418098717928,44.0
2025-08-26 04:00:00+00:00,110100.01,51350761.0757007,0.002006287611635793,0.0018454519314412554,0.16954062032272477,39.8395097209745,-830.3479859018989,-810.9209262040041,-0.007210773574577223,0.3168013258048223,13.0,13.0,19.0,-0.25945629437382406,1.0,-0.1538461538461538,-0.25945629437382406,46.0
2025-08-26 05:00:00+00:00,110196.01,39649397.8533415,0.0008719345257097721,0.0044211626623265055,-0.22787127156906573,40.890868444449126,-778.2189826200774,-804.3805374872188,-0.005626018872629257,0.3558168723546528,11.0,15.0,17.0,-0.12558473870158196,0.7333333333333333,-0.13333333333333336,-0.23185200718316165,44.0
2025-08-26 06:00:00+00:00,109988.18,51724807.5853011,-0.001886002950560517,0.0009885369034967617,0.304554681426062,39.290043817796935,-745.0876098765439,-792.5219519650839,-0.007055269361140204,0.32159898648990404,16.0,18.0,23.0,-0.09662456810474396,0.8888888888888888,-0.05555555555555558,-0.056907436810433865,40.0
2025-08-26 07:00:00+00:00,110303.2,67634859.8626622,0.0028641259451698264,0.0018455039195728329,0.30759036176448395,42.93665312204795,-685.5091541956936,-771.1193924112059,-0.003801353944606123,0.4038731833502088,15.0,16.0,19.0,-0.10105708113405854,0.9375,-0.125,-0.047061628724137945,42.0
2025-08-26 08:00:00+00:00,110102.02,49440195.0944959,-0.0018238818094125087,-0.000852934693370444,-0.2690131214156718,41.23328463521269,-647.0673538281262,-746.30898469459,-0.004951356163608089,0.3736403206925241,12.0,12.0,18.0,-0.17507822376986346,1.0,0.08333333333333331,-0.17507822376986346,43.0
2025-08-26 09:00:00+00:00,110152.89,37025317.5248783,0.0004620260373060514,0.001497524552183771,-0.2511089923065398,41.86135305539704,-605.5171415306977,-718.1506160618115,-0.003888999268576221,0.39962765726031063,14.0,16.0,19.0,-0.16579575778450817,0.875,-0.0625,-0.12534072955272027,41.0
2025-08-26 10:00:00+00:00,110216.53,44757193.6958897,0.0005777424450688073,-0.000785743296658703,0.20882673499872473,42.68660169393458,-560.9863809953385,-686.717769048517,-0.002391760046828284,0.43403863478802474,15.0,16.0,23.0,-0.036509057972580194,0.9375,0.125,-0.008999485274155934,41.0
2025-08-26 11:00:00+00:00,109876.52,72670261.1370211,-0.0030849274605179167,-0.002048100479900339,0.6236554425371583,39.46358445578645,-546.8279061485955,-658.7397964685326,-0.004422139379108292,0.3684216282798727,21.0,23.0,32.0,-0.17334558328856592,0.9130434782608695,-0.08695652173913043,-0.19623963729966254,50.0
2025-08-26 12:00:00+00:00,110216.81,120562469.4301266,0.003097022002517047,0.000580284366574535,0.6590344873373151,44.01925103266231,-502.35778589945403,-627.463394354717,-0.0003036409343026847,0.4893659113769429,5.0,7.0,8.0,0.09190551564097404,0.7142857142857143,0.2857142857142857,0.1071740746498108,41.0
2025-08-26 13:00:00+00:00,110094.66,132752660.464449,-0.001108270144998702,-0.0011057325067300727,0.10111099326301831,42.774871357590456,-471.53580808718107,-596.2778771012098,-0.0003522045316485256,0.4840377712330118,15.0,22.0,21.0,-0.05645479515872218,0.6818181818181818,0.0,-0.12298408423860868,41.0
2025-08-26 14:00:00+00:00,110358.13,123995654.2326366,0.002393122427554628,0.004383193060719437,-0.0659648266270153,46.3010052516672,-420.9963575722795,-561.2215731954238,0.0029711478863940766,0.7538830621385538,14.0,17.0,19.0,0.2629324984462822,0.8235294117647058,0.5882352941176471,0.2884040019874062,34.0
2025-08-26 15:00:00+00:00,109666.33,124629571.6039183,-0.006268681790820518,-0.004994519438550227,0.005112416037519774,39.430638771477405,-431.78856748146063,-535.3349720526312,-0.002840467657375223,0.23066181141274475,11.0,12.0,13.0,-0.19076133224492273,0.9166666666666666,-0.25,-0.26224304820326244,40.0
2025-08-26 16:00:00+00:00,110153.84,102681862.0577545,0.004445393586162583,0.0005375374246125997,-0.1761035464032179,45.56101536455201,-396.4336485501117,-507.55470735212737,0.001322854549676622,0.6319245723829441,7.0,9.0,12.0,0.15133944733275306,0.7777777777777778,0.4444444444444445,0.14916609972715378,32.0
2025-08-26 17:00:00+00:00,109988.07,86558221.4586517,-0.0015048953354689365,-0.003353264503485165,-0.1570252065553105,43.93273388611669,-377.4399810278119,-481.53176208726427,-0.0002294994865984501,0.47700124560900836,9.0,10.0,14.0,-0.03907802440226078,0.9,-0.2,-0.04625295102596283,27.0
2025-08-26 18:00:00+00:00,110695.58,79757590.8440053,0.006432606736348712,0.009385287170638357,-0.0785671251100627,51.84324635890838,-301.8180480000592,-445.58901926982327,0.00595367054867757,1.0262042134208156,7.0,8.0,12.0,-0.020536625292152166,0.875,0.0,0.11117533115403992,23.0
2025-08-26 19:00:00+00:00,111116.03,122351588.5335865,0.003798254636725229,0.00873496557178588,0.5340431830857217,55.831429058442104,-205.59040191849635,-397.58929579955793,0.009314070829528731,1.1576236556966666,10.0,12.0,12.0,0.07168932103862365,0.8333333333333334,-0.16666666666666669,0.13173309341073036,26.0
2025-08-26 20:00:00+00:00,111321.58,78471570.4850741,0.0018498681063390254,0.012124133099162382,-0.3586387277388473,57.676801911651346,-111.45830995238794,-340.36309863012394,0.010162043272551768,1.1864718432098265,14.0,14.0,21.0,0.4126214467521225,1.0,0.4285714285714286,0.4126214467521225,31.0
2025-08-26 21:00:00+00:00,111584.6,41847844.4950888,0.0023627045178482575,0.008031214977147316,-0.4667133047496662,59.98086543125395,-15.45626285696926,-275.38173147549304,0.011774147317446415,1.1490073557346696,9.0,9.0,15.0,0.20252815634012222,1.0,0.33333333333333337,0.20252815634012222,33.0
2025-08-26 22:00:00+00:00,111910.01,68252506.3858168,0.0029162626383927304,0.0071455036685526,0.6309682663303438,62.68731115523272,85.89378843267332,-203.1266274938598,0.013714098481876436,1.136664711103411,8.0,10.0,9.0,0.31576305646449326,0.8,0.4,0.30359069141559303,31.0
2025-08-26 23:00:00+00:00,111763.22,82311315.4546036,-0.001311678910581704,0.003967245164863797,0.20598231205335327,60.693321976321464,152.61050909057667,-131.97920017697248,0.011521464105087365,0.9883603070467911,5.0,6.0,7.0,0.10450091771781445,0.8333333333333334,0.16666666666666669,0.13006672859191895,22.0
2025-08-27 00:00:00+00:00,111356.37,66978319.922775,-0.0036402852387396045,-0.0020453539287680345,-0.18628053077690232,55.43054642900515,170.6870223229489,-71.4459556769882,0.007266567069817542,0.7991771471637894,8.0,9.0,13.0,-0.4659395031630993,0.8888888888888888,-0.4444444444444445,-0.40429040184244514,21.0
2025-08-27 01:00:00+00:00,111299.48,54362032.401755,-0.0005108823141415364,-0.00545554414658711,-0.1883637501741816,54.71609074230738,178.36614782040124,-21.483534977510317,0.006249785136866359,0.7523313209679586,7.0,7.0,17.0,-0.009740147739648819,1.0,0.0,-0.009740147739648819,20.0
2025-08-27 02:00:00+00:00,111135.37,52866287.9518745,-0.0014744902671602889,-0.005617679948734522,-0.027514505690780733,52.609528283403975,169.25849802131415,16.66487162225458,0.0042452953882796685,0.6730871845103084,7.0,7.0,10.0,0.0019498637744358607,1.0,0.14285714285714285,0.0019498637744358607,22.0
2025-08-27 03:00:00+00:00,111418.15,67742999.030373,0.0025444644670729044,0.0005547953835061126,0.2814026037167796,55.76947460626015,182.75195190496743,49.88228767879715,0.006293643952973493,0.7516853097011179,8.0,10.0,11.0,-0.4440590590238571,0.8,-0.39999999999999997,-0.5659159328788519,22.0
2025-08-27 04:00:00+00:00,111570.81,47169902.5695132,0.0013701537855368429,0.0024378370860314025,-0.3036933226359778,57.42012210008549,203.419108629736,80.58965186898493,0.007004492604608892,0.7769898544296152,12.0,14.0,18.0,0.029502903510417258,0.8571428571428571,0.0,0.09430963701258104,27.0
2025-08-27 05:00:00+00:00,111372.18,36011364.9194069,-0.0017803043645555627,0.002130824777026419,-0.23656054056211417,54.56671138859007,201.44803075162054,104.76132764551207,0.004658907364301079,0.6857891035466498,8.0,8.0,9.0,-0.18164862599223852,1.0,0.0,-0.18164862599223852,28.0
2025-08-27 06:00:00+00:00,111040.09,36314201.7725061,-0.0029818038939346536,-0.0033931635016377637,0.008409480001020597,50.08538258530162,171.11652494112786,118.03236710463523,0.0012912760498791087,0.5526379451954379,12.0,15.0,18.0,0.11099422127008438,0.8,0.4,0.18414582746724287,32.0
2025-08-27 07:00:00+00:00,110725.18,81698687.3387284,-0.0028360027445943903,-0.00757931218747987,1.2497723576725677,46.20987031506909,120.28145315294387,118.48218431429696,-0.0019302848738729228,0.4164075631065841,12.0,12.0,19.0,0.12822402967140079,1.0,0.41666666666666674,0.12822402967140079,32.0
2025-08-27 08:00:00+00:00,110756.01,67200637.7643831,0.0002784371179167522,-0.005532530655321666,-0.17745755833548926,46.64514540861349,81.54204986416153,111.09415742426988,-0.0018949404402198722,0.4152799956062425,15.0,15.0,22.0,0.13031588532030583,1.0,0.2,0.13031588532030583,39.0
2025-08-27 09:00:00+00:00,110810.78,40255966.916624,0.0004945104107669795,-0.002065109997659409,-0.4009585584921339,47.45856947723432,54.63052820072335,99.80143157956059,-0.0017234855590400056,0.41880302063883995,17.0,18.0,25.0,0.014184674868981043,0.9444444444444444,0.055555555555555525,-0.02981651048449909,44.0
2025-08-27 10:00:00+00:00,110975.12,37386990.2159997,0.0014830687050484403,0.0022573004622796766,-0.07126835896319106,49.92543507102389,46.03317614873231,89.04778049339494,-0.0005207463658981615,0.4746563057679518,26.0,26.0,41.0,0.04440617568504352,1.0,0.1923076923076923,0.04440617568504352,58.0
2025-08-27 11:00:00+00:00,111322.07,31932835.4244794,0.003126376434646083,0.005110873892983481,-0.1458837622394703,54.755145403651355,66.44968749090913,84.52816189289778,0.001857009854239644,0.6077385477842078,13.0,13.0,18.0,0.2607329517889481,1.0,0.3076923076923077,0.2607329517889481,56.0
2025-08-27 12:00:00+00:00,111344.42,44162591.9364065,0.00020076881430597382,0.004815776948777106,0.382983732868015,55.05587223276731,83.47117429756327,84.31676437383089,0.0015215975756330824,0.5991141608372738,18.0,18.0,28.0,0.05537478967259327,1.0,0.2777777777777778,0.05537478967259327,57.0
2025-08-27 13:00:00+00:00,111487.24,94929858.0031561,0.0012826866402466663,0.004614728057964701,1.1495535891519624,57.02171268577154,107.24890698883974,88.90319289683266,0.0021305621842198086,0.6779851429230621,16.0,24.0,20.0,0.11617131313929956,0.6666666666666666,0.125,0.13993823947384953,47.0
2025-08-27 14:00:00+00:00,111815.94,143044468.5947661,0.0029483194668735724,0.004436406904758439,0.5068438066136196,61.22529164822901,150.87705759324308,101.29796583611476,0.004579325780341925,0.8871658041740283,16.0,23.0,22.0,0.06538011214655379,0.6956521739130435,0.26086956521739135,-0.038593671983107924,50.0
2025-08-27 15:00:00+00:00,112000.0,87813498.4412083,0.0016460980429087169,0.005887856796056745,-0.3861104920458187,63.38489872390544,198.02210940475925,120.64279454984367,0.005833556225749881,0.9527904687878943,14.0,14.0,19.0,0.1603237951972655,1.0,0.35714285714285715,0.1603237951972655,46.0
2025-08-27 16:00:00+00:00,112121.46,68654743.8008693,0.0010844642857144038,0.00568872276325072,-0.2181755080987453,64.77897561233856,242.3915704034589,144.99254972056673,0.006562817225986839,0.9616661339715086,11.0,12.0,16.0,0.04980813805013895,0.9166666666666666,0.08333333333333337,-0.023910540410063484,41.0
2025-08-27 17:00:00+00:00,112345.29,43348789.7255934,0.0019963172081418623,0.004734119303562601,-0.368597312789848,67.25333757993431,292.2470561385853,174.44345100417047,0.008227974290535345,1.0138514852598188,10.0,10.0,16.0,0.19870093204081057,1.0,0.3,0.19870093204081057,35.0
2025-08-27 18:00:00+00:00,111947.21,46153509.7917358,-0.003543361719925975,-0.0004713392857141896,0.06470123119692239,59.2773126534429,296.22150158762815,198.79906112086204,0.004638688126529011,0.7883564919759236,14.0,15.0,18.0,0.02020466923713684,0.9333333333333333,0.13333333333333336,0.020253558244024004,35.0
2025-08-27 19:00:00+00:00,112080.69,55065654.0815584,0.001192347714605857,-0.0003636235204215188,0.19309786688028652,60.94966560301675,306.6076169498119,220.360772286652,0.00569330349400099,0.8411621908763296,6.0,7.0,8.0,-0.026857894446168627,0.8571428571428571,0.0,-0.06243503217895826,30.0
2025-08-27 20:00:00+00:00,112419.07,158508670.6269868,0.0030190749182577026,0.0006567253509248694,1.8785396863209454,64.88643198935853,338.2440592768835,243.93742968469832,0.008248856889971456,0.9506991468811694,8.0,9.0,14.0,0.11107933355702294,0.8888888888888888,0.1111111111111111,0.07649810053408146,28.0
2025-08-27 21:00:00+00:00,111528.19,50882281.4647728,-0.007924634139029996,-0.0037430142296535074,-0.678993702593643,50.46252093036981,288.1084621339687,252.7716361745524,0.00015627639389270698,0.5085738975721186,6.0,8.0,9.0,0.27813510270789266,0.75,0.5,0.2247381042689085,20.0
2025-08-27 22:00:00+00:00,111409.54,46907227.1483714,-0.0010638565908763775,-0.005988096611468152,-0.07812256451498623,48.90332480988468,236.08019129969762,249.43334719958148,-0.0010305540832329374,0.44270231848162755,9.0,11.0,14.0,0.23008253713223067,0.8181818181818182,0.2727272727272727,0.08700546063482761,23.0
2025-08-27 23:00:00+00:00,111262.01,34383407.3469886,-0.0013242133483362117,-0.010292381888588942,-0.2669912625994483,46.96037903654073,180.85815356569947,235.7183084728051,-0.002283560040107102,0.3737508874928336,4.0,4.0,6.0,-0.3864535242319107,1.0,-0.5,-0.3864535242319107,19.0
2025-08-28 00:00:00+00:00,111338.92,44809698.1418191,0.0006912512186325603,-0.0016970597299211798,0.30323611297772257,48.117634433671014,141.66723336311406,216.9080934508669,-0.0014900712519616555,0.4178378802067462,11.0,11.0,20.0,-0.2192613963376392,1.0,-0.18181818181818177,-0.2192613963376392,24.0
2025-08-28 01:00:00+00:00,111647.7,28150572.4045243,0.002773333888994145,0.002137698441264657,-0.3717750047003219,52.590117613094165,133.97967783843342,200.32241032838022,0.0011554414706038685,0.5637255301532336,4.0,4.0,4.0,0.13827380165457726,1.0,0.0,0.13827380165457726,19.0
2025-08-28 02:00:00+00:00,111500.0,22093127.9237076,-0.0013229112646296892,0.002139005038647168,-0.21518015313404992,50.35407742100971,114.64749413290701,183.1874270892856,-0.0003751238033167237,0.47880424863729226,5.0,5.0,6.0,-0.2752706468105316,1.0,-0.19999999999999996,-0.2752706468105316,20.0
2025-08-28 03:00:00+00:00,112000.01,39199819.7985953,0.004484394618833987,0.005937636183286132,0.7742992270701028,57.01687113790486,138.08150981509243,174.16624363444697,0.0035341108180309,0.7118507257519427,16.0,19.0,28.0,-0.17267936546551554,0.8421052631578947,-0.10526315789473684,-0.21640190482139587,25.0
2025-08-28 04:00:00+00:00,112965.9,95069925.8083825,0.008624017087141223,0.011806781510053543,1.4252643582761895,66.39827813481827,231.91896928328788,185.71678876421515,0.011187485475456782,1.1117505837921462,8.0,8.0,11.0,0.3586081159301102,1.0,0.625,0.3586081159301102,29.0
2025-08-28 05:00:00+00:00,112853.24,71756392.4024493,-0.0009972921031921045,0.012136681614349776,-0.24522511412202663,64.62650789915813,293.80827263549145,207.33508553847042,0.009256444753569237,0.9942254393616271,13.0,13.0,20.0,0.2876887278488049,1.0,0.30769230769230765,0.2876887278488049,37.0
2025-08-28 06:00:00+00:00,113213.78,38182557.6161686,0.0031947687102291678,0.010837231175247153,-0.467886325694583,67.605631320274,367.7098262859654,239.41003368796945,0.011468278953369104,1.0642759388621854,11.0,11.0,16.0,0.2658213231373917,1.0,0.36363636363636365,0.2658213231373917,32.0
2025-08-28 07:00:00+00:00,113114.11,75224089.5461029,-0.0008803698631032475,0.0013119888391099899,0.9701165726585288,65.95201661130638,413.46859537066484,274.22174602450855,0.009769474907528997,0.9516135868512812,9.0,9.0,12.0,0.31340245840450126,1.0,0.3333333333333333,0.31340245840450126,33.0
2025-08-28 08:00:00+00:00,113128.49,47561639.2323587,0.0001271282601260637,0.0024390083971004284,-0.3677339331144792,66.08092304409297,445.75471251260024,308.5283393221269,0.009094283690017413,0.9041679533873664,15.0,15.0,21.0,0.2810991986344258,1.0,0.6,0.2810991986344258,35.0
2025-08-28 09:00:00+00:00,112856.89,40147743.116994,-0.0024008099109252834,-0.0031523547751872716,-0.15587974331886856,61.3559893099486,444.3041807860427,335.68350761491007,0.0060570833941966384,0.7680234702061634,18.0,19.0,24.0,0.17119571929307362,0.9473684210526315,0.2631578947368421,0.1544500296521518,42.0
2025-08-28 10:00:00+00:00,113127.53,38736842.9130455,0.002398081322283474,0.00011864125527760727,-0.035142702787477,64.1098490018033,459.69394446710066,360.48559498534826,0.007880477964588462,0.8349049752845752,13.0,14.0,20.0,0.2002388800361327,0.9285714285714286,0.4285714285714286,0.21449270471930504,46.0
2025-08-28 11:00:00+00:00,112909.18,33949286.0016758,-0.0019301225793580956,-0.001938592126528138,-0.12359181986298073,60.371843403406054,449.0945405765815,378.2073841035949,0.00552790106156964,0.7305244564523931,14.0,15.0,27.0,0.15874443103869756,0.9333333333333333,0.33333333333333337,0.1160112667296614,45.0
2025-08-28 12:00:00+00:00,113239.44,61359481.5172066,0.0029250057435543653,0.0033896911389281748,0.8073865092237222,63.80902834431772,462.0178048723028,394.9694682573365,0.007967293631684358,0.8184251972907101,14.0,15.0,21.0,0.3250188991427422,0.9333333333333333,0.4666666666666667,0.2840195431240967,41.0
2025-08-28 13:00:00+00:00,112832.0,133180675.8170512,-0.0035980396935908487,-0.0026123614649766758,1.1704987155033946,57.21567397770383,434.3753731396282,402.85064923379485,0.004123078941158598,0.6629673940246201,20.0,23.0,25.0,0.05674646341282388,0.8695652173913043,0.17391304347826086,0.08734216839075089,48.0
2025-08-28 14:00:00+00:00,113153.06,72740523.7190791,0.002845469370391429,0.002159966089559706,-0.4538207343308428,60.66482780566607,433.3796745098807,408.9564542890121,0.006440265238535581,0.7502139741193601,21.0,22.0,34.0,0.25998248964209447,0.9545454545454546,0.45454545454545453,0.2697107180775631,55.0
2025-08-28 15:00:00+00:00,112678.53,81512225.0170921,-0.004193700108507836,-0.004953309553632601,0.12058892140904742,53.765683964870725,389.8065240220749,405.12646823562466,0.00195316280027491,0.5761838754218834,14.0,15.0,26.0,0.3117085049549739,0.9333333333333333,0.6,0.27078587987593244,55.0
2025-08-28 16:00:00+00:00,112329.44,63872120.9274753,-0.003098105734961165,-0.0044540555870674625,-0.21641053333923688,49.321867062882625,323.37814088750747,388.77680276600125,-0.0011111881991489048,0.456690165447783,18.0,19.0,26.0,0.43366770250232595,0.9473684210526315,0.631578947368421,0.4543403527802891,53.0
2025-08-28 17:00:00+00:00,112387.99,61211986.7287761,0.0005212346825551606,-0.006761372604505711,-0.04164781378905047,50.06730275330554,272.31854565799586,365.4851513444002,-0.0009724492447771294,0.4603487520926541,10.0,10.0,15.0,0.15933627225458621,1.0,0.30000000000000004,0.15933627225458621,42.0
2025-08-28 18:00:00+00:00,112373.59,33708285.9144592,-0.0001281275695028672,-0.0027062830869376553,-0.44931887174619767,49.87300160868567,228.06252608321665,338.00062629216353,-0.0015282740019921803,0.4332531940996898,10.0,11.0,14.0,0.12531166371296754,0.9090909090909091,0.09090909090909094,0.14003715440630912,38.0
2025-08-28 19:00:00+00:00,111901.36,45181285.8554824,-0.0042023219156742675,-0.00381093326914117,0.3403614164819293,43.86153115717809,153.1192340963171,301.02434785299425,-0.006006507975594877,0.21522071827338915,6.0,7.0,8.0,0.20241964501993998,0.8571428571428571,0.42857142857142855,0.23114294620851675,26.0
2025-08-28 20:00:00+00:00,111902.49,25256543.1075183,1.0098179325179757e-05,-0.0043198565967769165,-0.44099547789975935,43.87896328685665,92.74817360407906,259.3691130032112,-0.00624521025178848,0.17775435671511702,11.0,12.0,15.0,-0.05800078188379606,0.9166666666666666,0.16666666666666669,-0.12676471878181805,27.0
2025-08-28 21:00:00+00:00,112025.07,25205601.2493074,0.0010954179839965938,-0.0031014404719115207,-0.002016976669928172,45.84352698380814,54.17041198075458,218.3293727987199,-0.005323303908590926,0.21062074800606262,13.0,15.0,20.0,0.34163315072655676,0.8666666666666667,0.4,0.31739510796391046,30.0
2025-08-28 22:00:00+00:00,112340.64,36664580.5769409,0.0028169587396820184,0.003925600189309542,0.45462035260707645,50.63451026602658,48.50201854961051,184.36390194889805,-0.0028934652589303056,0.32099947119239275,5.0,5.0,7.0,0.2522092700004578,1.0,0.39999999999999997,0.2522092700004578,29.0
2025-08-28 23:00:00+00:00,112566.9,36013476.6091096,0.0020140529731715873,0.005937401392944741,-0.017758391275333185,53.79095392720063,61.55747077819251,159.80261571475697,-0.0011365324195913296,0.42550863593382576,6.0,6.0,8.0,0.21351197361946106,1.0,0.3333333333333333,0.21351197361946106,24.0
2025-08-29 00:00:00+00:00,112200.94,50190347.9362806,-0.003251044489987698,0.0015699164481663974,0.39365461660496726,48.400392544904,41.89120148973598,136.22033286975278,-0.004045861137985107,0.23984467043018454,11.0,11.0,18.0,0.1278840567577969,1.0,0.2727272727272727,0.1278840567577969,22.0
2025-08-29 01:00:00+00:00,111486.0,80350824.2624816,-0.006371960876620175,-0.007607576385535997,0.6009218418746842,39.97269662359369,-31.02648757091083,102.77096878162007,-0.00979116657709167,-0.04707419274443901,5.0,6.0,7.0,0.3889430795485775,0.8333333333333334,0.6666666666666666,0.430455045029521,22.0
2025-08-29 02:00:00+00:00,111419.98,61059946.0701019,-0.0005921819780062565,-0.010188785513325804,-0.2400831400230854,39.29230634109966,-93.06870563756092,63.603033897783874,-0.009588570155819931,0.0030051034881739824,7.0,7.0,8.0,0.1343983347926821,1.0,0.7142857142857142,0.1343983347926821,23.0
2025-08-29 03:00:00+00:00,111704.23,45681099.9316594,0.002551158239303186,-0.004426968258911201,-0.2518647186616625,43.733068591474975,-117.94145534063864,27.294136050099368,-0.006439288190072445,0.1706988429960572,6.0,6.0,9.0,-0.007936110099156698,1.0,0.0,-0.007936110099156698,18.0
2025-08-29 04:00:00+00:00,111502.0,44258269.5482493,-0.0018104059264362204,0.00014351577776583468,-0.03114702547746684,41.41209204921731,-152.2168979246344,-8.608070744847385,-0.007520129867800485,0.12297007294890615,10.0,11.0,17.0,0.3238342451778325,0.9090909090909091,0.45454545454545453,0.43609132096171377,23.0
2025-08-29 05:00:00+00:00,111315.42,56637339.2024574,-0.001673333213754069,-0.0009384313298207436,0.2797007153818505,39.33777660996334,-192.22008629758784,-45.33047385539548,-0.00850067951717326,0.09559552829471911,12.0,13.0,21.0,0.030762329411048155,0.9230769230769231,0.23076923076923078,0.10399937722831964,28.0
2025-08-29 06:00:00+00:00,111279.45,158813795.3042187,-0.00032313582430898435,-0.0038027208101251153,1.8040476042936713,38.93289840569483,-224.24047506501665,-81.11247409731972,-0.008004603566019175,0.12152276570606366,8.0,9.0,12.0,0.14850537975629172,0.8888888888888888,0.5555555555555556,0.26083269342780113,30.0
2025-08-29 07:00:00+00:00,110019.38,212751193.8325393,-0.011323474370155462,-0.013296801851087836,0.3396266579046221,28.043828093951234,-347.2906317908928,-134.34810563603435,-0.017972538253284598,-0.1869279233689201,15.0,15.0,28.0,0.11426119953393936,1.0,0.06666666666666665,0.11426119953393936,35.0
2025-08-29 08:00:00+00:00,109628.02,138812684.204224,-0.0035571914693575124,-0.015158726437002112,-0.3475351103623596,25.644777293762004,-470.95932288050244,-201.67034908492798,-0.01988608202773634,-0.15499198393450817,20.0,20.0,26.0,0.06516437903046608,1.0,0.3,0.06516437903046608,43.0
2025-08-29 09:00:00+00:00,109772.71,78205438.6500662,0.0013198268107004196,-0.013540146001799869,-0.4366117253736784,28.093922372480122,-550.9414674905274,-271.52457276604787,-0.017248532131249328,-0.017700272398686056,14.0,14.0,25.0,0.24081250187009573,1.0,0.2857142857142857,0.24081250187009573,49.0
2025-08-29 10:00:00+00:00,110008.01,45527386.7951851,0.0021435200060195836,-0.00010334542877821207,-0.41784884042528725,32.015672616521826,-588.5566352905298,-334.9309852709443,-0.013753528011831828,0.0907582244237045,18.0,21.0,21.0,0.3128131875502212,0.8571428571428571,0.47619047619047616,0.3035631567860643,52.0
2025-08-29 11:00:00+00:00,110098.81,50457429.2688749,0.0008253944417320191,0.004294431295940537,0.108287402830052,33.522412173676784,-604.0767053869204,-388.7601292941395,-0.011796738860781364,0.15388130894051,23.0,24.0,33.0,0.20596451172605157,0.9583333333333334,0.41666666666666663,0.23137133131208626,55.0
2025-08-29 12:00:00+00:00,110728.0,172219432.8502858,0.005714775663787863,0.00870243615193611,2.4131630434949813,42.95680348242688,-559.160444574838,-422.84019235027927,-0.005434590202256229,0.3384125263271528,21.0,21.0,31.0,0.14833060270618825,1.0,0.23809523809523808,0.14833060270618825,62.0
2025-08-29 13:00:00+00:00,109106.14,223413630.1982263,-0.014647243696264689,-0.008198221202255995,0.29726144431357393,30.81632680813074,-646.9765884448716,-467.66747156919774,-0.018555692665174317,-0.005283582179754768,21.0,24.0,28.0,0.06500193771595757,0.875,0.16666666666666666,0.011058078103122256,65.0
2025-08-29 14:00:00+00:00,108198.67,257737764.5461881,-0.00831731376437661,-0.017258497162685016,0.15363491617546932,26.332053203764005,-780.7962272211589,-530.29322269959,-0.02488766896811334,-0.09055398137456204,16.0,18.0,24.0,-0.08819932262930605,0.8888888888888888,-0.1111111111111111,-0.11587305297143757,58.0
2025-08-29 15:00:00+00:00,108386.23,191663689.3681181,0.001733477869922062,-0.021148851239072397,-0.2563616367760849,28.643260295153027,-861.780659570446,-596.5907100737613,-0.021647662669133982,0.029345114649466764,20.0,20.0,27.0,-0.16887157037854195,1.0,0.0,-0.16887157037854195,57.0
2025-08-29 16:00:00+00:00,108705.67,104353977.2217553,0.00294723785484563,-0.003670462542254782,-0.4555360091116255,32.52593433131757,-889.9267457749229,-655.2579172139937,-0.017346442525650096,0.13743444070286592,11.0,11.0,16.0,0.06688696366142143,1.0,0.2727272727272727,0.06688696366142143,47.0
2025-08-29 17:00:00+00:00,108466.01,57388934.6615312,-0.002204668808903909,0.0024708251959104643,-0.45005512785029733,31.156215057934688,-920.9550840174634,-708.3973505746876,-0.01793309540581356,0.13634469280050082,19.0,19.0,27.0,0.1993539282365849,1.0,0.42105263157894735,0.1993539282365849,50.0
2025-08-29 18:00:00+00:00,108145.4,35550219.1965405,-0.0029558568624401538,-0.002221961221457791,-0.38053878493809323,29.374112350194792,-960.3455474950315,-758.7869899587564,-0.018972762554635758,0.12021267244357908,14.0,15.0,20.0,0.12815953902900218,0.9333333333333333,0.06666666666666665,0.07141275078590427,44.0
2025-08-29 19:00:00+00:00,108212.01,85200916.0473348,0.000615930034934431,-0.0045412534599161836,1.3966354630979594,30.26654666906076,-974.9492946926184,-802.0194509055289,-0.016425721652068126,0.161524999789323,13.0,14.0,24.0,-0.17407762884561503,0.9285714285714286,-0.07142857142857142,-0.1848063046255937,46.0
2025-08-29 20:00:00+00:00,107770.78,200877267.7146704,-0.004077458685038726,-0.006409657735174323,1.357689060562091,27.7638811862998,-1010.478278454917,-843.7112164154066,-0.018460013250192975,0.11666170399969114,7.0,9.0,9.0,-0.09334929328825739,0.7777777777777778,0.0,-0.1378498263657093,34.0
2025-08-29 21:00:00+00:00,108450.01,69595866.5425793,0.006302543231105906,0.002816670889376649,-0.653540356585124,36.472304693557916,-972.6153651239001,-869.4920461571054,-0.010906354761007875,0.26883344264164394,12.0,13.0,17.0,0.290990317097077,0.9230769230769231,0.4615384615384615,0.25911422198017436,32.0
2025-08-29 22:00:00+00:00,108378.97,26837779.2083864,-0.0006550483490042058,0.0015428971331370445,-0.6143768223366134,35.98369545199637,-937.533762199324,-883.1003893655492,-0.010181636227133861,0.2777293905093609,9.0,11.0,10.0,-0.01009217548099431,0.8181818181818182,0.18181818181818182,0.09092803009682232,28.0
2025-08-29 23:00:00+00:00,108377.4,27907260.0155751,-1.448620521127264e-05,0.0056287984553882175,0.039849825087409085,35.9722258812525,-899.4892725894606,-886.3781660103315,-0.00868999012503302,0.296530194421684,2.0,2.0,3.0,0.062060823664069176,1.0,0.0,0.062060823664069176,23.0
2025-08-30 00:00:00+00:00,108300.71,66283989.0329448,-0.0007076198543237711,-0.0013766711501455031,1.3751521645604607,35.379012582644975,-865.5494670821354,-882.2124262246923,-0.00793900083165866,0.2982421018383931,3.0,3.0,4.0,0.47166722516218823,1.0,0.6666666666666666,0.47166722516218823,14.0
2025-08-30 01:00:00+00:00,107447.97,75819220.7697937,-0.007873817263063243,-0.0085902274214269,0.14385422295736694,29.544744443148872,-897.1194830854511,-885.1938375968441,-0.014003773881237302,0.12463329699967704,3.0,3.0,7.0,0.4576306864619255,1.0,0.6666666666666666,0.4576306864619255,8.0
2025-08-30 02:00:00+00:00,107782.01,84207478.0591625,0.003108853522314048,-0.005493673035153135,0.11063497097705155,34.127348602444314,-884.9831767280848,-885.1517054230923,-0.009348745298739636,0.21706442988905839,5.0,5.0,7.0,-0.04821233004331589,1.0,0.0,-0.04821233004331589,11.0
2025-08-30 03:00:00+00:00,108436.2,124253278.7004151,0.006069565783751951,0.0012510536634524616,0.47556109699802707,42.07365306448214,-813.2032993628964,-870.7620242110531,-0.0026102514278734112,0.41716696143611576,6.0,6.0,11.0,-0.3283848700424035,1.0,-0.5,-0.3283848700424035,14.0
2025-08-30 04:00:00+00:00,108435.59,157732061.6923551,-5.625427670796768e-06,0.00919161153067849,0.26943983564940854,42.068557077731576,-747.7468906082504,-846.1589974904927,-0.002068601554946259,0.4324903431652036,9.0,9.0,11.0,0.12051137288411458,1.0,0.1111111111111111,0.12051137288411458,20.0
2025-08-30 05:00:00+00:00,108347.2,61718987.5788598,-0.0008151382770177351,0.005243825013098169,-0.6087099419315384,41.28818478602321,-694.9931015200418,-815.9258182964026,-0.0022275672548115466,0.4238612520299534,4.0,4.0,5.0,0.18822098523378372,1.0,0.5,0.18822098523378372,19.0
2025-08-30 06:00:00+00:00,108320.0,36252082.3356892,-0.0002510447893439016,-0.0010715978612307886,-0.41262674976045155,41.035918717538934,-647.9114365475689,-782.3229419466359,-0.0017021292047570968,0.4363759062486754,6.0,6.0,10.0,0.06190759657571713,1.0,-0.16666666666666666,0.06190759657571713,19.0
2025-08-30 07:00:00+00:00,108524.26,75257056.0688301,0.0018857090103396867,0.0008177204550645634,1.0759374695213455,43.812265295631796,-587.3462410671636,-743.3276017707415,0.0009065956034892686,0.5391801721531387,11.0,11.0,13.0,0.10484756122935902,1.0,0.36363636363636365,0.10484756122935902,21.0
2025-08-30 08:00:00+00:00,108568.0,31216771.0903526,0.00040304352225017936,0.0020378929958504433,-0.5851980834620778,44.415821156642515,-529.7122418609506,-700.6045297887833,0.0023083752365482546,0.6821410267943095,4.0,4.0,5.0,-0.5931160226464272,1.0,-0.5,-0.5931160226464272,21.0
2025-08-30 09:00:00+00:00,108517.63,31476733.682024,-0.0004639488615429954,0.0018245014771050005,0.00832765794127055,43.83191341476213,-482.53891209130234,-656.9914062492871,0.0021155886713624117,0.6932358223247354,5.0,5.0,6.0,0.6206421792507172,1.0,1.0,0.6206421792507172,20.0
2025-08-30 10:00:00+00:00,108425.99,46433682.1604457,-0.0008444710781095877,-0.0009055118182790256,0.47517473158161394,42.73126132342975,-447.3910450399562,-615.071334007421,0.001164248514278432,0.6061041569172793,13.0,13.0,16.0,-0.1925135525659873,1.0,-0.15384615384615385,-0.1925135525659873,22.0
2025-08-30 11:00:00+00:00,108680.01,44697115.5338531,0.0023427962244106926,0.0010317036327462947,-0.037398856730597285,46.72475160103345,-394.49136521294713,-570.9553402485262,0.0033736821293079977,0.796557146321111,15.0,15.0,28.0,-0.08759370123346646,1.0,-0.06666666666666671,-0.08759370123346646,33.0
2025-08-30 12:00:00+00:00,108614.86,38681485.0826139,-0.0005994662679916773,0.0008959834452706428,-0.1345865472388934,45.84181801387067,-353.7472700184153,-527.513726202504,0.002814230984039545,0.7515933221311403,11.0,12.0,17.0,0.12449813215062022,0.9166666666666666,0.16666666666666666,0.14051063240251757,39.0
2025-08-30 13:00:00+00:00,108531.14,59918124.9162305,-0.0007707969241040891,0.0009697859341657455,0.5490130430168463,44.67358015042456,-324.47246871195966,-486.9054747043952,0.002011137929709861,0.6786207362771314,1.0,3.0,1.0,-0.003693444033463796,0.3333333333333333,-0.3333333333333333,-0.7323498129844666,27.0
2025-08-30 14:00:00+00:00,108661.99,30956020.9645848,0.0012056447578088214,-0.0001658078610775604,-0.48336132000353205,46.94915407814089,-287.40050223296566,-447.00448021010936,0.0029800265207025056,0.7592148505058862,16.0,16.0,20.0,0.03737142821773887,1.0,0.0625,0.03737142821773887,28.0
2025-08-30 15:00:00+00:00,108869.98,37657696.0920727,0.0019141007816991795,0.0023488498719235196,0.21649019863227714,50.43859163792502,-238.48849998039077,-405.3012841641657,0.004594773919305073,0.8767908528382807,11.0,11.0,15.0,0.21406068127941003,1.0,0.4545454545454545,0.21406068127941003,28.0
2025-08-30 16:00:00+00:00,108815.72,31165943.7726953,-0.0004983926698617358,0.002622104586757379,-0.17238846220185988,49.523434044024036,-201.77774607902393,-364.5965765471374,0.003610242952773568,0.8122944613733459,6.0,7.0,9.0,-0.015446801270757402,0.8571428571428571,0.2857142857142857,-0.04311174154281616,33.0
2025-08-30 17:00:00+00:00,108784.71,17771789.0304533,-0.00028497720733722254,0.0011293737580178043,-0.42976894394504794,48.97650948351106,-173.19003010413144,-326.3152672585362,0.0031694003755053934,0.7659581916953846,4.0,4.0,9.0,0.4386838534846902,1.0,0.5,0.4386838534846902,21.0
2025-08-30 18:00:00+00:00,108739.72,11870492.4387212,-0.00041356914956158786,-0.0011964730773349475,-0.33205979328360147,48.145753321381505,-152.4075172451121,-291.5337172558514,0.0025877553634767736,0.7131959481457941,8.0,9.0,9.0,-0.0902719497680664,0.8888888888888888,0.0,-0.18198764324188232,18.0
2025-08-30 19:00:00+00:00,108828.33,12900723.6590318,0.0008148816274311521,0.00011588399176143405,0.08678925711203145,49.946576033220495,-127.31947990834306,-258.69086978634977,0.0031962009852712914,0.756399820287341,7.0,7.0,10.0,-0.09987550867455346,1.0,0.14285714285714285,-0.09987550867455346,19.0
2025-08-30 20:00:00+00:00,108648.0,18310723.6271518,-0.0016570133898039519,-0.0012567023435554603,0.41935631760722614,46.41389387927067,-120.59797510136559,-231.07229084935295,0.0013736029584539011,0.6104759855088583,10.0,11.0,16.0,0.237037390131842,0.9090909090909091,0.2727272727272727,0.25828239526599645,25.0
2025-08-30 21:00:00+00:00,108588.67,17604469.0476457,-0.0005460753994551704,-0.0013890968268081005,-0.03857054444636143,45.27917470307716,-118.690380450862,-208.59590876965478,0.0003009460541059106,0.5346184015734273,8.0,8.0,13.0,-0.2099789953790605,1.0,-0.125,-0.2099789953790605,25.0
2025-08-30 22:00:00+00:00,108531.12,17297612.1657759,-0.0005299816269966895,-0.0027309984449821467,-0.017430624067065414,44.15160715237472,-120.43411250019562,-190.96354951576296,-0.0005740309066137872,0.40010249912900847,3.0,3.0,4.0,0.5141570288687944,1.0,0.6666666666666666,0.5141570288687944,21.0
2025-08-30 23:00:00+00:00,108816.33,31183235.2370497,0.0026279098566384107,0.001549315219792291,0.8027479711186454,50.70346631663755,-97.67602094338508,-172.30604380128742,0.0018770175660092203,0.8209217811037249,4.0,4.0,5.0,0.6507998332381248,1.0,1.0,0.6507998332381248,15.0
2025-08-31 00:00:00+00:00,109389.08,83755667.0154349,0.005263456321307647,0.0073710268299631565,1.6859197379213042,60.679500567993614,-33.04303159326082,-144.4534413596821,0.00670846752199461,1.3027027230576191,3.0,3.0,3.0,-0.31769756476084393,1.0,-0.3333333333333333,-0.31769756476084393,10.0
2025-08-31 01:00:00+00:00,109429.01,49928308.2957913,0.0003650272952291367,0.008273110974990283,-0.40388143184878145,61.26797907056634,21.15720828610938,-111.33131143052381,0.00657487539981827,1.1601282287938333,1.0,1.0,1.0,0.9114863276481628,1.0,1.0,0.9114863276481628,8.0
2025-08-31 02:00:00+00:00,109224.87,24868342.3480029,-0.0018655016617622477,0.0037543997302609267,-0.5019189875075505,56.60384531764425,47.096003538768855,-79.64584843666528,0.004279158364056457,0.9206698794437489,2.0,2.0,2.0,-0.03031069226562977,1.0,-0.5,-0.03031069226562977,6.0
2025-08-31 03:00:00+00:00,109223.84,33299546.8589856,-9.430086755912725e-06,-0.0015105712562899498,0.3390336353343544,56.58044091473503,66.79954963654745,-50.35676882202273,0.003946800595067135,0.8719597410543314,4.0,4.0,5.0,0.2654002755880356,1.0,0.5,0.2654002755880356,7.0
2025-08-31 04:00:00+00:00,108816.32,44594955.8319744,-0.0037310535868358974,-0.0055989723383222945,0.33920608652189,48.10539927991189,48.966834475140786,-30.49204816259003,8.688789915156647e-05,0.508325300325426,4.0,4.0,4.0,0.08131622523069382,1.0,0.0,0.08131622523069382,10.0
2025-08-31 05:00:00+00:00,108756.85,32369445.5464126,-0.0005465172871128576,-0.0042849215567845045,-0.2741455856941597,46.99903499388838,29.693261804801296,-18.454986169111766,-0.0005695429891006132,0.4439418457942462,5.0,5.0,8.0,0.36836947202682496,1.0,0.19999999999999996,0.36836947202682496,13.0
2025-08-31 06:00:00+00:00,108716.65,22810908.680311,-0.0003696318898535056,-0.004643583305622645,-0.2952950445937106,46.22511665447812,11.04766199979349,-12.554456535330715,-0.0010723733972743954,0.3889147084585558,5.0,5.0,7.0,-0.2390506386756897,1.0,-0.19999999999999996,-0.2390506386756897,14.0
2025-08-31 07:00:00+00:00,108708.26,28262951.0584879,-7.717309170218734e-05,-0.0009930495719761012,0.2390103110132904,46.0546653147883,-4.355900947150076,-10.914745417694588,-0.0011624272012880077,0.3792381528806359,6.0,6.0,7.0,-0.07448922594388326,1.0,0.0,-0.07448922594388326,16.0
2025-08-31 08:00:00+00:00,109011.67,23707377.546775,0.002791048260730067,0.002343024830160134,-0.16118534481008406,52.82877426985902,7.8290671251452295,-7.165982909126625,0.0014428143711280317,0.6512996087504996,6.0,6.0,10.0,-0.11313482622305553,1.0,-0.16666666666666669,-0.11313482622305553,17.0
2025-08-31 09:00:00+00:00,108507.68,37471265.3240875,-0.004623266481469379,-0.0019221526785455634,0.58057403228831,43.13842769329629,-22.91785609028011,-10.316357545357324,-0.003176381012855445,0.16883930388072976,8.0,9.0,10.0,-0.08446873476107915,0.8888888888888888,-0.2222222222222222,-0.013322941027581692,20.0
2025-08-31 10:00:00+00:00,108560.23,69400025.2433853,0.0004842975170051833,-0.0013617180515997918,0.8520865159782358,44.285970331131836,-42.55413090476941,-16.763912217239742,-0.002647003787434543,0.22885622618384852,7.0,7.0,10.0,0.2156059273651668,1.0,0.4285714285714286,0.2156059273651668,21.0
2025-08-31 11:00:00+00:00,108389.76,42154743.1314147,-0.0015702803872099658,-0.005704985530448292,-0.392583172937209,41.369295487843274,-71.0524757776002,-27.621624929311835,-0.00399341724476876,0.1170463207656776,11.0,11.0,13.0,0.2138237181034955,1.0,0.2727272727272727,0.2138237181034955,26.0
2025-08-31 12:00:00+00:00,108309.2,69117709.9066567,-0.0007432436422037947,-0.001829179280213089,0.6396188132658451,40.02764895354045,-98.99696277738258,-41.89669249892599,-0.004502016861090086,0.09869773615797578,11.0,11.0,15.0,-0.3095219243656505,1.0,-0.5454545454545454,-0.3095219243656505,29.0
2025-08-31 13:00:00+00:00,108418.02,73110784.0577508,0.00100471612753128,-0.0013099640632668885,0.057772084122676315,42.729520838955054,-111.08182338658662,-55.73371867645811,-0.0033338686459125633,0.21332390289963876,10.0,10.0,16.0,0.19750084057450296,1.0,0.4,0.19750084057450296,32.0
2025-08-31 14:00:00+00:00,108467.33,52299269.1416139,0.0004548136924100721,0.0007156580104985544,-0.2846572524745148,43.96152160135419,-115.35056804180203,-67.65708854952689,-0.0027557148022967493,0.268379983668126,5.0,5.0,5.0,-0.23933065980672835,1.0,-0.19999999999999996,-0.23933065980672835,26.0
2025-08-31 15:00:00+00:00,108818.69,70225292.0069381,0.0032393163913964074,0.004704032529092794,0.34275857310328406,51.90141166860442,-89.35177176835714,-71.99602519329294,0.0004791085688187202,0.5402797943707272,11.0,11.0,21.0,0.07852465930310162,1.0,0.18181818181818182,0.07852465930310162,26.0
2025-08-31 16:00:00+00:00,108922.79,61589696.5008253,0.0009566371365066217,0.004655775857186795,-0.12296987679680449,53.981783809937305,-59.6598171749647,-69.5287835896273,0.0013097176213909822,0.6099525913721938,6.0,7.0,7.0,-0.10205143743327685,0.8571428571428571,-0.14285714285714285,-0.13253475166857243,22.0
2025-08-31 17:00:00+00:00,108993.87,26373552.9438088,0.0006525723404624539,0.00485436490416058,-0.571786281761343,55.40026110413234,-30.046806400379864,-61.63238815177781,0.0017765668405891333,0.6491493474924286,12.0,12.0,16.0,-0.02659177764629324,1.0,0.08333333333333337,-0.02659177764629324,29.0
2025-08-31 18:00:00+00:00,109146.62,28812349.4182969,0.0014014549625589456,0.003013544823963432,0.09247129045086089,58.369995118575915,5.681869350650231,-48.169536651292205,0.00289683523967188,0.7416515275879034,3.0,4.0,6.0,0.1712823137640953,0.75,0.25,0.31461748480796814,21.0
2025-08-31 19:00:00+00:00,108930.0,17450906.2159936,-0.0019846697955465675,6.619367719107316e-05,-0.3943254691715061,52.98213054013753,16.329443009133684,-35.26974071920703,0.0008541485744415489,0.5711081718370263,6.0,6.0,10.0,-0.13951918141295513,1.0,-0.16666666666666666,-0.13951918141295513,21.0
2025-08-31 20:00:00+00:00,109117.99,20774880.6308204,0.0017257872027909293,0.001138779639625609,0.1904757480032988,56.716127842024434,39.4818218810542,-20.319428199154785,0.0027062863017639494,0.7384413450086825,3.0,4.0,5.0,-0.05255717784166336,0.75,0.5,-0.14852283895015717,12.0
2025-08-31 21:00:00+00:00,109037.29,17033744.9036273,-0.0007395664088021281,-0.0010016801253213137,-0.18007977006823195,54.70758068027785,50.73360792736639,-6.108820973850548,0.0021450840227950074,0.7077040526383683,8.0,8.0,13.0,0.06355561059899628,1.0,0.125,0.06355561059899628,17.0
2025-08-31 22:00:00+00:00,108900.46,26805113.482333,-0.0012548917897720058,-0.0002711833287432075,0.5736476995510782,51.38479331441837,48.05573536618613,4.724090294156788,0.0010367350801758768,0.6063745205231206,5.0,5.0,5.0,0.2729250781238079,1.0,0.39999999999999997,0.2729250781238079,16.0
2025-08-31 23:00:00+00:00,108246.35,75590058.2616039,-0.0060064943710981256,-0.007988050366396937,1.8199865041207381,39.14475525710165,-6.769671744317748,2.4253378864618815,-0.004528756002520451,0.04436897990762786,4.0,4.0,5.0,0.44730347767472267,1.0,1.0,0.44730347767472267,17.0
2025-09-01 00:00:00+00:00,108222.37,116502666.7128696,-0.00022153171908345648,-0.0074737734219183505,0.5412432453706326,38.78005202265562,-51.55983775119239,-8.371697241068972,-0.004477398691465684,0.08302704819871655,11.0,11.0,16.0,0.0010996545580300417,1.0,0.18181818181818182,0.0010996545580300417,20.0
2025-09-01 01:00:00+00:00,108150.24,50978640.8713469,-0.0006664980632007378,-0.006889043443893628,-0.5624251160105378,37.64396187250943,-91.81823177081242,-25.061004147017663,-0.0048632633860187235,0.0816235403846647,6.0,7.0,12.0,0.27780942831720623,0.8571428571428571,0.5714285714285714,0.22961359719435373,21.0
2025-09-01 02:00:00+00:00,107617.05,93716741.625904,-0.004930086146826884,-0.005813590943251179,0.8383530832533144,30.52507763011485,-164.84702216484584,-53.0182077505833,-0.009268167383603587,-0.14341980348530003,7.0,7.0,9.0,-0.05311290919780731,1.0,0.0,-0.05311290919780731,24.0
2025-09-01 03:00:00+00:00,107660.01,84585963.4349493,0.0003991932505118534,-0.005196337873583867,-0.09742953107997177,31.64669082935596,-216.75770384490897,-85.76610696944844,-0.008394210256936985,-0.014181088206749166,7.0,7.0,9.0,-0.2850393056869507,1.0,-0.14285714285714285,-0.2850393056869507,20.0
2025-09-01 04:00:00+00:00,107409.1,69402878.7450783,-0.0023305775282761454,-0.006852874297828659,-0.17949886805447957,28.729398465291695,-274.97390511738195,-123.60766659903516,-0.00997455993053431,-0.043489405962534,13.0,13.0,22.0,-0.13470613254377475,1.0,0.0,-0.13470613254377475,27.0
2025-09-01 05:00:00+00:00,107866.12,58926108.0253927,0.004254946741011567,0.0023144102165966185,-0.15095585239579923,39.64327925826074,-280.99384736653883,-155.0849027525359,-0.005467997545933856,0.21268137376337115,10.0,12.0,17.0,0.17484555238236985,0.8333333333333334,0.33333333333333337,0.11755033247172833,30.0
2025-09-01 06:00:00+00:00,108064.75,41506789.1277356,0.00184144938188191,0.0037594274791541427,-0.2956129206794159,43.67997434037442,-266.6629890447657,-177.40052001098186,-0.003408978131437368,0.32311099930419884,15.0,16.0,21.0,-0.010440501384437084,0.9375,0.125,0.005654479066530864,38.0
2025-09-01 07:00:00+00:00,109432.99,144216492.7730833,0.01266129797181792,0.01884281685629996,2.4745278014462264,62.35639481311312,-143.2488637038332,-170.57018874955216,0.008723919189180362,0.9182825887683786,10.0,10.0,11.0,-0.11995972953736782,1.0,-0.09999999999999998,-0.11995972953736782,35.0
2025-09-01 08:00:00+00:00,109590.0,120961985.890041,0.0014347592988184221,0.01598166319507932,-0.16124720852580976,63.83832928468959,-32.399405232135905,-142.9360320460689,0.009575239389275847,0.9242309597556837,15.0,15.0,20.0,-0.2666739543279012,1.0,-0.39999999999999997,-0.2666739543279012,40.0
2025-09-01 09:00:00+00:00,109524.12,56330493.2948292,-0.0006011497399398547,0.013504588684098984,-0.534312429807198,62.72256473390035,49.56230046771816,-104.4363655433115,0.008454540138410849,0.8547879854762243,24.0,25.0,38.0,0.13352711372077464,0.96,0.19999999999999996,0.12806341354735196,49.0
2025-09-01 10:00:00+00:00,108571.41,103198657.8939538,-0.008698631863008677,-0.007873128569364729,0.8320211994917293,49.30256814749328,37.21284139531781,-76.10652415558563,-0.0003655335042103136,0.48464291861680714,13.0,14.0,19.0,0.08445709797420672,0.9285714285714286,0.21428571428571427,0.09025037489258327,52.0
2025-09-01 11:00:00+00:00,108782.88,59232440.136234,0.0019477503331677415,-0.007364905557076362,-0.42603478237962333,51.7693159142982,43.98266301784315,-52.08868672089988,0.001598016626943144,0.5671909357436994,19.0,19.0,27.0,-0.08613157742901852,1.0,-0.10526315789473684,-0.08613157742901852,56.0
2025-09-01 12:00:00+00:00,109108.27,69332854.598307,0.0029911875839285784,-0.0037968805410167894,0.17052166749912967,55.36785836428205,74.74246442559524,-26.722456491600852,0.004508210608451524,0.6878998522168337,19.0,19.0,27.0,0.2759860540299039,1.0,0.47368421052631576,0.2759860540299039,51.0
2025-09-01 13:00:00+00:00,109023.61,79189883.749989,-0.0007759265177608166,0.004165000712434308,0.142169671345433,54.23406448767839,91.2367536832462,-3.1306144566314416,0.003715045085838975,0.6546324495940428,27.0,28.0,37.0,0.14011577689754112,0.9642857142857143,0.25,0.12096841536738255,65.0
2025-09-01 14:00:00+00:00,109146.6,53542909.3391936,0.0011281042702586674,0.003343540821864721,-0.32386680212545416,55.65475557397091,112.93106288871786,20.081721012438422,0.004847349565350267,0.7017629504804295,15.0,18.0,27.0,0.1431388719421294,0.8333333333333334,0.2222222222222222,0.20247220930953821,61.0
2025-09-01 15:00:00+00:00,108784.33,45087150.559082,-0.0033191139256742996,-0.00296897751197045,-0.15792490330595377,50.66569717759597,99.74203377177764,36.013783564306266,0.0015793074549033115,0.5660041284708724,16.0,17.0,25.0,0.09135258395005674,0.9411764705882353,0.2941176470588235,0.09475691639818251,58.0
2025-09-01 16:00:00+00:00,108774.23,40762467.9918747,-9.284425431499432e-05,-0.0022873944460287676,-0.09591829409446162,50.52969787066817,87.46638949184853,46.30430474981472,0.001644827094251955,0.5697088523138388,11.0,13.0,18.0,-0.06693700586373989,0.8461538461538461,0.0,-0.12202665074305101,42.0
2025-09-01 17:00:00+00:00,108927.61,62052707.0977816,0.0014100766330407133,-0.0020063840742634564,0.5223000508740232,52.61006887751088,89.08739309599332,54.86092241905044,0.003107879284603543,0.6323984215661382,12.0,12.0,21.0,0.06571151191989581,1.0,0.16666666666666669,0.06571151191989581,39.0
2025-09-01 18:00:00+00:00,109240.0,37764012.6075621,0.0028678679354114944,0.00418874666967195,-0.3914203848020005,56.61207866966384,114.26216921779269,66.7411717787989,0.005827408966312397,0.7435363916662256,10.0,10.0,15.0,0.10819155611097812,1.0,0.2,0.10819155611097812,33.0
2025-09-01 19:00:00+00:00,109217.64,28592439.7158925,-0.00020468692786523857,0.004076425087081725,-0.24286542288234036,56.24594250534538,130.90015997740556,79.57296941852024,0.005172058835974269,0.7137844293332732,5.0,6.0,7.0,0.35484884679317474,0.8333333333333334,0.6666666666666667,0.39201481342315675,27.0
2025-09-01 20:00:00+00:00,108877.38,94969948.9944028,-0.003115430804034869,-0.00046113193890873205,2.321505612604851,50.855827481888014,115.30063524517755,86.71850258385172,0.0017385753258327696,0.5725601502789018,10.0,11.0,14.0,0.061213845048438416,0.9090909090909091,0.18181818181818182,-0.014232713542878628,25.0
2025-09-01 21:00:00+00:00,107800.8,99142053.7978844,-0.009888004285187657,-0.013174661296228463,0.043930789135492754,38.33740421652724,15.883792389504379,72.55156054498225,-0.008007154074163858,0.17516726369624125,7.0,8.0,10.0,0.13803397654555738,0.875,0.125,0.1462885926344565,22.0
2025-09-01 22:00:00+00:00,108444.96,55916114.2904194,0.005975465859251461,-0.007074681342684186,-0.43600004086648647,46.77899183592133,-10.80192543065641,55.88086334985452,-0.00245952298304164,0.3934778978402527,5.0,5.0,9.0,0.03051278293132782,1.0,0.2,0.03051278293132782,22.0
2025-09-01 23:00:00+00:00,109237.42,76604237.5073284,0.007307485751297138,0.0033068393085873282,0.36998499411919417,54.94983693110247,31.629742094082758,51.03063909870017,0.004101516987433662,0.6896498125709902,4.0,5.0,4.0,0.5182629358023405,0.8,0.6,0.6631530071608722,16.0
2025-09-02 00:00:00+00:00,109040.36,60227493.2531729,-0.001803960584202735,0.011498615965744197,-0.21378379038873419,52.77984652030016,48.793587110965746,50.58322870115329,0.0015392829064868607,0.5843139213159861,9.0,10.0,17.0,0.3074952647089958,0.9,0.6000000000000001,0.2866467154688305,18.0
2025-09-02 01:00:00+00:00,109313.0,67408743.0791184,0.0025003585828220487,0.008004429159271131,0.11923540957878376,55.40385083129221,83.43405158733367,57.15339327838937,0.0033767644365669813,0.7052887150100454,4.0,5.0,5.0,-0.04142230004072189,0.8,0.0,0.15374338068068027,17.0
2025-09-02 02:00:00+00:00,110246.01,118592152.5098439,0.00853521539066704,0.00923300824937101,0.7592992702838408,62.98443887277352,184.051349378351,82.5329844983817,0.01092877860409569,1.1150605137380007,7.0,7.0,7.0,-0.0035557267921311514,1.0,0.14285714285714285,-0.0035557267921311514,20.0
2025-09-02 03:00:00+00:00,110322.18,101074468.2499022,0.0006909093580802494,0.011755463756722762,-0.1477136883782223,63.52948069054932,266.8613536376506,119.39865832623548,0.011214983930069922,1.053039081106724,11.0,13.0,17.0,0.02092402600325071,0.8461538461538461,0.1538461538461538,0.10572055388580669,22.0
2025-09-02 04:00:00+00:00,110310.56,54307264.0812423,-0.00010532786788652881,0.009125721551873855,-0.4627004720225689,63.37616792469668,327.7728800101613,161.07350266302063,0.01077468339036547,0.9859319669298355,6.0,7.0,11.0,0.02293075727564948,0.8571428571428571,0.14285714285714285,0.06635967766245206,24.0
2025-09-02 05:00:00+00:00,110209.32,39594533.2057018,-0.0009177725142541782,-0.0003328011598785485,-0.270916444134078,61.972916031629865,363.68415702556376,201.59563353552926,0.009530106361720136,0.9037639873026082,11.0,12.0,19.0,0.057217907160520554,0.9166666666666666,0.08333333333333331,0.13340026817538522,28.0
2025-09-02 06:00:00+00:00,110376.63,65846081.8941822,0.0015181111724489327,0.0004935544239608181,0.66300942486424,63.41460589460436,401.0218907894887,241.48088498632114,0.010227428055376464,0.9110458535375556,14.0,16.0,18.0,-0.03347086859866977,0.875,0.0625,-0.04635584993021829,31.0
2025-09-02 07:00:00+00:00,110233.92,55599432.7473605,-0.0012929367385107193,-0.0006947657595065548,-0.1556151687702323,61.280488858928344,414.3207774616167,276.0488634813803,0.008251752762943099,0.8212905968716872,20.0,20.0,29.0,0.1116807259619236,1.0,0.15000000000000002,0.1116807259619236,45.0
2025-09-02 08:00:00+00:00,110360.0,61471812.947658,0.0011437495827055777,0.0013672164931242126,0.10561942649633038,62.48177829406578,430.0761926325358,306.8543293116114,0.008827441217976073,0.8287567516270693,18.0,18.0,27.0,0.1436985751820935,1.0,0.2777777777777778,0.1436985751820935,52.0
2025-09-02 09:00:00+00:00,110450.56,52625783.3280389,0.000820587169264142,0.0006697975830571856,-0.1439038348706474,63.36107493262516,444.743185229323,334.43210049515375,0.00899719930929388,0.8224522011198631,13.0,13.0,18.0,0.15944415087310168,1.0,0.07692307692307693,0.15944415087310168,51.0
2025-09-02 10:00:00+00:00,110246.0,45319296.8854776,-0.0018520503653398634,0.00010958514402825692,-0.13883853085885411,59.943602710477926,434.8479436999769,354.51526913611843,0.006622993287598744,0.7330603244146807,10.0,12.0,16.0,-0.2634442358588179,0.8333333333333334,-0.25,-0.2831906031817198,41.0
2025-09-02 11:00:00+00:00,109733.34,111890301.5716573,-0.0046501460370445,-0.005678325480246493,1.468932866597763,52.32638160084834,381.2437750521931,359.8609703193334,0.0015081397417000542,0.5543234598133473,17.0,17.0,30.0,0.11531034835121211,1.0,0.23529411764705882,0.11531034835121211,40.0
2025-09-02 12:00:00+00:00,108795.99,141405622.1160757,-0.0085420711699834,-0.014980186610190072,0.2637880149560241,41.85395629482764,260.1271896437829,339.9142141842233,-0.007056673891082443,0.24543931055284982,27.0,30.0,46.0,0.15462761968374253,0.9,0.26666666666666666,0.11630422373612721,54.0
2025-09-02 13:00:00+00:00,111149.99,273310078.4474602,0.021636826872019732,0.008199753279030553,0.9328091369882592,62.274000570031056,350.0543413648993,341.94223962035846,0.013399735046319083,0.9493405634339765,17.0,22.0,32.0,0.05178960632871498,0.7727272727272727,0.13636363636363635,0.04432679745642578,61.0
2025-09-02 14:00:00+00:00,111360.01,214302259.1247234,0.0018895188384631112,0.014823844785914586,-0.2159006343927421,63.505413845226144,433.2745959456661,360.20871088542003,0.014334269848150782,0.9429873429853688,11.0,15.0,15.0,0.1995821552971999,0.7333333333333333,0.4666666666666667,0.24184649471532216,55.0
2025-09-02 15:00:00+00:00,110829.17,118325965.8924705,-0.004766881755847496,0.018688004953123727,-0.44785478988532235,58.3234546646751,451.1918370451749,378.405336117371,0.00875869051710576,0.7655906445527251,12.0,14.0,22.0,-0.13366685741181886,0.8571428571428571,0.14285714285714285,-0.17086216357226172,40.0
2025-09-02 16:00:00+00:00,110785.85,102829851.5100689,-0.0003908718255311028,-0.003276113655070967,-0.13096123294259687,57.908182651301054,456.632047740859,394.0506784420686,0.007489352930843296,0.7295234249534931,9.0,12.0,13.0,0.038030202810963,0.75,0.16666666666666669,0.02499153630601035,32.0
2025-09-02 17:00:00+00:00,110914.0,77805018.7865919,0.0011567361716320335,-0.004005118174827738,-0.24336155655176273,58.84178261361836,465.9133290808968,408.4232085698343,0.007228943168750224,0.7586295776251876,11.0,11.0,16.0,0.2979250435124744,1.0,0.45454545454545453,0.2979250435124744,32.0
2025-09-02 18:00:00+00:00,110646.47,56009935.9812911,-0.0024120489748814533,-0.0016484829760973208,-0.2801243820155306,56.046962920843384,446.5340101412439,416.0453688841163,0.003796048662355167,0.6552524254656532,7.0,10.0,10.0,0.021672121807932855,0.7,0.2,0.009073532053402491,27.0
2025-09-02 19:00:00+00:00,110806.0,49553774.9114634,0.001441799272945632,0.00018188243354178013,-0.11526813870996455,57.347919357441945,438.9881162695383,420.6339183612007,0.004528583038303946,0.6937441406560879,13.0,14.0,17.0,-0.087294054882867,0.9285714285714286,-0.14285714285714285,-0.022462014968578633,31.0
2025-09-02 20:00:00+00:00,111418.49,65097240.0441595,0.005527588758731605,0.0045484790017491505,0.3136686389779033,61.998583437052005,476.93297872027324,431.89373043301526,0.008993544323456115,0.9011711704666637,12.0,15.0,19.0,0.17286672095457714,0.8,0.5333333333333332,0.1171135517458121,32.0
2025-09-02 21:00:00+00:00,111129.57,39678516.6687952,-0.0025931064045114915,0.004366158269667464,-0.3904731346232375,58.74466638035666,478.17897660935705,441.15077966828363,0.005550018760597464,0.7638750241793958,10.0,12.0,16.0,0.15378524704525867,0.8333333333333334,0.16666666666666669,0.21868428401648998,35.0
2025-09-02 22:00:00+00:00,111259.99,41634806.2130903,0.0011735850323184582,0.004097160803566702,0.04930349490190511,59.771061453081295,484.1097273588239,449.7425692063917,0.0062684943456225994,0.7891342123446032,4.0,6.0,5.0,0.5925031925241152,0.6666666666666666,0.6666666666666666,0.46544474735856056,26.0
2025-09-02 23:00:00+00:00,111240.01,28771018.4520923,-0.0001795793797932932,-0.001601888519580652,-0.30896715827522037,59.52672827732401,481.6455608251126,456.1231675301359,0.005670379349021593,0.7554855910093431,4.0,4.0,5.0,-0.12139521352946758,1.0,0.0,-0.12139521352946758,18.0
2025-09-03 00:00:00+00:00,111339.98,110626442.6906513,0.0008986874416858637,0.0018933754535357394,2.8450652303066546,60.399009279936294,482.2009225343063,461.33871853097,0.0061059954905315905,0.7684755034201711,4.0,4.0,7.0,-0.23970351740717888,1.0,-0.5,-0.23970351740717888,12.0
2025-09-03 01:00:00+00:00,111176.94,50521149.9822994,-0.0014643437155278383,-0.0007464498244157403,-0.5433175942972919,58.19612674194683,464.13482789011323,461.89794040279867,0.0041936898707743975,0.6843683445071072,1.0,1.0,1.0,-0.9160870313644409,1.0,-1.0,-0.9160870313644409,9.0
2025-09-03 02:00:00+00:00,111372.0,47289531.7872228,0.0017545005286168092,0.0011865335143355082,-0.06396564995469878,60.07238918586593,460.2515363268176,461.5686595876025,0.005503545634171658,0.7380093384247332,4.0,5.0,7.0,0.4832634598016739,0.8,0.8,0.5939222164452076,9.0
2025-09-03 03:00:00+00:00,111054.01,43525153.0522073,-0.0028552059763675697,-0.002568439476996476,-0.07960279141593452,55.68463427357985,426.5973160270805,454.5743908754981,0.0022615863607131637,0.5992307688632529,3.0,4.0,5.0,0.4169414509087801,0.75,0.5,0.5322955399751663,8.0
2025-09-03 04:00:00+00:00,111020.68,29889275.0349938,-0.0003001242368465551,-0.0014055072931491441,-0.3132873077059054,55.22928628609166,392.70973811672593,442.20146032374373,0.0016621562296934567,0.5737479445502711,7.0,9.0,13.0,0.1344264033767912,0.7777777777777778,0.22222222222222227,0.1777346602508,14.0
2025-09-03 05:00:00+00:00,110685.57,36250921.4031497,-0.00301844665336215,-0.0061633983406960136,0.21284043727082058,50.736979413253465,334.9518951599748,420.75154729098995,-0.0014671685746678875,0.43435182419180535,11.0,12.0,13.0,0.21791493271787962,0.9166666666666666,0.5833333333333333,0.1946819844571027,21.0
2025-09-03 06:00:00+00:00,110724.0,55996015.169569,0.0003471997298292173,-0.0029716171437662586,0.5446783971869946,51.22692494644197,288.94854930882866,394.3909476945577,-0.0013358004041827964,0.438768555687374,8.0,9.0,12.0,0.2469580223162969,0.8888888888888888,0.33333333333333337,0.22080872766673565,26.0
2025-09-03 07:00:00+00:00,111099.88,48459526.9010533,0.0033947472995918826,0.0007133806062078474,-0.13458972474547437,55.85183161174302,279.59791025957384,371.43234020756097,0.0014372578148471593,0.5729330873127281,6.0,6.0,8.0,0.23152718196312586,1.0,0.16666666666666669,0.23152718196312586,25.0
2025-09-03 08:00:00+00:00,111019.99,40578714.4427364,-0.0007190826848777476,0.003021351383021287,-0.16262668998829222,54.66534507367394,262.7126185798261,349.688395882014,-0.00028491252222029306,0.4667959386386649,10.0,10.0,16.0,0.2775992341339588,1.0,0.39999999999999997,0.2775992341339588,24.0
2025-09-03 09:00:00+00:00,111312.28,35004343.3244167,0.0026327691076173387,0.00531303059860555,-0.1373718018146215,58.16683095907474,269.80610665319546,333.7119380362503,0.0022738707092919697,0.7586108676834667,21.0,22.0,35.0,0.15601220142773606,0.9545454545454546,0.4545454545454546,0.13391209739659513,37.0
2025-09-03 10:00:00+00:00,111449.99,42003895.585157,0.0012371501149739395,0.0031513085342667058,0.1999623931198813,59.74438671468443,283.2743824183126,323.6244269126627,0.0034731835183303694,0.8851789431342472,22.0,24.0,37.0,0.2074954113146911,0.9166666666666666,0.5,0.2341389087960124,53.0
2025-09-03 11:00:00+00:00,111437.77,51049602.0593925,-0.00010964559081616532,0.003763106085669765,0.2153539891531393,59.529856140068276,289.62343742043595,316.8242290142174,0.003088325382224699,0.833947535779465,9.0,13.0,12.0,0.10801617715221185,0.6923076923076923,0.23076923076923078,0.24337756178445286,52.0
2025-09-03 12:00:00+00:00,111112.0,49065994.131179,-0.0029233355979755293,-0.0017992623994405044,-0.03885648170000844,53.96645303258692,265.3098658418021,306.52135637973436,9.171010739272845e-06,0.5010318591671469,18.0,20.0,22.0,0.37786653274670245,0.9,0.45000000000000007,0.3786455853324797,49.0
2025-09-03 13:00:00+00:00,111475.07,96183274.1982891,0.0032676038591692436,0.00022503366756687626,0.9602838157348046,58.60918521626363,272.200146048388,299.6571143134651,0.003023559647713059,0.8298833915517392,19.0,23.0,34.0,0.04541202658868354,0.8260869565217391,0.13043478260869565,0.08992655251763369,46.0
2025-09-03 14:00:00+00:00,112261.37,165655387.2342218,0.007053595032503468,0.007390671941837956,0.7222889178497987,66.49125020335532,337.2213040900242,307.16995226877697,0.009365155233022282,1.288056761054377,23.0,23.0,33.0,0.2291337466272323,1.0,0.4347826086956521,0.2291337466272323,60.0
2025-09-03 15:00:00+00:00,112222.74,86011624.5073258,-0.00034410768370263245,0.009996580027359814,-0.48077979265646753,65.82801448415957,381.23923356321757,321.98380852766513,0.008375580343739086,1.110074576855407,6.0,8.0,13.0,0.4685248304158449,0.75,0.625,0.47732330362002057,48.0
2025-09-03 16:00:00+00:00,111858.66,67661664.6203233,-0.0032442622591464243,0.0034410384312832942,-0.2133427893277332,59.77616326322296,382.3381898904918,334.05468480023046,0.004905418410535267,0.840492127129633,18.0,19.0,25.0,0.3661786308021922,0.9473684210526315,0.6842105263157895,0.33737953069309395,47.0
2025-09-03 17:00:00+00:00,112312.64,64564228.9397997,0.004058514557567561,0.0004567020694652424,-0.04577829555191326,64.1962481192954,415.05699396583077,350.25514663335053,0.008447934590539052,1.0187950268932497,12.0,13.0,18.0,-0.14172088010953024,0.9230769230769231,0.0,-0.15373530114690462,36.0
2025-09-03 18:00:00+00:00,112000.0,52260860.5268529,-0.002783658188428295,-0.0019848027235834786,-0.1905601385624629,59.35871337309844,411.02144736997434,362.4084067806753,0.0053067720991717415,0.8127848329193892,7.0,8.0,8.0,-0.3809386184439063,0.875,-0.25,-0.2987972657595362,37.0
2025-09-03 19:00:00+00:00,112193.74,35005834.6257655,0.0017298214285714764,0.0029955660116078864,-0.330171101798474,61.30466695322084,418.6307319758198,373.6528718197043,0.006614910105865457,0.8683354525447242,7.0,8.0,10.0,0.05850322172045708,0.875,0.25,0.05007236344473703,26.0
2025-09-03 20:00:00+00:00,112211.31,25699576.455693,0.0001566041028668863,-0.0009022136778193968,-0.2658487726278286,61.48477561918083,421.22329704335425,383.16695686443427,0.006379173057098342,0.8382758290541722,5.0,7.0,10.0,0.05505076689379556,0.7142857142857143,-0.14285714285714285,0.009179678559303284,19.0
2025-09-03 21:00:00+00:00,111989.67,20419507.9738212,-0.0019752019649356134,-9.223214285714043e-05,-0.2054535214218346,57.82818258589555,400.77355973680096,386.6882774389077,0.004025451039859851,0.7115901063998575,7.0,9.0,12.0,-0.05122257106833988,0.7777777777777778,0.11111111111111116,-0.02068384417465755,19.0
2025-09-03 22:00:00+00:00,111947.48,19908837.4156163,-0.00037673117529501976,-0.0021949531230530672,-0.025008955106048836,57.13166516295162,376.818881679108,384.7143982869478,0.0033883605719369214,0.6762719978694769,9.0,10.0,12.0,0.6343967385590077,0.9,0.7000000000000001,0.6218787439995341,21.0
2025-09-03 23:00:00+00:00,111705.71,40131255.2819277,-0.0021596734468698475,-0.0045057846664475765,1.015750816793005,53.17882929463984,334.4702435236104,374.66556733428035,0.0009290377811461692,0.5495145708197703,7.0,13.0,10.0,0.18562064749690202,0.5384615384615384,0.6153846153846154,0.40223671921661924,23.0
2025-09-04 00:00:00+00:00,112065.61,38432530.9684129,0.0032218585782231024,0.0006780982567409222,-0.042329209529605394,57.853563081700806,326.18945586874906,364.9703450411741,0.0036840148188146404,0.6997004862099594,6.0,6.0,7.0,0.29809676731626195,1.0,0.6666666666666666,0.29809676731626195,22.0
2025-09-04 01:00:00+00:00,111947.48,28160259.8462556,-0.0010541146387371692,0.0,-0.26728063084369647,55.881390746880825,306.5609247332468,353.28846097958865,0.002059755801894436,0.6230519917742494,8.0,8.0,10.0,0.20445081824436784,1.0,0.375,0.20445081824436784,21.0
2025-09-04 02:00:00+00:00,111450.15,40146918.3501202,-0.004442529657657346,-0.0022877971054480195,0.42565866115253326,48.40079206031713,248.01582569850143,332.23393392337124,-0.002716035911731085,0.31675319007751224,9.0,11.0,12.0,0.3607745637947863,0.8181818181818182,0.6363636363636364,0.43785738448301953,23.0
2025-09-04 03:00:00+00:00,111148.97,59008910.8414492,-0.002702374110757133,-0.008179494137407484,0.46982416749485156,44.51448872796705,175.29501220177917,300.8461495790528,-0.005432914434766234,0.13008793904245053,10.0,13.0,16.0,-0.046532618741576486,0.7692307692307693,-0.07692307692307693,-0.07089137341827154,27.0
2025-09-04 04:00:00+00:00,110917.45,36983036.3443555,-0.0020829702695400742,-0.009201011045536722,-0.37326353228709697,41.73999536102756,97.85352000690182,260.2476236646226,-0.007459033623272826,0.003876277246341563,11.0,11.0,15.0,0.2669620141386986,1.0,0.2727272727272727,0.2669620141386986,30.0
2025-09-04 05:00:00+00:00,110653.07,128820080.4468685,-0.0023835744510893875,-0.0071518970589091735,2.4832207730972184,38.76843002763073,14.974703956700978,211.19303972303828,-0.009532694646891438,-0.06005872987122889,10.0,13.0,17.0,0.0037679375650791023,0.7692307692307693,0.15384615384615385,-0.07379232849925757,31.0
2025-09-04 06:00:00+00:00,110393.95,48592592.9598462,-0.002341733491895037,-0.00679286546694946,-0.6227871245594503,36.05885118183033,-70.80003458926512,154.7944248605776,-0.011384849727903879,-0.07335584470402423,11.0,13.0,15.0,0.28868640730014217,0.8461538461538461,0.6153846153846154,0.24693213538690048,32.0
2025-09-04 07:00:00+00:00,110463.36,39496963.1302106,0.0006287482239741848,-0.004093945542383071,-0.18718140514031933,37.322541761169106,-131.65864701598184,97.50381048526572,-0.010331458860236897,0.028932621697970947,11.0,11.0,13.0,0.14043270965868776,1.0,0.45454545454545453,0.14043270965868776,32.0
2025-09-04 08:00:00+00:00,110640.97,37176594.1255167,0.0016078634580733997,-0.00010935078439311408,-0.058748035818457334,40.55975252063816,-163.67119353817543,45.26880968057749,-0.008531003341877286,0.12777944213684309,14.0,14.0,17.0,0.29291175132883446,1.0,0.4285714285714286,0.29291175132883446,36.0
2025-09-04 09:00:00+00:00,110815.04,23847699.5833065,0.0015732870020932488,0.0038144300480233984,-0.3585291997757728,43.63251811455944,-173.00112379301572,1.6148229858588437,-0.00667738177068411,0.21838377287393423,14.0,16.0,22.0,-0.10034776933025569,0.875,-0.125,-0.08691597503743001,39.0
2025-09-04 10:00:00+00:00,110628.86,35342044.4008294,-0.0016800968532790783,0.0014982343466647396,0.48198966853679237,41.18044381610888,-193.1913412428985,-37.346409859892624,-0.007620161702618922,0.18320570799882144,18.0,19.0,24.0,0.014916000299547849,0.9473684210526315,0.05263157894736842,-0.004654928317500485,46.0
2025-09-04 11:00:00+00:00,110810.0,42266431.9470263,0.0016373665967452933,0.0015277342561259566,0.19592492917683058,44.45131293788994,-192.35836242165533,-68.34880037224517,-0.005365032828160032,0.27448489439989265,15.0,17.0,18.0,0.07907172993702047,0.8823529411764706,0.1764705882352941,0.06333276679118474,47.0
2025-09-04 12:00:00+00:00,110933.94,47906863.4935121,0.0011184911109105578,0.0010729590496019181,0.1334494369800392,46.637848605365015,-179.6266740298306,-90.60437510376227,-0.003839119580587469,0.33849315197470786,15.0,18.0,20.0,0.1844341108161542,0.8333333333333334,0.2222222222222222,0.17745121059318383,48.0
2025-09-04 13:00:00+00:00,110464.0,66633906.315164,-0.004236214813969519,-0.0014902078896953386,0.3909052159966191,40.179738083407656,-205.09276803591638,-113.5020536901931,-0.007235058507470971,0.19108191310544065,20.0,23.0,29.0,-0.004175912507850191,0.8695652173913043,0.0,0.02794457646086812,50.0
2025-09-04 14:00:00+00:00,109842.01,121783409.4613322,-0.005630703215527277,-0.00873558343109837,0.8276492584019155,33.55651365181468,-272.32503236505727,-145.26664942516595,-0.011866813508751628,0.02787590794683726,12.0,15.0,16.0,0.1379433710128069,0.8,0.26666666666666666,0.1890772970703741,47.0
2025-09-04 15:00:00+00:00,109510.31,100350773.7489536,-0.0030197917900446347,-0.012833132943804282,-0.17598978224684825,30.654476142353815,-348.35686302332033,-185.88469214479684,-0.013660257872305848,-0.009941350070233713,16.0,16.0,21.0,-0.10888977954164147,1.0,-0.125,-0.10888977954164147,48.0
2025-09-04 16:00:00+00:00,109438.34,70165471.9063615,-0.0006571983952926574,-0.009285015932792628,-0.3007978983610662,30.047289506868054,-409.69727891772345,-230.64720949938217,-0.013076025677132175,0.02794771109567296,15.0,16.0,18.0,-0.01492205704562366,0.9375,0.0625,-0.022918231536944708,43.0
2025-09-04 17:00:00+00:00,109786.48,54365165.0865247,0.003181152053293168,-0.0005055442812818001,-0.22518635434994172,36.59021112951619,-425.31524260800506,-269.58081612110675,-0.008951936094189983,0.17379189143741056,10.0,10.0,18.0,0.022051201574504374,1.0,0.10000000000000003,0.022051201574504374,41.0
2025-09-04 18:00:00+00:00,109977.0,68262499.3004172,0.0017353685080347958,0.004261607879660012,0.25562939414925423,39.90298219093733,-417.50646495669207,-299.1659458882238,-0.0063483675203663825,0.2590837926463471,6.0,7.0,9.0,0.2408822365105152,0.8571428571428571,0.42857142857142855,0.4220488288750251,31.0
2025-09-04 19:00:00+00:00,109799.99,40427219.7859511,-0.0016095183538376023,0.0033046005632031417,-0.40776824463993777,37.920752503711725,-420.75102417623566,-323.4829615458262,-0.0070928572360632325,0.22504055220768876,8.0,10.0,10.0,-0.26101386547088623,0.8,-0.3,-0.24586445931345224,24.0
2025-09-04 20:00:00+00:00,110408.02,43725432.3868288,0.005537614347687958,0.005661352836888511,0.08158395799514917,47.55775152233492,-369.99435662261385,-332.78524056118374,-0.0008456855861088686,0.46276052099850734,10.0,11.0,13.0,0.15829204700209878,0.9090909090909091,0.18181818181818177,0.24479078352451325,24.0
2025-09-04 21:00:00+00:00,110500.0,19516349.8074257,0.0008330916540302269,0.004755539794684349,-0.5536613649747575,48.85130099536972,-318.67384094244335,-329.9629606374357,0.0006420816876109292,0.5332748355185976,8.0,12.0,11.0,0.0738834310323,0.6666666666666666,0.0,0.1425702627748251,26.0
2025-09-04 22:00:00+00:00,111490.73,74361193.9833193,0.008965882352941046,0.015398362058138604,2.810199894809525,60.23023047013758,-195.80125639594917,-303.1306197891384,0.00959517078901051,0.9936053092542858,3.0,5.0,3.0,0.2678103856742382,0.6,0.6,0.3646314777433872,21.0
2025-09-04 23:00:00+00:00,110730.87,83258977.3120968,-0.006815454522541953,0.0029241535171085076,0.1196562730121502,50.88082652062292,-157.91782113705995,-274.0880600587227,0.002904174101383994,0.6553407845477932,5.0,5.0,6.0,-0.030150990188121795,1.0,0.0,-0.030150990188121795,16.0
2025-09-05 00:00:00+00:00,110451.62,50599838.2886661,-0.0025218803031169523,-0.00043782805429870564,-0.39225967070202794,47.93589933728739,-148.71378700391506,-249.01320544776118,0.000586047652308963,0.5321549172010204,11.0,11.0,22.0,-0.03408486142077229,1.0,0.09090909090909094,-0.03408486142077229,19.0
2025-09-05 01:00:00+00:00,111121.51,37311459.8484081,0.0060650083719913095,-0.0033116654631286657,-0.2626170140001114,54.7081830405943,-86.3693866203248,-216.4844416822739,0.006441062817027499,0.8384969146306541,5.0,6.0,7.0,0.19543076927463213,0.8333333333333334,0.6666666666666666,0.18499912172555924,21.0
2025-09-05 02:00:00+00:00,111340.65,67549673.2287431,0.0019720754334602297,0.005506865429667496,0.8104269707802687,56.69272583112984,-19.058538609024254,-176.999261067624,0.007993694598977141,0.8921296541033252,6.0,8.0,10.0,-0.003036688081920147,0.75,-0.125,-0.12441952154040337,22.0
2025-09-05 03:00:00+00:00,111311.77,29442595.0151889,-0.00025938415125104086,0.007787572513649144,-0.564134160716254,56.342348592708234,31.591254432409187,-135.28115796761736,0.00734537307749461,0.8422283936019915,13.0,15.0,17.0,-0.08986283913254738,0.8666666666666667,-0.06666666666666665,-0.05888734614619842,24.0
2025-09-05 04:00:00+00:00,111445.0,87492679.9320227,0.0011969084670919727,0.002911137546637077,1.971636157984268,57.64289059770726,81.54216061094485,-91.91649425190492,0.008184281594224352,0.8605096199094091,9.0,10.0,13.0,-0.3609302371740341,0.9,-0.49999999999999994,-0.34104500545395744,28.0
2025-09-05 05:00:00+00:00,111574.5,40826136.1631115,0.0011620081654628578,0.002100311072371186,-0.5333765499601646,58.92376649286655,130.0787149034004,-47.51745242084386,0.00900918335861256,0.8746750781894813,12.0,13.0,18.0,-0.10392994777514385,0.9230769230769231,0.0,-0.12584169891973337,34.0
2025-09-05 06:00:00+00:00,111911.99,48674663.7949587,0.003024795092068544,0.0053922419884258055,0.19224272413363352,62.137199806129026,193.54583048974746,0.695204161274404,0.011474381260575539,0.9373918312900081,6.0,10.0,12.0,0.31594201549887657,0.6,0.3,0.64049735541145,27.0
2025-09-05 07:00:00+00:00,112954.32,213195852.6199194,0.009313836703288114,0.013543182735878734,3.380016953337444,69.95493331241943,324.21396001764515,65.39895533254855,0.019906766750351856,1.1237168878377555,7.0,7.0,10.0,0.36562268489173483,1.0,0.42857142857142855,0.36562268489173483,25.0
2025-09-05 08:00:00+00:00,112618.51,69091179.2379169,-0.0029729717287485524,0.009357066354767296,-0.6759262509618746,65.27853392549474,396.10626708346535,131.5404176827319,0.01610183622461059,0.9585372103526297,15.0,15.0,21.0,0.11246914292375247,1.0,0.19999999999999998,0.11246914292375247,28.0
2025-09-05 09:00:00+00:00,112303.87,75532138.6732052,-0.0027938568890673032,0.0035016802042389106,0.09322404837104781,61.15357088627697,422.818629974543,189.79606014109413,0.012422669699124311,0.8378948389671836,15.0,16.0,24.0,0.13963418337516487,0.9375,0.25,0.13408377642432848,37.0
2025-09-05 10:00:00+00:00,112256.36,45090511.5746794,-0.0004230486447172055,-0.0061791350698229275,-0.4030287985122931,60.531575125400124,435.1387019834947,238.86458850957428,0.010894237978955612,0.7944989802169328,19.0,21.0,33.0,0.006817552216705822,0.9047619047619048,0.19047619047619047,0.003483125939965248,49.0
2025-09-05 11:00:00+00:00,112354.0,30375478.8056734,0.0008697948160798497,-0.0023487258000483013,-0.326344329552234,61.400485278128066,447.6212803154922,280.6159268707579,0.010479686319778692,0.7910278898983193,14.0,15.0,23.0,0.18202252474923927,0.9333333333333333,0.4,0.23417592141777277,48.0
2025-09-05 12:00:00+00:00,113214.78,327194607.0918245,0.00766132046923107,0.008111118521561211,9.77166912116995,68.07354302265117,520.966191768588,328.685979850324,0.016495071942137285,0.9551517274862525,20.0,20.0,30.0,0.14925622753798962,1.0,0.2,0.14925622753798962,53.0
2025-09-05 13:00:00+00:00,113084.16,236737746.6888268,-0.001153736287788587,0.007374192428829973,-0.27646195396372075,66.2031876380901,562.0733880150947,375.3634614832782,0.013821437944058657,0.8834802980659094,16.0,21.0,21.0,0.07953533193185217,0.7619047619047619,0.23809523809523808,0.10422679968178272,50.0
2025-09-05 14:00:00+00:00,110569.99,400389327.2382723,-0.022232733567636664,-0.01587847339658577,0.6912779345008833,42.180304316274366,387.31391626504774,377.7535524396321,-0.008982009952090753,0.2407650523698883,18.0,19.0,24.0,-0.037751854250305576,0.9473684210526315,0.21052631578947367,0.009021900594234467,54.0
2025-09-05 15:00:00+00:00,110716.82,134572538.2907197,0.0013279371735495094,-0.022063903670527796,-0.6638957905822616,43.47041470579257,257.69320288518793,353.7414825287433,-0.0080735518818571,0.24990517766415218,12.0,12.0,15.0,-0.19093257064620653,1.0,-0.33333333333333337,-0.19093257064620653,46.0
2025-09-05 16:00:00+00:00,110815.4,49911603.4285988,0.0008903796189232427,-0.020062579940462122,-0.6291100393694455,44.36791603075821,161.0657698624127,315.20633999547715,-0.007371504104873305,0.26555070096174244,9.0,11.0,10.0,-0.1706310734152794,0.8181818181818182,0.0,-0.21792780400978196,39.0
2025-09-05 17:00:00+00:00,110608.18,62075784.7570249,-0.0018699567027687936,0.0003453920905662766,0.2437144970873879,42.82862421040649,66.99463835039933,265.5639996664616,-0.009275678092920292,0.2026958675189164,15.0,17.0,22.0,-0.0186871928984628,0.8823529411764706,-0.05882352941176472,0.03905671797692776,36.0
2025-09-05 18:00:00+00:00,111198.78,57537128.9415174,0.005339568917958948,0.004353087453198068,-0.0731147553473962,48.33075034964637,39.64210353784438,220.37962044073817,-0.003855390680466919,0.37713115390789786,5.0,7.0,8.0,-0.002196748341832842,0.7142857142857143,0.0,0.16942877024412156,29.0
2025-09-05 19:00:00+00:00,111614.54,70872440.8510578,0.003738889941058643,0.00721145255984279,0.2317688100686226,51.84420536588525,50.92633291789389,186.48896293616932,-0.0005265133228421481,0.4827307907912186,7.0,10.0,11.0,0.007184858620166779,0.7,0.10000000000000003,-0.030339900936399187,27.0
2025-09-05 20:00:00+00:00,111630.3,65659121.2301346,0.00014120024147401544,0.009240907860521785,-0.07355919393095645,51.97750995809755,60.44410427927505,161.27999120479046,-0.0009126414296516394,0.4682948427216624,7.0,9.0,9.0,0.04658291737238566,0.7777777777777778,0.2222222222222222,0.06388541949646813,19.0
2025-09-05 21:00:00+00:00,110605.01,162527607.2347845,-0.00918469268648392,-0.005339716856605836,1.4753241315113979,43.53436960296145,-14.577289717126405,126.10853502040709,-0.0098600979129706,0.1686821029730997,5.0,9.0,7.0,0.21975882351398468,0.5555555555555556,0.22222222222222227,0.3067461460828781,19.0
2025-09-05 22:00:00+00:00,110800.0,30782245.7351144,0.0017629400331866663,-0.007297794713842731,-0.810602972265217,45.35243562362473,-57.633854361396516,89.36005714404638,-0.007874450344089512,0.2416869085308654,3.0,4.0,3.0,0.11138574406504631,0.75,0.25,0.07050761083761851,15.0
2025-09-05 23:00:00+00:00,110659.99,19689841.9529559,-0.0012636281588447318,-0.0086921740781849,-0.36035069947820597,44.25070093658454,-101.87972290764446,51.11210113370821,-0.008838898911813997,0.21858118884740432,3.0,4.0,5.0,0.5584875494241714,0.75,1.0,0.4607539176940918,11.0
2025-09-06 00:00:00+00:00,110779.7,26017109.6122326,0.0010817821328195087,0.0015794040432708378,0.32134679772413444,45.47043320538719,-125.83475127968995,15.722730651028577,-0.007470956037958221,0.2673627498437051,5.0,5.0,7.0,-0.07724706530570984,1.0,-0.2,-0.07724706530570984,11.0
2025-09-06 01:00:00+00:00,110867.7,20650139.4170632,0.0007943693655065864,0.0006110108303247763,-0.206286181484433,46.39883559802757,-136.14897862212092,-14.651611203601323,-0.006367909436088892,0.3049641480431121,2.0,2.0,5.0,0.08561115339398384,1.0,0.0,0.08561115339398384,10.0
2025-09-06 02:00:00+00:00,111216.15,20423318.1158,0.003142935228204413,0.005025845384587502,-0.010984008227846398,50.026962207172794,-114.8817894616659,-34.697646855214245,-0.0029340859059845403,0.4101508246836108,9.0,9.0,13.0,-0.04616645185483827,1.0,0.1111111111111111,-0.04616645185483827,16.0
2025-09-06 03:00:00+00:00,111082.22,21647696.2829022,-0.001204231579676085,0.0027308252324207416,0.05995001204799277,48.66352892056353,-107.59414223380736,-49.27694593093287,-0.0032983722190389475,0.3925554674248739,3.0,3.0,6.0,-0.015541259199380875,1.0,0.0,-0.015541259199380875,14.0
2025-09-06 04:00:00+00:00,110876.12,39211119.8041318,-0.001855382436541153,7.594637572538865e-05,0.8113299120471102,46.560560427910836,-117.09932868226315,-62.84142248119893,-0.0043693578254410115,0.3516258128400178,3.0,3.0,4.0,-0.5616706609725952,1.0,-1.0,-0.5616706609725952,15.0
2025-09-06 05:00:00+00:00,110714.0,16800932.5996905,-0.00146217237760482,-0.004515081667545551,-0.5715263250931146,44.916278734713444,-136.1445963705628,-77.5020572590717,-0.00511496747802298,0.32248212579895297,4.0,5.0,6.0,-0.06015596725046635,0.8,0.0,0.04921701131388545,10.0
2025-09-06 06:00:00+00:00,110752.83,10659314.4750171,0.0003507234857380581,-0.002965281032374034,-0.3655522149280296,45.4135102745219,-146.41704716486856,-91.28505524023109,-0.004093260942339971,0.35353010097495924,4.0,4.0,6.0,0.14638103125616908,1.0,0.25,0.14638103125616908,11.0
2025-09-06 07:00:00+00:00,110825.6,9577926.1421628,0.0006570486731580782,-0.0004556436498678318,-0.10145008249722043,46.3901837270491,-146.9916790160787,-102.42637999540062,-0.0027536133991251655,0.39584131553333224,6.0,8.0,8.0,-0.04472246626392007,0.75,-0.25,-0.11019568269451459,14.0
2025-09-06 08:00:00+00:00,110952.76,10100724.2997676,0.0011473883290502584,0.0021565475007676582,0.054583648886516345,48.1364454013333,-135.62295264290879,-109.06569452490227,-0.0005922660871536811,0.4705380652108571,7.0,7.0,8.0,0.07545364275574684,1.0,0.2857142857142857,0.07545364275574684,17.0
2025-09-06 09:00:00+00:00,110695.06,21459771.3030443,-0.0023226100909972125,-0.0005216119533920649,1.1245774724826467,44.94151573443021,-145.72753508394817,-116.39806263671146,-0.0018394881309067301,0.32897155778102716,4.0,4.0,4.0,0.09184449166059494,1.0,0.25,0.09184449166059494,17.0
2025-09-06 10:00:00+00:00,110773.62,17440081.5204785,0.0007096974336524564,-0.00046902520717240215,-0.1873127968514542,46.11566034680875,-145.71662349122926,-122.26177480761503,-0.0012227926295663716,0.38314782645485795,3.0,3.0,5.0,-0.6068134556214014,1.0,-0.6666666666666666,-0.6068134556214014,14.0
2025-09-06 11:00:00+00:00,110781.02,19882132.3167278,6.680290849048198e-05,-0.001547865956646688,0.14002519388351442,46.23197551335433,-143.45717283037084,-126.50085441216619,-0.0011849796951105551,0.3860523165712026,10.0,11.0,14.0,0.11918565563180229,0.9090909090909091,0.18181818181818182,0.1674223594367504,17.0
2025-09-06 12:00:00+00:00,110832.58,17595820.8270103,0.000465422687027095,0.0012423318619638746,-0.11499327402594106,47.0889852283279,-135.939059944154,-128.38849551856376,-0.0007278477349172974,0.4299452364103936,6.0,6.0,8.0,0.22337849407146373,1.0,0.5,0.22337849407146373,19.0
2025-09-06 13:00:00+00:00,110936.82,17148771.7372784,0.0009405176708869867,0.0014732749548134194,-0.025406549323670036,48.86357591243469,-120.18419588865072,-126.74763559258116,6.382418276640323e-05,0.5063336515749391,10.0,12.0,27.0,-0.04547245769451062,0.8333333333333334,0.0,-0.10854031555354596,26.0
2025-09-06 14:00:00+00:00,110807.77,16048347.2455288,-0.0011632747360164064,0.00024146735605068415,-0.06416928912509068,46.77212582156237,-116.76560785782931,-124.7512300456308,-0.0009234453611677296,0.40640443803181087,2.0,2.0,3.0,0.40076544880867004,1.0,1.0,0.40076544880867004,18.0
2025-09-06 15:00:00+00:00,110384.15,47316028.9080815,-0.0038230171043059924,-0.004046012463122417,1.9483427909540114,40.62516398806939,-146.54961315722903,-129.11090666795045,-0.004190578019564906,0.02624036987512003,7.0,7.0,10.0,0.2310253642499447,1.0,0.5714285714285714,0.2310253642499447,19.0
2025-09-06 16:00:00+00:00,110267.99,96627929.9513667,-0.0010523249941226664,-0.006028927095620751,1.0421817337858377,39.107423759701284,-177.4809037689265,-138.78490608814568,-0.004626845409046898,-0.1270708893932802,9.0,10.0,12.0,0.12161150425672532,0.9,0.3,0.04048653940359751,18.0
2025-09-06 17:00:00+00:00,110157.41,22274824.2000493,-0.0010028295609633142,-0.005869263500204003,-0.7694784084553987,37.664833370722384,-208.51344309412525,-152.73061348934158,-0.0054241098023875,-0.1176355589120594,8.0,8.0,14.0,0.031325975665822625,1.0,0.125,0.031325975665822625,24.0
2025-09-06 18:00:00+00:00,110228.0,17735320.9545976,0.0006408102732262666,-0.0014146052671510922,-0.20379524456321652,39.20650617022911,-224.81935347034596,-167.14836148554247,-0.004529724802654123,0.033594836700181444,3.0,3.0,4.0,-0.19260402768850327,1.0,-0.6666666666666666,-0.19260402768850327,20.0
2025-09-06 19:00:00+00:00,110038.41,16688816.928082,-0.0017199804042529188,-0.0020820185440942884,-0.05900677124449272,36.58911901903107,-250.15658406743023,-183.75000600192004,-0.005962913018993987,-0.03551723321217075,5.0,5.0,6.0,-0.1171286940574646,1.0,0.19999999999999996,-0.1171286940574646,16.0
2025-09-06 20:00:00+00:00,110167.0,15421396.8844899,0.001168591948938591,8.705723927238118e-05,-0.07594427148753924,39.53742734572977,-256.8990116398636,-198.37980712950878,-0.004525799068827219,0.11865502200315996,3.0,4.0,4.0,-0.11340513918548822,0.75,0.0,-0.1542267973224322,11.0
2025-09-06 21:00:00+00:00,110201.0,18557570.0475704,0.0003086223642287944,-0.0002449468374641217,0.20336505094650104,40.327451019894646,-256.5416655882,-210.01217882124703,-0.003918537165868874,0.18123746647434985,4.0,4.0,4.0,-0.17899723537266254,1.0,0.0,-0.17899723537266254,12.0
2025-09-06 22:00:00+00:00,110170.55,17536080.3180197,-0.00027631328209365424,0.0012008534110952152,-0.05504436879032215,39.82556112652581,-255.76720169486362,-219.16318339597038,-0.0037229801053370037,0.18494095133047578,4.0,4.0,8.0,0.40844191098585725,1.0,0.75,0.40844191098585725,11.0
2025-09-06 23:00:00+00:00,110187.97,15964762.6523769,0.0001581184808463476,0.00019034738170242704,-0.08960483968747268,40.28343727066592,-250.85607241438993,-225.5017611996543,-0.0031623919089999175,0.22363975337822795,2.0,2.0,2.0,0.5929540991783142,1.0,1.0,0.5929540991783142,10.0
2025-09-07 00:00:00+00:00,110356.75,30222357.7832813,0.0015317461606743077,0.001413326557835326,0.8930665266596789,44.67589770887574,-230.68563126969093,-226.53853521366165,-0.0014008895874423333,0.37457601409018876,8.0,8.0,15.0,0.2285225277300924,1.0,0.375,0.2285225277300924,14.0
2025-09-07 01:00:00+00:00,110546.66,27811696.6040669,0.0017208734400024905,0.003413888738869053,-0.07976416653196905,49.203405330661276,-197.10416733841703,-220.65166163861272,0.0003933144106531561,0.5355981041094952,4.0,4.0,4.0,0.6377454847097397,1.0,1.0,0.6377454847097397,14.0
2025-09-07 02:00:00+00:00,110666.24,25556274.5467866,0.0010817151780071477,0.004340491979296868,-0.08109616933439767,51.87406992466651,-159.00855693829362,-208.32304069854894,0.0015146942500805505,0.6384344856892707,0.0,0.0,0.0,0.0,0.0,0.0,0.0,12.0
2025-09-07 03:00:00+00:00,110629.15,21197602.4730489,-0.00033515189456156946,0.002468358301598972,-0.17055193493707987,50.97879325230638,-130.30825184486457,-192.7200829278121,0.0012680397352153872,0.6189037452898091,6.0,7.0,7.0,0.10784198583236762,0.8571428571428571,0.5714285714285714,0.09164947550743818,10.0
2025-09-07 04:00:00+00:00,110557.76,15525928.9168789,-0.0006453091251266141,0.00010041008927808015,-0.2675620303466437,49.21804785575247,-112.03219227770751,-176.58250479779116,0.000800806229455775,0.5802927599362062,7.0,7.0,13.0,0.11821031144687108,1.0,0.42857142857142855,0.11821031144687108,13.0
2025-09-07 05:00:00+00:00,110649.44,18099955.1661122,0.0008292497966675416,-0.0001518078141988788,0.16578887247351526,51.53316808274888,-89.12311777606374,-159.0906273934457,0.001651402464579066,0.6665997192627333,3.0,3.0,3.0,-0.1360355926056703,1.0,0.0,-0.1360355926056703,16.0
2025-09-07 06:00:00+00:00,110504.15,21639586.1318215,-0.0013130658410924756,-0.0011299011155739835,0.19556020626705228,47.81305251967188,-81.74885008644196,-143.62227193204495,0.00045819264409097116,0.547778317639795,3.0,3.0,6.0,-0.2277463711798191,1.0,-0.3333333333333333,-0.2277463711798191,13.0
2025-09-07 07:00:00+00:00,110753.42,41306280.5549974,0.002255752385770249,0.0017697536563694438,0.9088295082619711,53.95456255092722,-55.154892778766225,-125.92879610138922,0.002727506617095532,0.7861848570594527,4.0,5.0,6.0,0.023498350009322166,0.8,0.39999999999999997,-0.013056062627583742,10.0
2025-09-07 08:00:00+00:00,111071.25,58232627.9335712,0.0028697082221027514,0.003812129550768706,0.40977660421487605,60.36009751029953,-8.336665340786567,-102.4103699492687,0.005496405893228973,1.0331911733049373,2.0,2.0,3.0,0.4510876163840294,1.0,0.5,0.4510876163840294,9.0
2025-09-07 09:00:00+00:00,111115.98,33956992.2681469,0.00040271447381745595,0.00553671513694276,-0.4168734355096716,61.17861602957318,32.007491943542846,-75.52679757070639,0.005819767675922627,1.0327134662145971,12.0,12.0,17.0,0.06601106266801555,1.0,0.0,0.06601106266801555,18.0
2025-09-07 10:00:00+00:00,111225.02,16983889.5380508,0.0009813169986891968,0.004258107785745979,-0.49984116956134517,63.174852804335906,71.9497520159639,-46.03148765337234,0.00661669920918273,1.043072239463535,3.0,5.0,4.0,0.19223230332136154,0.6,0.39999999999999997,0.2283232013384501,17.0
2025-09-07 11:00:00+00:00,111292.13,25777053.1226584,0.0006033714356716846,0.0019886334222403157,0.5177355613923036,64.38856736747204,107.77710959958495,-15.269768202780877,0.006810391459458609,0.9986234885707452,6.0,6.0,11.0,-0.095051904519399,1.0,0.0,-0.095051904519399,21.0
2025-09-07 12:00:00+00:00,111115.92,19108658.8353491,-0.0015833105180034224,-5.399763381985778e-07,-0.25869498175676586,58.89934837475381,120.562109306411,11.896607299057498,0.00483090284627119,0.8407527674417125,4.0,4.0,5.0,-0.1758196009323001,1.0,-0.25,-0.1758196009323001,13.0
2025-09-07 13:00:00+00:00,111214.62,17757726.2579251,0.0008882615560399376,-9.350414142439423e-05,-0.07069740420112114,60.90956818202175,137.07842407039425,36.93297065332485,0.005242927185933555,0.8604586513547414,7.0,8.0,9.0,0.221447991207242,0.875,0.375,0.2421357205935887,17.0
2025-09-07 14:00:00+00:00,111145.59,37552879.8031175,-0.0006206917759553621,-0.0013167148476717072,1.1147346939396598,58.74548121149693,142.9497427706956,58.136325076799004,0.0042025443327950995,0.7866806085987671,4.0,4.0,5.0,0.28311961935833097,1.0,0.25,0.28311961935833097,15.0
2025-09-07 15:00:00+00:00,111329.99,18718586.509564,0.0016590851692812603,0.0019265466190623304,-0.5015405846981127,62.57111828936205,160.63069340174843,78.6351987417889,0.005282047443944338,0.8646380016948733,9.0,9.0,11.0,0.011679917366968261,1.0,0.1111111111111111,0.011679917366968261,20.0
2025-09-07 16:00:00+00:00,111202.02,24911775.4799726,-0.0011494656561094052,-0.00011329445714958197,0.33085772620941634,58.515691894862165,162.44430778904643,95.39702055124042,0.003657502484921027,0.7599368156655636,4.0,5.0,6.0,0.12071583047509193,0.8,0.2,0.07046151626855135,17.0
2025-09-07 17:00:00+00:00,110962.83,36285067.6622742,-0.002150950135618057,-0.0016443297480358554,0.45654281813213027,51.76266104839665,142.93332979857223,104.90428240070679,0.001154492243199412,0.5873614379899591,4.0,4.0,6.0,-0.06428723223507404,1.0,-0.25,-0.06428723223507404,17.0
2025-09-07 18:00:00+00:00,111053.76,24390405.8231698,0.0008194635987563981,-0.0024811822941869233,-0.32781148294430074,53.938914214036586,133.27175638952758,110.57777719847095,0.0015758389666684636,0.6302557452749108,3.0,4.0,4.0,-0.2230396051891148,0.75,-0.25,0.025681326165795326,11.0
2025-09-07 19:00:00+00:00,111259.99,18894702.6737899,0.0018570285238430628,0.0005213034799187444,-0.22532233326594464,58.51075350586092,140.63477715008776,116.58917718879431,0.002950948604316661,0.7684075873147627,5.0,5.0,6.0,-0.03450002670288086,1.0,0.0,-0.03450002670288086,12.0
2025-09-07 20:00:00+00:00,111330.3,19913483.1890339,0.0006319432529160451,0.0033116494956013653,0.05391884343632558,59.96955805480759,150.4096250149014,123.35326675401573,0.003144574495069774,0.804823569156209,3.0,3.0,4.0,0.5856006592512131,1.0,0.6666666666666666,0.5856006592512131,11.0
2025-09-07 21:00:00+00:00,111050.14,9228851.1153127,-0.0025164757482913913,-3.2596825177200195e-05,-0.5365526448735544,52.10751153945746,134.00496593446587,125.48360659010578,0.00039326531238259577,0.5406505189155688,7.0,7.0,9.0,0.04765768774918148,1.0,0.14285714285714285,0.04765768774918148,15.0
2025-09-07 22:00:00+00:00,111250.01,30121316.5318212,0.0017998176319273806,-8.969981032724839e-05,2.2638208326758344,56.48999293914955,135.56923627390643,127.50073252686592,0.0019303390815204047,0.7048763971342636,1.0,4.0,1.0,0.5967980148270726,0.25,0.75,0.794223427772522,11.0
2025-09-07 23:00:00+00:00,111137.34,37254251.2381179,-0.001012763953908813,-0.0017332208751795752,0.23680687060146344,53.51702642143626,126.26193541422253,127.25297310433724,0.0006866221536843131,0.5778209244880665,1.0,1.0,2.0,0.06824973225593567,1.0,0.0,0.06824973225593567,9.0
2025-09-08 00:00:00+00:00,110837.96,61455927.231131,-0.0026937841053240597,-0.0019106684602108182,0.6496352815769484,46.512379784952586,93.64884288411122,120.53214706029203,-0.0021348890520396235,0.2339160020026012,7.0,7.0,10.0,-0.12346554441111428,1.0,-0.14285714285714285,-0.12346554441111428,9.0
2025-09-08 01:00:00+00:00,110890.57,39057520.380143,0.0004746568774813831,-0.0032309210578945757,-0.36446292262012936,47.80523939454229,71.22686049857293,110.67108974794822,-0.0017695971215823114,0.2605889964292655,3.0,3.0,3.0,-0.035766919453938804,1.0,0.3333333333333333,-0.035766919453938804,11.0
2025-09-08 02:00:00+00:00,111240.0,40427321.2294462,0.003151124572630337,0.0009237219461974977,0.0350713725800067,55.49908705159505,80.72283600280934,104.68143899892044,0.0010444013946158126,0.68365996803704,5.0,5.0,5.0,0.11785283088684081,1.0,0.19999999999999996,0.11785283088684081,15.0
2025-09-08 03:00:00+00:00,111052.11,47994460.7298932,-0.001689050701186634,0.0019320997968566012,0.18717885010237323,51.134354733665035,72.25440842348326,98.19603288383301,-0.0007807034111957378,0.3388925657058908,10.0,10.0,15.0,-0.07481646575033665,1.0,-0.2,-0.07481646575033665,18.0
2025-09-08 04:00:00+00:00,110979.35,35362734.3619868,-0.0006551879113327885,0.0008006091049941322,-0.263191338662938,49.51051586030856,58.99197190493578,90.35522068805358,-0.0013940927849521723,0.2201105992094545,9.0,9.0,17.0,-0.2722478438582685,1.0,-0.2222222222222222,-0.2722478438582685,24.0
2025-09-08 05:00:00+00:00,111027.16,21001095.0075963,0.0004308008652060824,-0.0019133405249909252,-0.40612355389091626,50.62017710532485,51.74280401256692,82.63273735295625,-0.0009239687516693351,0.3170525069619325,11.0,12.0,15.0,0.006498200663675864,0.9166666666666666,-0.08333333333333331,0.014212943444197828,30.0
2025-09-08 06:00:00+00:00,111113.26,17391747.3254661,0.00077548592614618,0.000550642396619061,-0.1718647375684298,52.63891626570359,52.34197100273741,76.57458408291248,-9.892080038986784e-05,0.48017621460113197,19.0,20.0,27.0,0.13258113963529466,0.95,0.30000000000000004,0.13083574675807827,39.0
2025-09-08 07:00:00+00:00,111280.39,74157629.430903,0.0015041409099147973,0.0027125767090903086,3.2639550841632055,56.36775960988406,65.54722182406113,74.3691116311422,0.0014103611439995056,0.7840473551306122,11.0,11.0,15.0,0.0735405001112006,1.0,0.2727272727272727,0.0735405001112006,41.0
2025-09-08 08:00:00+00:00,111684.25,96806221.5633667,0.0036292108609612406,0.005918281616858367,0.30541149044639715,63.78726485382159,107.36299130716361,80.96788756634649,0.004787746575903196,1.2222724766731907,10.0,11.0,12.0,0.27746003510599787,0.9090909090909091,0.4545454545454545,0.2916082849726081,40.0
2025-09-08 09:00:00+00:00,112094.99,77794505.0069625,0.003677689557838315,0.008835399123380938,-0.1963894081328198,69.47284301226671,171.66670823772438,99.10765170062209,0.008083822148061692,1.3138166598092658,27.0,29.0,40.0,0.14824432340161553,0.9310344827586207,0.27586206896551724,0.1951314186056455,48.0
2025-09-08 10:00:00+00:00,112048.0,72715573.3659936,-0.00041919803909173936,0.006897980857184294,-0.06528650886735932,68.15449240660857,216.34230744841625,122.55458285018094,0.007252518380753914,1.107103698697655,26.0,27.0,37.0,0.044997200231861184,0.9629629629629629,0.2222222222222222,0.04533700802578376,63.0
2025-09-08 11:00:00+00:00,112052.43,57357637.3008034,3.953662715971973e-05,0.003296615234466671,-0.21120559674184658,68.21572900676662,249.23250845453003,147.89016797105074,0.006965362212143944,1.014983796786262,29.0,29.0,39.0,0.35956955906646004,1.0,0.6206896551724138,0.35956955906646004,82.0
2025-09-08 12:00:00+00:00,112034.51,32823714.7720667,-0.00015992513504614614,-0.0005395424006016114,-0.42773593340451377,67.64904167215454,270.7314122803364,172.4584168329079,0.006427857858095853,0.9361427547632063,21.0,23.0,31.0,0.11248067337209763,0.9130434782608695,0.30434782608695654,0.09451084238077913,76.0
2025-09-08 13:00:00+00:00,111906.55,125686904.0402315,-0.001142148075624072,-0.0012624053976866279,2.829149287733644,63.5869661322102,274.2823892118904,192.8232113087044,0.004852430321210743,0.8211909606354183,24.0,29.0,36.0,0.39284358102956723,0.8275862068965517,0.5862068965517242,0.4049656034912914,74.0
2025-09-08 14:00:00+00:00,112645.05,111254087.0562864,0.006599256254437247,0.005288774192581114,-0.11483151004598902,73.48317446852715,332.8504493239452,220.8286589117526,0.010761579911037877,1.102699870721131,8.0,8.0,11.0,-0.07373823644593358,1.0,-0.25,-0.07373823644593358,53.0
2025-09-08 15:00:00+00:00,112631.75,69306807.6529743,-0.00011806999064767343,0.005330857429554525,-0.3770403453321213,73.09787135411324,373.8829699322814,251.43952111585838,0.01002063358579286,1.0006228591653528,13.0,13.0,22.0,0.2886405217532928,1.0,0.46153846153846156,0.2886405217532928,45.0
2025-09-08 16:00:00+00:00,112398.0,55548489.4271546,-0.002075347315477205,0.004391610678731395,-0.19851322967736285,66.49838175582252,383.12345793102577,277.7763084788919,0.007442199372934777,0.8529445222406495,13.0,14.0,18.0,0.17364843083279474,0.9285714285714286,0.2857142857142857,0.1628526093868109,34.0
2025-09-08 17:00:00+00:00,112214.4,51808599.0344358,-0.0016334810227940366,-0.003823070787398186,-0.0673265903589193,61.78034128195027,371.35092336672824,296.4912314564592,0.005272037931267182,0.7486754361983765,13.0,14.0,14.0,-0.0811549121780055,0.9285714285714286,0.0714285714285714,-0.020130152312608864,39.0
2025-09-08 18:00:00+00:00,112477.01,33293813.2052788,0.00234025223144263,-0.0013738577266180219,-0.35736897299328085,65.54578539387234,378.8444541397912,312.96187599312566,0.007071138126468757,0.8222373315255839,8.0,10.0,14.0,-0.06623845659196377,0.8,-0.2,0.01904056640341878,34.0
2025-09-08 19:00:00+00:00,112097.31,48259992.3193036,-0.0033758009747947293,-0.0026752255378209577,0.44951832407265035,56.828006610496544,350.1086796270829,320.3912367199171,0.0032403157633711377,0.6495338785455391,13.0,15.0,21.0,0.013498641302188237,0.8666666666666667,0.26666666666666666,-0.005001985969451757,34.0
2025-09-08 20:00:00+00:00,111958.04,32354825.6769447,-0.001242402694587419,-0.002284555279892797,-0.32957250670752736,53.99147314452042,312.49519612421864,318.8120286007774,0.0014919190035225238,0.5730844466897218,15.0,17.0,18.0,0.04632042194990551,0.8823529411764706,0.11764705882352941,0.11702254936099052,36.0
2025-09-08 21:00:00+00:00,112326.45,30665679.7659914,0.003290607802709067,-0.0013385846583225947,-0.0522069235612338,59.71919763896887,308.8535757601494,316.8203380326518,0.004142560907544501,0.7136250669452597,12.0,14.0,18.0,-0.01797466352581978,0.8571428571428571,-0.14285714285714285,-0.037061053638656936,40.0
2025-09-08 22:00:00+00:00,112236.71,30812183.467044,-0.0007989213582374477,0.001243562401274545,0.004777448345204327,57.83059416101133,295.3220090844843,312.52067224301834,0.0028935363171671558,0.6532163541527036,8.0,12.0,12.0,0.2777791748133798,0.6666666666666666,0.33333333333333337,0.4680585546884686,35.0
2025-09-08 23:00:00+00:00,112065.23,32566393.1135567,-0.001527842361024434,0.0009574122590927381,0.056932338092461565,54.297014665950165,267.67554506128363,303.55164680667144,0.0009082242146287722,0.5518137097957209,6.0,6.0,8.0,-0.1983890744547049,1.0,-0.3333333333333333,-0.1983890744547049,26.0
2025-09-09 00:00:00+00:00,111650.03,80530470.0189934,-0.003704985034162722,-0.006021912025172993,1.4728090009289443,46.83499716296961,209.84340891706233,284.80999922874963,-0.00309870589835759,0.30406981412154693,7.0,7.0,11.0,0.10406848362513951,1.0,0.2857142857142857,0.10406848362513951,21.0
2025-09-09 01:00:00+00:00,111364.73,58008155.6613828,-0.0025553060756007273,-0.007769115826720241,-0.27967444313063894,42.51167464602662,139.3829785030248,255.72459508360467,-0.005795925185374973,0.1049056857805794,7.0,8.0,8.0,0.018532071262598038,0.875,0.375,-0.029921501874923706,20.0
2025-09-09 02:00:00+00:00,111330.71,59643757.4615102,-0.00030548271432062624,-0.006554396934713713,0.028196066251012564,42.013645540116066,79.876681415044,220.55501234989254,-0.006196099727072135,0.05405512315342993,3.0,4.0,3.0,0.0496961772441864,0.75,0.0,-0.17020916938781738,17.0
2025-09-09 03:00:00+00:00,111708.0,35098983.8557063,0.0033889121878409867,0.0005192116831496119,-0.41152292629523446,49.131097545604085,62.44187108782353,188.93238409747875,-0.003018464502692053,0.26392143279863184,5.0,5.0,8.0,-0.20859171748161315,1.0,0.0,-0.20859171748161315,15.0
2025-09-09 04:00:00+00:00,112024.01,61376334.9196478,0.002828893185805814,0.005920007169235797,0.748664154266375,54.201686875296424,73.27930606123118,165.80176849022925,-0.0003496732341530251,0.4718905303866833,11.0,13.0,21.0,0.25618774773409736,0.8461538461538461,0.46153846153846156,0.2726794147694653,19.0
2025-09-09 05:00:00+00:00,112200.0,33455158.1793708,0.0015710025020529983,0.007808177995092258,-0.45491762870543884,56.78519862343467,94.97417042999587,151.63624887818258,0.0011738719032474698,0.5940379911033596,5.0,7.0,8.0,0.25526823342910837,0.7142857142857143,0.14285714285714285,0.3431681517511606,21.0
2025-09-09 06:00:00+00:00,113022.61,121911024.968977,0.007331639928698674,0.01176827084899923,2.644012810082903,66.3424692999732,176.51055510150036,156.61111012284613,0.008075778647529619,1.0565119685307387,8.0,9.0,9.0,0.11933246275617017,0.8888888888888888,0.2222222222222222,0.12919625104404986,24.0
2025-09-09 07:00:00+00:00,112991.11,110671169.2170132,-0.0002787052962234249,0.00863297073546998,-0.0921972049273152,65.74288346323922,235.86800115350343,172.4624883289776,0.007373120477784267,0.9609066481374534,10.0,10.0,16.0,-0.12257723920047284,1.0,0.0,-0.12257723920047284,23.0
2025-09-09 08:00:00+00:00,112992.69,59259627.5406789,1.3983400995121187e-05,0.007064973262032037,-0.4645432233170166,65.75959936412771,279.81120816116163,193.9322322954144,0.00695710230934754,0.904837976708851,10.0,10.0,19.0,0.3515583699569106,1.0,0.5,0.3515583699569106,28.0
2025-09-09 09:00:00+00:00,112966.54,41506199.949542,-0.00023143090053001636,-0.0004960954272777984,-0.29958722874101806,65.19260776318173,308.96487509695,216.9387608557215,0.006248794203651098,0.8483996624250706,14.0,15.0,23.0,0.15006166572372118,0.9333333333333333,0.26666666666666666,0.10228925810328551,34.0
2025-09-09 10:00:00+00:00,112732.62,71277837.0960601,-0.002070701643159145,-0.002287702103289435,0.7172816876204204,60.19291637317631,309.6248150027968,235.47597168513659,0.004125990789253242,0.7283944560268975,19.0,21.0,25.0,0.026759120059155282,0.9047619047619048,0.38095238095238093,0.01935586421505401,43.0
2025-09-09 11:00:00+00:00,112433.59,36632699.8098953,-0.0026525596584200395,-0.004948107705020632,-0.4860576400413785,54.44470676319818,282.75912900306867,244.93260314872302,0.0015508755720825551,0.5867425809682573,18.0,18.0,26.0,0.2163594572080506,1.0,0.611111111111111,0.2163594572080506,51.0
2025-09-09 12:00:00+00:00,112671.76,44739704.8570957,0.0021183171328069683,-0.002609445239271757,0.22130514783981403,57.89369212880019,277.4875045986846,251.44358343871534,0.003550113293978807,0.695749555147219,24.0,27.0,36.0,0.1281462386250496,0.8888888888888888,0.2222222222222222,0.16666632487128177,61.0
2025-09-09 13:00:00+00:00,112760.58,74028308.7990622,0.0007883075581671672,0.00024802049309258223,0.6546445497465401,59.13620139390861,277.2804198989761,256.6109507307675,0.004096985813146992,0.7213265753463097,15.0,21.0,20.0,-0.06726000032254628,0.7142857142857143,0.14285714285714285,-0.10071157415707906,57.0
2025-09-09 14:00:00+00:00,111767.45,219508087.7398218,-0.008807421884491906,-0.005924741885409812,1.96519117214525,43.63231056391845,194.7342376425222,244.23560811311845,-0.00443199984258702,0.2655435011717769,0.0,1.0,0.0,0.19801536202430725,0.0,1.0,0.0,39.0
2025-09-09 15:00:00+00:00,110880.76,183468171.7554276,-0.007933347320709272,-0.01589573110422704,-0.1641849116152455,34.84787323865066,57.109003821751685,206.8102872548451,-0.011794756560809638,-0.042328362220361335,15.0,16.0,20.0,0.17322741728276014,0.9375,0.25,0.18264464338620504,30.0
2025-09-09 16:00:00+00:00,110975.99,89724968.2413522,0.0008588505345743513,-0.01582636414250438,-0.5109507693739918,36.33047330546302,-43.771153773675906,156.6939990491409,-0.010513019256635947,0.05670154554346332,15.0,18.0,17.0,0.0559376399550173,0.8333333333333334,0.16666666666666663,-0.032314845671256386,30.0
2025-09-09 17:00:00+00:00,111025.44,59930077.6836745,0.0004455918798291769,-0.006638873840281723,-0.3320691123292693,37.130514809270196,-118.36476837095688,101.68224556512135,-0.009497615613049959,0.12371105737690793,11.0,12.0,18.0,0.013050656765699387,0.9166666666666666,0.16666666666666669,0.006888243285092441,41.0
2025-09-09 18:00:00+00:00,111131.92,55068620.5723194,0.0009590594732162838,0.00226513598932776,-0.08111881878436811,38.91056972544921,-166.96404170649475,47.95298811079814,-0.008058822728977622,0.19341546508993412,10.0,10.0,17.0,0.0516650389879942,1.0,0.3,0.0516650389879942,36.0
2025-09-09 19:00:00+00:00,111301.53,30881041.2102636,0.0015262041724826148,0.0029334273116192744,-0.43922617110576123,41.74020551648612,-189.6075288872671,0.44088471118508465,-0.006206201601461903,0.26931457681333726,11.0,11.0,13.0,0.027705845169045708,1.0,0.3636363636363636,0.027705845169045708,32.0
2025-09-09 20:00:00+00:00,111530.16,84643551.8496031,0.002054149659937332,0.0045459851363796044,1.7409552441344185,45.41080976447279,-186.94909258859116,-37.03711074877017,-0.004111505419963413,0.34783012399372126,15.0,17.0,19.0,0.13584201410412788,0.8823529411764706,0.2941176470588235,0.09542260020971298,36.0
2025-09-09 21:00:00+00:00,111299.61,51741738.7168248,-0.0020671538532716083,0.001508927408075067,-0.3887102137589773,42.502756824257865,-201.12725112849148,-69.85513882471443,-0.006141264843171568,0.2735584905068247,13.0,13.0,17.0,-0.018259582897791497,1.0,0.0,-0.018259582897791497,39.0
2025-09-09 22:00:00+00:00,111556.16,23140751.9598477,0.0023050395234986976,0.002287749323841348,-0.552764314966419,46.60073741974501,-189.47791948734084,-93.77969495723971,-0.003950642198277454,0.3527256781030129,7.0,10.0,9.0,0.2254106443375349,0.7,0.3,0.3696897194853851,35.0
2025-09-09 23:00:00+00:00,111546.39,35219555.8422956,-8.757920674218322e-05,0.0001455211756173913,0.521971105494162,46.46492005552418,-178.9710309424263,-110.81796215427704,-0.003966013345448105,0.35293521227817914,3.0,3.0,4.0,-0.12534831960995993,1.0,0.3333333333333333,-0.12534831960995993,23.0
2025-09-10 00:00:00+00:00,111010.46,54597263.4395134,-0.004804548134637043,-0.0025979426163307284,0.5501973870421974,39.640043247916054,-211.45183301190264,-130.94473632580218,-0.008302747827508838,0.20383129431406435,7.0,7.0,11.0,0.21615761571696826,1.0,0.42857142857142855,0.21615761571696826,17.0
2025-09-10 01:00:00+00:00,111005.64,46605223.3459313,-4.3419331836047625e-05,-0.004934913500070359,-0.14638169736174111,39.583730075781155,-234.87454878698918,-151.73069881803957,-0.007816493775631761,0.229277520108879,8.0,8.0,9.0,0.31265582516789436,1.0,0.625,0.31265582516789436,18.0
2025-09-10 02:00:00+00:00,111411.13,54843911.4049314,0.0036528774573976186,-0.0012125896678502057,0.17677606644748223,46.47290679606271,-218.20226571861713,-165.02501219815508,-0.003474489905603617,0.37372299040916707,4.0,4.0,6.0,-0.1467953585088253,1.0,0.0,-0.1467953585088253,19.0
2025-09-10 03:00:00+00:00,111545.88,29418988.4252203,0.0012094841870826656,0.00482314909784165,-0.46358697489663314,48.571603633584736,-191.9040124232415,-170.4008122431724,-0.0016239090682522717,0.4370033068122446,8.0,9.0,13.0,0.12965131364762783,0.8888888888888888,0.0,0.1436931847129017,20.0
2025-09-10 04:00:00+00:00,111520.43,33920677.0587352,-0.00022815723897662288,0.004637512111997033,0.15301983088091808,48.1873194475816,-171.14322693628492,-170.54929518179492,-0.0011936191779831073,0.4494885081988692,13.0,14.0,22.0,-0.004762875847518444,0.9285714285714286,0.21428571428571425,0.016854833381680343,25.0
2025-09-10 05:00:00+00:00,111577.31,48743373.4527966,0.0005100410749852013,0.0014915924468228425,0.4369811477640977,49.15553102362927,-148.38986819935963,-166.11740978530787,-6.211002529510345e-05,0.49704752084851966,13.0,15.0,17.0,-0.22518647660811741,0.8666666666666667,-0.06666666666666665,-0.25511604719437087,34.0
2025-09-10 06:00:00+00:00,111792.33,56293083.08554,0.001927094316936051,0.0022094047758642876,0.15488689226761432,52.75004027222928,-111.71951741458906,-155.23783131116411,0.0022871646458197947,0.6208724580598202,13.0,16.0,14.0,0.25784341990947723,0.8125,0.5,0.21625216190631574,39.0
2025-09-10 07:00:00+00:00,112553.65,138292818.9278956,0.006810127313743086,0.009264849498876515,1.4566573963936769,62.78265878105516,-20.983948937471723,-128.38705483642565,0.009058559708720715,0.9692052917694721,11.0,12.0,13.0,0.23150767292827368,0.9166666666666666,0.4166666666666667,0.19952636855569753,37.0
2025-09-10 08:00:00+00:00,112370.08,113240684.3571215,-0.0016309555487538097,0.00710511841520467,-0.18115282315444026,59.5019820324525,35.70054430169694,-95.56953500880114,0.0075490809965503836,0.9126990305187299,13.0,16.0,19.0,-0.008798812399618328,0.8125,0.1875,0.04999385501902837,37.0
2025-09-10 09:00:00+00:00,112274.29,69563876.346486,-0.0008524511151011271,0.004311208112399045,-0.38569890546487806,57.80456322586267,72.0632607221196,-62.042975862617,0.00690971329455814,0.9189076601934777,13.0,14.0,20.0,0.108266362122127,0.9285714285714286,0.2142857142857143,0.04742891054887038,37.0
2025-09-10 10:00:00+00:00,112270.01,59769420.622345,-3.812092688360025e-05,-0.002520042664098443,-0.14079801527097857,57.72532545553129,99.38991021708352,-29.756398646676892,0.006644476107073194,0.8808223170415316,11.0,13.0,17.0,0.24330190769754922,0.8461538461538461,0.46153846153846156,0.27203226478939707,37.0
2025-09-10 11:00:00+00:00,112299.99,47440496.3607294,0.000267034802971855,-0.0006237425478383685,-0.20627478287795875,58.157993842363915,122.05859674199019,0.6066004310565205,0.006273033170633102,0.8569966407947551,8.0,10.0,12.0,-0.26577695868909357,0.8,-0.2,-0.3473894577473402,32.0
2025-09-10 12:00:00+00:00,113413.51,316826488.2339994,0.009915584142082157,0.010146757552419228,5.678397414413734,70.31175095169111,227.2557887858129,45.9364381020078,0.015142201974626346,1.194837714215045,12.0,14.0,15.0,0.06819771709186691,0.8571428571428571,0.2857142857142857,0.06659757780532043,31.0
2025-09-10 13:00:00+00:00,113952.0,240323451.7135495,0.004748023405677149,0.014981650041716366,-0.2414666682286578,74.21268402770389,350.04189891944407,106.75753026549506,0.01862796948306733,1.187922434130594,19.0,22.0,26.0,0.2594487452879548,0.8636363636363636,0.45454545454545453,0.2966949835811791,39.0
2025-09-10 14:00:00+00:00,113899.99,118092206.1219491,-0.0004564202471215584,0.01424755247084164,-0.5086113931872632,73.2120838446592,438.10381541823153,173.02678729604236,0.016904929938123647,1.0526399657979655,19.0,22.0,22.0,0.13367030227726157,0.8636363636363636,0.2727272727272727,0.15519163345820025,50.0
2025-09-10 15:00:00+00:00,113853.99,77733956.9160315,-0.00040386307321005344,0.003883840646498049,-0.341752013373696,72.28380362198834,498.4360426988278,238.10863837659946,0.01533733918107294,0.9627772455172713,5.0,6.0,8.0,0.4033498701949914,0.8333333333333334,0.6666666666666667,0.31228313893079757,43.0
2025-09-10 16:00:00+00:00,113759.89,65656520.9412393,-0.0008264971653606512,-0.0016858852850323292,-0.1553688562109129,70.31958817057145,532.5181462070177,296.99053994268314,0.013490528812269309,0.8854305863220228,10.0,12.0,15.0,0.26358068843061727,0.8333333333333334,0.25000000000000006,0.270107364654541,34.0
2025-09-10 17:00:00+00:00,113738.01,70241087.1009216,-0.0001923349257809681,-0.0014221247956212046,0.06982651675658169,69.84433862248616,551.4066529874253,347.87376255163156,0.012196162634380281,0.8398330880999965,7.0,7.0,8.0,0.22218264852251327,1.0,0.5714285714285714,0.22218264852251327,22.0
2025-09-10 18:00:00+00:00,113584.85,78227038.7413527,-0.0013466034793468973,-0.0023639048574406463,0.11369345165397249,66.45840803144131,547.7036123967264,387.83973252065056,0.009921476889921177,0.7725907696306739,15.0,15.0,17.0,0.07244717466334502,1.0,0.1333333333333333,0.07244717466334502,32.0
2025-09-10 19:00:00+00:00,113574.52,84388809.6968754,-9.094522729047316e-05,-0.001629484697989736,0.078767789944034,66.22521805096926,537.7366875761218,417.8191235317448,0.008919947142764784,0.7443324955725977,0.0,2.0,0.0,0.35211303550750017,0.0,0.5,0.0,22.0
2025-09-10 20:00:00+00:00,113566.39,69496093.9005886,-7.158295716336305e-05,-0.0015089063014201987,-0.17647737715203504,66.02885100825324,523.1512429152353,438.88554740844296,0.007703721464677127,0.72070122331966,0.0,0.0,0.0,0.0,0.0,0.0,0.0,15.0
2025-09-10 21:00:00+00:00,113842.53,29139985.6336168,0.002431529257908016,0.0022686124073765246,-0.5806960650867603,69.35283530414603,527.7903248143703,456.6665028896284,0.008884178070870608,0.7688048065031574,2.0,6.0,4.0,0.1550728560735782,0.3333333333333333,0.16666666666666669,0.8849814832210541,2.0
2025-09-10 22:00:00+00:00,113881.2,30092305.2704223,0.00033967973129200857,0.0027002535427840257,0.03268085471212001,69.79849852708209,528.4950149083888,471.0322052933805,0.008123483733701198,0.7555123255461332,6.0,8.0,8.0,-0.2599835048895329,0.75,-0.25,-0.3339581297089656,8.0
2025-09-10 23:00:00+00:00,113960.0,45886989.1245196,0.0006919491540307021,0.0034659021916607635,0.524874505697039,70.73248184582926,529.310427205317,482.68784967576784,0.007744239464084313,0.754382740599514,1.0,1.0,3.0,-0.21718227863311768,1.0,-1.0,-0.21718227863311768,9.0
2025-09-11 00:00:00+00:00,113885.7,49259330.9039345,-0.0006519831519832264,0.00037920801654700576,0.07349233069669636,68.57896251045793,517.9901898059907,489.7483177018124,0.0060350957582990805,0.7140664972969263,5.0,5.0,5.0,0.04970501586794853,1.0,0.39999999999999997,0.04970501586794853,12.0
2025-09-11 01:00:00+00:00,113903.23,43400904.6232311,0.0001539262611547354,0.0001934472063869208,-0.11893028535301264,68.82016482968507,504.6164403927687,492.7219422400037,0.00515732569301286,0.7034831945701493,3.0,4.0,5.0,-0.03312577307224274,0.75,0.0,0.12424510717391968,9.0
2025-09-11 02:00:00+00:00,113819.02,26241789.7989109,-0.0007393117824665563,-0.0012371007371007048,-0.3953630684263544,66.1915325913907,481.6702100503171,490.5115958020664,0.0035168136030159225,0.6574162729594196,4.0,4.0,6.0,0.3046114146709442,1.0,0.25,0.3046114146709442,12.0
2025-09-11 03:00:00+00:00,114400.01,63113784.6223709,0.005104507137734915,0.004516019131462601,1.4050868902619698,73.66520070003489,504.55005567887565,493.31928777742826,0.007818960985344736,0.8494244600705332,6.0,7.0,15.0,0.06864915096334048,0.8571428571428571,0.14285714285714285,0.06149515323340893,13.0
2025-09-11 04:00:00+00:00,114158.29,55878166.3373475,-0.0021129368782397684,0.00223926924635931,-0.11464402472956292,67.02649460357625,497.44349535161746,494.14412929226614,0.004897973907489472,0.7348468805456331,7.0,7.0,16.0,0.10130225574331624,1.0,0.42857142857142855,0.10130225574331624,17.0
2025-09-11 05:00:00+00:00,114266.0,67356696.7075451,0.0009435144832670161,0.00392711165497639,0.20542067005025633,68.39336534104781,494.79905640175275,494.27511471416346,0.0049651386831619515,0.7692056781572723,8.0,9.0,17.0,0.21204339298937055,0.8888888888888888,0.33333333333333337,0.2251759171485901,21.0
2025-09-11 06:00:00+00:00,114324.64,46834665.3343028,0.0005131885250204693,-0.0006588286137386712,-0.30467692711159167,69.14331854202955,491.7663015959988,493.7733520905306,0.004573223614582567,0.8056039881621077,11.0,13.0,17.0,0.23188673332333565,0.8461538461538461,0.4615384615384615,0.18905409391630779,26.0
2025-09-11 07:00:00+00:00,114083.58,53057353.6625093,-0.002108556825545227,-0.0006544421784873133,0.1328650110722338,62.57064019765988,464.5561797214759,487.92991761671965,0.0016700928612018995,0.6878406224174405,15.0,16.0,21.0,0.014787197578698397,0.9375,0.125,0.00228198915719986,34.0
2025-09-11 08:00:00+00:00,114049.39,35092482.2108665,-0.0002996925587362975,-0.0018956645021266372,-0.3385934316648156,61.67514965545241,435.2162132417434,477.38717674172443,0.0010904395338513506,0.6351824968215062,12.0,13.0,20.0,0.0021475180983543396,0.9230769230769231,0.15384615384615385,-0.012804935996731123,38.0
2025-09-11 09:00:00+00:00,113895.29,49014778.4592204,-0.0013511689979227581,-0.0037555333653358502,0.39673158953808096,57.66905280515069,394.97645359818125,460.90503211301586,-0.00023731959264949865,0.47058022438048763,23.0,25.0,30.0,0.21293660402297973,0.92,0.56,0.19301248568555582,50.0
2025-09-11 10:00:00+00:00,114062.32,42625719.0164213,0.001466522452333363,-0.00018635460072335963,-0.1303496546070223,60.65241409602194,372.27275070252654,443.178575830918,0.0011575264442600375,0.6423116079658171,10.0,12.0,15.0,0.20410800352692604,0.8333333333333334,0.5,0.2167377369478345,45.0
2025-09-11 11:00:00+00:00,113999.99,45693297.070785,-0.0005464556568725021,-0.00043314567486940625,0.0719654266285088,58.98188575912055,345.2703310469369,423.59692687412183,0.0005463290621190442,0.567237488638809,18.0,21.0,24.0,0.04354846335592724,0.8571428571428571,0.09523809523809523,0.0071940987060467405,51.0
2025-09-11 12:00:00+00:00,113975.99,270418049.8674243,-0.00021052633425666656,0.0007085455421380615,4.918112003353812,58.31585967831325,318.26535460968444,402.53061242123437,0.000240832380947964,0.5301025487486929,14.0,14.0,20.0,-0.03789519678269114,1.0,0.21428571428571427,-0.03789519678269114,42.0
2025-09-11 13:00:00+00:00,114628.08,166197328.5433007,0.005721292703840586,0.004960095498671269,-0.38540593490419395,68.66820661794777,345.4992294282274,391.124335822633,0.0055707693971625005,1.0965046893976007,20.0,22.0,26.0,-0.04801844813945619,0.9090909090909091,0.04545454545454547,-0.0835634458810091,52.0
2025-09-11 14:00:00+00:00,114463.73,86818232.8846634,-0.0014337673631104053,0.004067895093675,-0.47761956437197506,64.33170154325288,349.7884563723637,382.8571599325792,0.0037420751046624012,0.8985621139130138,10.0,13.0,12.0,0.06805490100613007,0.7692307692307693,0.07692307692307693,0.09156569950282574,44.0
2025-09-11 15:00:00+00:00,114180.31,63299083.3346779,-0.0024760681833450038,0.001792658260744151,-0.27090103966099277,57.578774753476246,326.55376572890964,371.59648109184525,0.0009908669299478756,0.6143472889611632,15.0,16.0,18.0,0.09884854464326054,0.9375,0.1875,0.11113179437816142,45.0
2025-09-11 16:00:00+00:00,114487.53,34360518.7979655,0.0026906565589110976,-0.001226139354336242,-0.4571719369727214,62.20954086020369,329.13611618513823,363.10440811050387,0.0032790951091374865,0.898063052079969,7.0,10.0,15.0,0.37243201993405817,0.7,0.39999999999999997,0.36764478204505785,32.0
2025-09-11 17:00:00+00:00,114589.84,42649533.5035918,0.0008936344421091036,0.0011017463785252257,0.24123659931808406,63.63326936721205,335.56996778261964,357.5975200449271,0.003846958214634544,0.9426271085544449,11.0,11.0,19.0,0.28831155716695567,1.0,0.5454545454545454,0.28831155716695567,33.0
2025-09-11 18:00:00+00:00,114312.35,47598232.9175669,-0.0024215933978090076,0.0011564165485276057,0.11603173604603056,57.32509445253819,314.65062111077714,349.0081402580971,0.0012269661166264267,0.6445152822585337,16.0,16.0,23.0,0.21548436605371535,1.0,0.5625,0.21548436605371535,34.0
2025-09-11 19:00:00+00:00,114419.99,39828293.5056695,0.0009416305412319748,-0.0005899332442580452,-0.16324008131465284,59.022088600184375,303.261724189957,339.8588570444691,0.0019679099826765967,0.7312686356217664,13.0,14.0,14.0,0.23018035984465054,0.9285714285714286,0.5,0.23259026213334158,40.0
2025-09-11 20:00:00+00:00,114395.99,35260197.3837389,-0.00020975355792285377,-0.0016916857550371978,-0.11469474887947029,58.46385310625217,288.9682952726289,329.6807446901011,0.001533972209793788,0.6857892792182698,14.0,14.0,22.0,0.08745788436915193,1.0,0.14285714285714285,0.08745788436915193,43.0
2025-09-11 21:00:00+00:00,114482.69,21837130.4325876,0.0007578936988963392,0.0014901277071113217,-0.380686097841916,59.93795834662307,281.392893183307,320.0231743887423,0.00203885344993493,0.7526349185619877,9.0,11.0,12.0,0.15851392969489098,0.8181818181818182,0.2727272727272727,0.21773088516460526,36.0
2025-09-11 22:00:00+00:00,115084.0,127013829.8102106,0.005252409774787692,0.005803269166515301,4.816415769567762,68.33224158249588,320.21874176649726,320.0622878642933,0.006744635313810976,1.2054426361795727,7.0,8.0,10.0,0.18925063544884324,0.875,0.375,0.09263023574437414,30.0
2025-09-11 23:00:00+00:00,115482.69,49391745.2276986,0.003464339091446167,0.009499458853409193,-0.6111309665923639,72.45357197583925,378.7929679582885,331.80842388309236,0.009754161498205516,1.2460131363718514,0.0,0.0,0.0,0.0,0.0,0.0,0.0,16.0
2025-09-12 00:00:00+00:00,115840.69,212624477.394232,0.0031000317017209067,0.011862055302858554,3.3048585631874667,75.53276786521093,448.92613129419624,355.23196536531316,0.012139976150283172,1.2104255939443174,6.0,7.0,8.0,0.34492324718407225,0.8571428571428571,0.5714285714285714,0.3698616772890091,13.0
2025-09-12 01:00:00+00:00,115377.29,89676151.7540106,-0.004000321475985724,0.0025484863230336163,-0.5782416358971693,65.34980806092958,461.7914173118479,376.5438557546201,0.0076019140833871734,0.9133749587613161,2.0,2.0,4.0,-0.8703188300132751,1.0,-1.0,-0.8703188300132751,8.0
2025-09-12 02:00:00+00:00,115391.0,61880849.0668421,0.00011882754396475015,-0.0007939718065106405,-0.30995200110073196,65.49800830026322,467.70215231357724,394.7755150664115,0.007252636228952669,0.8720335091556294,7.0,7.0,12.0,0.12551537422197206,1.0,0.2857142857142857,0.12551537422197206,15.0
2025-09-12 03:00:00+00:00,115194.14,64174830.9938785,-0.0017060255999168383,-0.005581372141343466,0.037070951055608425,61.43485851913845,451.2991993683536,406.0802519268,0.005047084968708315,0.7567026528138723,6.0,8.0,9.0,0.30627184733748436,0.75,0.5,0.39997828503449756,15.0
2025-09-12 04:00:00+00:00,115359.99,50170639.0047613,0.0014397433758348566,-0.00014994285270508723,-0.21821938246246453,63.489764924534974,446.53507156945125,414.1712158553303,0.005918973899775137,0.7977812844863207,12.0,13.0,16.0,-0.1732652886555745,0.9230769230769231,-0.23076923076923078,-0.20431249837080637,25.0
2025-09-12 05:00:00+00:00,115612.84,45969020.1419538,0.00219183444797455,0.0019225069546151552,-0.08374656863367347,66.42688014157585,457.88414441567147,422.91380156739854,0.007369426452870531,0.8681283896689069,5.0,6.0,8.0,0.2055805822213491,0.8333333333333334,0.33333333333333337,0.2549108721315861,23.0
2025-09-12 06:00:00+00:00,115318.0,34817296.4288933,-0.0025502357696601807,0.001075228305884357,-0.24259215616568786,60.33203779294152,438.0378152277699,425.93860429947284,0.004251015501356203,0.716988680723219,10.0,11.0,14.0,0.37825130366466264,0.9090909090909091,0.5454545454545454,0.3667824599891901,27.0
2025-09-12 07:00:00+00:00,115086.7,57121341.1569268,-0.0020057579909468215,-0.0023690189293532615,0.6406024308517071,55.9917680987481,399.04553093267896,420.5599896261141,0.0017627142296479104,0.595300106077902,11.0,11.0,20.0,0.2187411045147614,1.0,0.18181818181818182,0.2187411045147614,26.0
2025-09-12 08:00:00+00:00,115048.0,107131801.5202239,-0.00033626822213161933,-0.004885616511107194,0.8755127129439362,55.275262560289164,360.86131353986275,408.62025440886384,0.0009588447594379712,0.5563057004283886,11.0,11.0,12.0,-0.22408477860418233,1.0,-0.18181818181818182,-0.22408477860418233,32.0
2025-09-12 09:00:00+00:00,115048.01,42851082.2792404,8.692024189294045e-08,-0.002341265023673711,-0.6000152926472431,55.275421823453854,326.8333219809283,392.26286792327676,0.0007761129077308304,0.5460307375590462,15.0,15.0,29.0,0.21415669607619445,1.0,0.4666666666666666,0.21415669607619445,37.0
2025-09-12 10:00:00+00:00,114980.85,26197451.4999979,-0.0005837562944372987,-0.0009197413775874352,-0.38863967707323244,53.887543791930185,291.09112549478596,372.0285194375786,-3.300440680564787e-05,0.49798599363574914,15.0,16.0,21.0,0.24715486308559775,0.9375,0.4375,0.25875194519758227,41.0
2025-09-12 11:00:00+00:00,114913.45,49115366.5103033,-0.000586184568995729,-0.0011695118559210682,0.8748146746376166,52.46386054892704,254.39406413963297,348.5016283779895,-0.0009376697892012897,0.43789281042436146,16.0,17.0,22.0,0.26001276623676806,0.9411764705882353,0.4117647058823529,0.2872114807832986,46.0
2025-09-12 12:00:00+00:00,115083.97,71332703.5555248,0.0014838994042907228,0.00031256516301336745,0.4523500204474864,55.655849880642585,236.34646263186005,326.07059522876364,0.00028549047465209476,0.5197118693754113,13.0,13.0,17.0,0.17378104879305914,1.0,0.15384615384615385,0.17378104879305914,44.0
2025-09-12 13:00:00+00:00,115166.45,42752658.9545853,0.0007166940799834265,0.0016141818398454078,-0.40065836813114786,57.15450165733485,226.09279805874394,306.0750357947597,0.000751612219311415,0.5536042153017832,24.0,27.0,39.0,0.24785785556391435,0.8888888888888888,0.4444444444444444,0.2466786508448422,53.0
2025-09-12 14:00:00+00:00,115260.0,82966657.0026406,0.0008123025412349882,0.003015747938992286,0.9406198124606302,58.853064862393055,222.94542213325622,289.449113062459,0.0011523153705881306,0.5910633512570341,18.0,19.0,26.0,0.26787817733068214,0.9473684210526315,0.5789473684210527,0.23297726714776623,55.0
2025-09-12 15:00:00+00:00,115121.18,37964831.5705123,-0.0012044074266875926,0.0003233291308946118,-0.5424085657771653,55.34666908977,206.8648806288693,272.93226657574104,-0.00035789894316773374,0.46841085573823793,14.0,16.0,20.0,0.008238644921220839,0.875,0.3125,-0.016834501044026444,56.0
2025-09-12 16:00:00+00:00,115495.56,61876399.5270858,0.0032520514470057993,0.0028576898914571824,0.6298346908812806,61.933546104899094,221.7738024629798,262.7005737531888,0.0024144361907221246,0.7465628625658833,13.0,16.0,22.0,0.09343481343239546,0.8125,0.1875,0.05630240875941057,45.0
2025-09-12 17:00:00+00:00,115815.16,109305296.1465502,0.0027672059428085483,0.00481658858233569,0.7665102847282321,66.47940754500195,256.42240159270295,261.4449393210916,0.004607417394531188,1.0168855847085998,10.0,10.0,17.0,0.3311467282474041,1.0,0.7000000000000001,0.3311467282474041,37.0
2025-09-12 18:00:00+00:00,116486.18,117868555.3671684,0.005793887432353317,0.011857070957750793,0.07834258286201501,73.60613487425583,334.17520830011927,275.9909931168972,0.009813889808821807,1.2809162059683261,8.0,11.0,15.0,0.08068577674302188,0.7272727272727273,0.18181818181818177,0.3664263170212507,31.0
2025-09-12 19:00:00+00:00,116632.51,159457111.5982748,0.0012562005209544314,0.009844101366320857,0.3528384317730482,74.86130825653832,402.95743340364425,301.3842811742466,0.010578759118391456,1.1677642556216006,8.0,10.0,13.0,0.3813045911490917,0.8,0.7,0.4477474568411708,26.0
2025-09-12 20:00:00+00:00,116157.33,104426979.5242838,-0.004074164227452437,0.002954449141200577,-0.3451092994373942,64.18663058415197,414.3484367365745,323.9771122867122,0.00632344926018269,0.8827566178492122,10.0,11.0,16.0,0.37175197730010207,0.9090909090909091,0.7272727272727273,0.4034825056791306,26.0
2025-09-12 21:00:00+00:00,115865.89,44692117.9395421,-0.0025090108390060095,-0.0053250093702101875,-0.5720251783290424,58.661689945557754,395.3023175616836,338.2421533417065,0.0035861656815829868,0.7129900625126473,4.0,7.0,6.0,-0.13287170550652913,0.5714285714285714,0.0,0.07878115400671959,22.0
2025-09-12 22:00:00+00:00,116027.46,57345199.4876548,0.0013944569881612079,-0.005187661656256837,0.28311662394763504,60.68223310454351,388.7640496319218,348.3465325997496,0.004708686833668541,0.7710560901728576,4.0,4.0,7.0,0.05686857923865318,1.0,0.5,0.05686857923865318,18.0
2025-09-12 23:00:00+00:00,116029.42,40403451.0767767,1.6892552848979392e-05,-0.0011011788924556454,-0.29543446639374404,60.70732347396896,379.3674687794701,354.5507198356937,0.004362437115857043,0.7468590108938175,3.0,3.0,4.0,0.3348265774548054,1.0,0.6666666666666666,0.3348265774548054,11.0
2025-09-13 00:00:00+00:00,116209.32,55320305.3160978,0.0015504688379897047,0.0029640302249438477,0.36919752748287116,63.038764667404386,382.03319638760877,360.0472151460768,0.005550035280553978,0.8026552480616513,3.0,4.0,7.0,0.26109063997864723,0.75,0.5,0.3034865160783132,10.0
2025-09-13 01:00:00+00:00,115764.3,73324644.2226881,-0.0038294690993803115,-0.0022680837794777364,0.32545624619593627,54.43439086200205,344.2679038140777,356.891352879677,0.001633676871290124,0.5888141301001394,6.0,7.0,8.0,0.2072684637137822,0.8571428571428571,0.5714285714285714,0.16465704639752707,12.0
2025-09-13 02:00:00+00:00,115886.17,37342343.624789,0.0010527425121560352,-0.0012346006728293224,-0.49072588049142496,56.197629737787395,320.4782540335,349.6087331104416,0.0024417386523103435,0.6326114953110079,4.0,4.0,8.0,0.6785819809883833,1.0,0.75,0.6785819809883833,13.0
2025-09-13 03:00:00+00:00,115957.0,95437093.2438689,0.0006112032177783,-0.0021712544226230035,1.5557338929449198,57.23344744042897,303.83772210816096,340.45453090998546,0.0026770119509074153,0.647820983295126,4.0,4.0,4.0,0.24805556796491146,1.0,0.5,0.24805556796491146,14.0
2025-09-13 04:00:00+00:00,115698.4,36439210.3939074,-0.002230137033555568,-0.0005692601259629226,-0.6181860830484971,52.364668692494085,266.70867034776893,325.7053587975422,0.00015966036563286323,0.5091392364287533,3.0,3.0,4.0,0.41705386340618134,1.0,1.0,0.41705386340618134,11.0
2025-09-13 05:00:00+00:00,115704.04,29349953.7151199,4.8747432980889016e-05,-0.0015716284350411058,-0.19455022768475838,52.45965646763944,235.0294569132966,307.57017842069314,-7.511705799156942e-05,0.49551017458485214,7.0,7.0,10.0,-0.03895452405725207,1.0,0.14285714285714285,-0.03895452405725207,14.0
2025-09-13 06:00:00+00:00,115749.99,29066698.499137,0.00039713392894502597,-0.0017852307320816996,-0.009650959546044446,53.27710305088221,211.1966890439653,288.2954805453476,-1.0358424914369557e-05,0.4993396481728815,5.0,5.0,6.0,0.108225616812706,1.0,0.2,0.108225616812706,15.0
2025-09-13 07:00:00+00:00,115778.71,28116165.5868212,0.0002481209717599686,0.0006941323302656066,-0.032701784564353686,53.81168317393542,192.40854682106874,269.1180938004918,-0.0001359477913501772,0.49043030786751785,9.0,9.0,11.0,0.3990806072122521,1.0,0.6666666666666667,0.3990806072122521,21.0
2025-09-13 08:00:00+00:00,115978.01,40775499.5660189,0.0017213872913248718,0.0023678516324927568,0.4502510820725665,57.44992004808652,191.39437787924544,253.57335061624255,0.0011986965995969268,0.5916161045968229,6.0,6.0,7.0,0.6678825865189234,1.0,1.0,0.6678825865189234,20.0
2025-09-13 09:00:00+00:00,116035.33,34198936.9819333,0.000494231622011787,0.002465140601739968,-0.16128711245922567,58.46330474475566,192.99120417406084,241.4569213278062,0.0013179890909935654,0.609777031435043,12.0,12.0,18.0,-0.19540170145531496,1.0,-0.16666666666666669,-0.19540170145531496,27.0
2025-09-13 10:00:00+00:00,115937.99,36931637.4097662,-0.0008388824334795153,0.0013757278864137135,0.07990600495204081,56.023182517619816,184.27793469936296,230.02112400211757,0.00018541364226432044,0.516940246422655,7.0,7.0,10.0,-0.023780818496431624,1.0,-0.14285714285714285,-0.023780818496431624,25.0
2025-09-13 11:00:00+00:00,115974.11,30578282.399278,0.0003115458530891235,-3.3627064302876875e-05,-0.17203014694409724,56.7446375359521,178.2326331485092,219.6634258313959,0.0001290626981516052,0.5144197925081774,7.0,8.0,9.0,0.13070197775959969,0.875,0.0,0.026110253163746426,26.0
2025-09-13 12:00:00+00:00,116002.91,23656957.0847096,0.0002483312870433796,-0.0002793976627635253,-0.22634774655399947,57.34550637423727,173.76258055854123,210.483256776825,0.00015862893900275843,0.5194315318799732,9.0,9.0,12.0,0.3887309970127212,1.0,0.6666666666666666,0.3887309970127212,23.0
2025-09-13 13:00:00+00:00,115761.05,50977920.5672038,-0.002084947696570749,-0.0015261606657145377,1.1548807137225938,50.945219925295696,148.9865270415321,198.1839108297664,-0.00190336749886455,0.26901441229349043,6.0,9.0,6.0,0.3820526695085896,0.6666666666666666,0.4444444444444445,0.5431933104991913,22.0
2025-09-13 14:00:00+00:00,115797.68,50798778.2945572,0.0003164276758027551,-0.0015212878115642425,-0.0035141149472825983,51.82222937454026,130.7992882228864,184.7069863083904,-0.0012911115258396055,0.32333432160529313,4.0,4.0,7.0,0.18127140402793884,1.0,0.25,0.18127140402793884,19.0
2025-09-13 15:00:00+00:00,115768.68,33623557.3743464,-0.0002504367963157561,-0.0020191734845272924,-0.338103031152051,51.04416627847941,112.74604654761788,170.3147983562359,-0.0011691510081265344,0.2669895637523237,2.0,2.0,2.0,0.06004026718437672,1.0,0.5,0.06004026718437672,12.0
2025-09-13 16:00:00+00:00,115334.0,80918303.1739229,-0.0037547288264839773,-0.003689064672443787,1.4065955387475073,41.08656185639915,62.641586015190114,148.78015588802677,-0.004565934724489296,-0.23367535140255843,5.0,6.0,8.0,0.2265922079483668,0.8333333333333334,0.5,0.20322175621986388,11.0
2025-09-13 17:00:00+00:00,115571.78,53682019.6141108,0.002061664383442796,-0.001950816285783863,-0.33658989983108534,47.15908817316692,41.640295444012736,127.35218379922397,-0.002387065310637815,0.13823232776683145,4.0,6.0,4.0,0.5114812751611074,0.6666666666666666,0.6666666666666667,0.5050541087985039,11.0
2025-09-13 18:00:00+00:00,115633.92,18546618.1337392,0.0005376745084311185,-0.0011640454050265703,-0.6545096800183714,48.64874659124164,29.6687966153695,107.81550636245308,-0.0016811083956390638,0.24632808651276314,8.0,8.0,12.0,-0.023075166158378124,1.0,-0.125,-0.023075166158378124,17.0
2025-09-13 19:00:00+00:00,115797.12,30473196.5066048,0.0014113505794839387,0.0040154681186812535,0.6430594670609671,52.440881482805814,32.970114665688016,92.84642802310007,-0.0001718702402695449,0.4732952266790616,2.0,2.0,4.0,-0.17590057104825974,1.0,-0.5,-0.17590057104825974,14.0
2025-09-13 20:00:00+00:00,115905.88,25582577.3877072,0.0009392288858307563,0.0028908441143677965,-0.16048920623859064,54.83459601232391,43.85690100523061,83.0485226195262,0.0008983146370795669,0.6577019234648145,2.0,2.0,2.0,0.42309322766959667,1.0,0.5,0.42309322766959667,12.0
2025-09-13 21:00:00+00:00,115895.39,27168898.6103978,-9.050446793557043e-05,0.0022611877206963893,0.062007873508978406,54.549415638141426,51.04983160166012,76.64878441595299,0.0007510853616088387,0.6310843347486091,0.0,1.0,0.0,0.005427664145827293,0.0,0.0,0.0,4.0
2025-09-13 22:00:00+00:00,115871.58,18476550.4860983,-0.0002054438921168522,0.0006430211735837243,-0.31993744939564295,53.86465706842898,54.2041808541253,72.15986370358745,0.0005517898366298457,0.5964827000270511,2.0,2.0,3.0,0.3676345571875572,1.0,0.5,0.3676345571875572,4.0
2025-09-13 23:00:00+00:00,115918.29,16938072.4569374,0.0004031186939885689,0.00010706963270523673,-0.08326651829942222,55.05658125870441,59.78397948949714,69.68468686076939,0.0009718602643049579,0.6715237861571963,1.0,2.0,2.0,0.01161676924675703,0.5,0.0,0.013064976781606674,3.0
2025-09-14 00:00:00+00:00,115935.6,17771986.620541,0.00014932932499278628,0.00034695081486857404,0.04923312057636475,55.51524871987769,64.85517238626198,68.71878396586791,0.0010188174935721328,0.6794089607125613,3.0,3.0,3.0,0.28543927023808163,1.0,0.3333333333333333,0.28543927023808163,6.0
2025-09-14 01:00:00+00:00,115962.93,21542399.3578025,0.00023573432146806184,0.0007883727830413356,0.2121548264561277,56.27399894762558,70.2694098707725,69.02890914684883,0.001142897990704661,0.7003806827410639,2.0,2.0,4.0,0.2708398103713989,1.0,0.5,0.2708398103713989,6.0
2025-09-14 02:00:00+00:00,115852.95,31014678.3103796,-0.0009484065295694011,-0.0005636729113239758,0.4397039900361104,52.40067919248053,64.93720949687122,68.21056921685332,0.00014895667458580952,0.5262746765103726,1.0,1.0,1.0,-0.10009672492742538,1.0,-1.0,-0.10009672492742538,6.0
2025-09-14 03:00:00+00:00,115679.98,31583466.6532052,-0.0014930133414815527,-0.0022048447586419107,0.018339327499497182,46.92969953589404,46.22135781364341,63.81272693621134,-0.0013017181386163479,0.2746454929840961,4.0,4.0,4.0,0.3400716036558151,1.0,1.0,0.3400716036558151,7.0
2025-09-14 04:00:00+00:00,115750.99,28666648.6068748,0.0006138486538467269,-0.001827653026704179,-0.09235268814401631,49.271313048818094,36.69581751694204,58.389345052357484,-0.0005907300096025248,0.39606683116725616,5.0,5.0,10.0,0.16247501373291015,1.0,0.19999999999999996,0.16247501373291015,10.0
2025-09-14 05:00:00+00:00,115860.01,29891914.0202827,0.0009418493958452956,6.093932006034919e-05,0.04274184367383849,52.720434553500716,37.51135355212318,54.21374675231063,0.00042628206827477477,0.5784375219877921,3.0,3.0,5.0,0.3972938557465871,1.0,0.3333333333333333,0.3972938557465871,12.0
2025-09-14 06:00:00+00:00,115734.23,22787656.9130894,-0.001085620482856875,0.00046896619449632304,-0.2376648448263573,48.61363885065994,27.6890942799364,48.90881625783579,-0.0005718803140442041,0.3934323594866032,2.0,2.0,2.0,0.658123791217804,1.0,1.0,0.658123791217804,10.0
2025-09-14 07:00:00+00:00,115805.39,24546306.1453666,0.000614856987427137,0.0004699743820764102,0.07717551826344304,50.94196235385362,25.35462796378124,44.19797859902488,0.00011548291696583668,0.522258024229656,3.0,5.0,4.0,0.18855250030755996,0.6,0.6000000000000001,0.42809830109278363,8.0
2025-09-14 08:00:00+00:00,115933.4,15910962.0901196,0.0011053889633287906,0.000633436851938729,-0.35179810779297327,54.90070987861571,33.44831244011584,42.04804536724307,0.0012510521064723612,0.7480114520258037,3.0,3.0,6.0,-0.5697481234868368,1.0,-1.0,-0.5697481234868368,8.0
2025-09-14 09:00:00+00:00,116052.09,31528047.8878188,0.0010237774446364423,0.0027464648963404503,0.9815299482987963,58.263634804051804,48.876489024827606,43.413734098759974,0.0021501627488893504,0.8973299688240932,8.0,8.0,11.0,0.12355865677818656,1.0,0.25,0.12355865677818656,14.0
2025-09-14 10:00:00+00:00,116027.26,18147009.2448446,-0.00021395564698578617,0.0019158866439636935,-0.4244169728042092,57.301010069191165,58.42635399548453,46.41625807810489,0.0018364398673884619,0.82404784562453,9.0,9.0,11.0,0.2349136413799392,1.0,0.3333333333333333,0.2349136413799392,20.0
2025-09-14 11:00:00+00:00,115794.91,31875387.9304259,-0.0020025466429181016,-0.0011945651555116399,0.7565091580851764,49.12223602420095,46.70757180446526,46.47452082337696,-0.00018110641731061694,0.4679904450299455,10.0,10.0,12.0,0.395864238217473,1.0,0.5,0.395864238217473,27.0
2025-09-14 12:00:00+00:00,115776.31,36699157.4129401,-0.00016062882211320684,-0.0023763466905248887,0.15133210278234088,48.52513524511792,35.51014904164185,44.281646467029944,-0.0005325583982263016,0.3732909227433615,7.0,7.0,9.0,-0.04233980178833008,1.0,-0.14285714285714285,-0.04233980178833008,26.0
2025-09-14 13:00:00+00:00,115348.1,71266883.5136684,-0.003698597752856303,-0.0058534520249808875,0.9419215191174866,37.28777061803382,-7.826636872719973,33.85998979907996,-0.004133036842983384,-0.28664189737312096,9.0,11.0,16.0,-0.007599305022846569,0.8181818181818182,0.09090909090909088,0.05321629345417023,26.0
2025-09-14 14:00:00+00:00,115401.75,86533054.3831765,0.00046511385969938424,-0.003395313317312465,0.21421128744292828,39.18790912343603,-37.41099464755098,19.605792909753774,-0.003569980205017531,-0.09494142065506858,2.0,2.0,3.0,0.1849510595202446,1.0,1.0,0.1849510595202446,18.0
2025-09-14 15:00:00+00:00,115224.01,40556202.6888592,-0.0015401846159178723,-0.004770405966471047,-0.531321262401388,35.36489800049743,-74.34197587115341,0.8162391535723366,-0.004858444161726205,-0.149925380682961,5.0,5.0,7.0,-0.1347896710038185,1.0,0.0,-0.1347896710038185,16.0
2025-09-14 16:00:00+00:00,115480.0,32800845.8424555,0.0022216723754016066,0.0011434952114512953,-0.19122492571362215,43.85965660427138,-82.00844861476799,-15.74869840009573,-0.0024641114587931057,0.18220323549404882,6.0,7.0,7.0,-0.12279275698321206,0.8571428571428571,-0.2857142857142857,-0.2326173409819603,13.0
2025-09-14 17:00:00+00:00,115557.65,33579884.4938739,0.0006724108070661483,0.0013509327198244492,0.02375056592016489,46.17068152101718,-80.88607314476394,-28.776173349029374,-0.0016477251258780745,0.28964995223961204,6.0,6.0,7.0,0.1928458884358406,1.0,0.5,0.1928458884358406,17.0
2025-09-14 18:00:00+00:00,115388.21,18661475.0350714,-0.0014662811159623645,0.0014250502130590537,-0.44426625295641264,42.09825870561916,-92.60152172930248,-41.541243025084,-0.002903394374640933,0.1466876167780518,5.0,5.0,7.0,-0.13506917096674442,1.0,0.2,-0.13506917096674442,17.0
2025-09-14 19:00:00+00:00,115634.99,15322903.4416336,0.002138693372572442,0.0013421371666089144,-0.17890180637722697,49.13518135997199,-81.03885014477419,-49.44076444902204,-0.0006485867717026528,0.41987938192493035,5.0,5.0,7.0,0.2694251224398613,1.0,0.39999999999999997,0.2694251224398613,16.0
2025-09-14 20:00:00+00:00,115802.16,13439306.5043684,0.0014456696887334974,0.0021159135721435796,-0.12292689466066276,53.27755947624145,-57.72075873074937,-51.09676330536751,0.0008538558852297928,0.6076165492201141,5.0,5.0,10.0,0.03212840110063553,1.0,0.39999999999999997,0.03212840110063553,15.0
2025-09-14 21:00:00+00:00,116058.88,40503787.9587953,0.002216884382812978,0.005812292261055063,2.0138302110774604,58.82341564460646,-18.314724047624622,-44.54035545381893,0.0030310436998683965,0.8718416082892152,2.0,3.0,2.0,-0.274432759732008,0.6666666666666666,-0.3333333333333333,-0.4289001598954201,12.0
2025-09-14 22:00:00+00:00,116009.61,30420264.9352844,-0.0004245258958212039,0.0032396768486770977,-0.24895259262587788,57.414857070148926,8.837294283002848,-33.86482550645458,0.002537363103466861,0.8021093676735794,2.0,3.0,3.0,-0.04246268421411514,0.6666666666666666,0.0,-0.07977822422981262,9.0
2025-09-14 23:00:00+00:00,115268.01,50712134.9777217,-0.0063925738565969725,-0.004612608262229423,0.6670510623627346,41.360782876367146,-29.149441147776088,-32.92174863471888,-0.003694079517320148,0.09199569680887222,3.0,3.0,3.0,0.5574332575003306,1.0,0.6666666666666666,0.5574332575003306,7.0
2025-09-15 00:00:00+00:00,115071.32,59973570.8720618,-0.001706371091163894,-0.008509129159268047,0.1826276077394242,38.30179766107604,-74.2693114579597,-41.19126119936705,-0.005101913222754106,-0.0008896964076910792,7.0,7.0,11.0,-0.32233103684016634,1.0,-0.14285714285714285,-0.32233103684016634,12.0
2025-09-15 01:00:00+00:00,115231.69,41682730.357733,0.0013936574291490977,-0.00670565136802026,-0.30498168190364405,42.06416690910458,-95.98021484675701,-52.14905192884504,-0.0034446813557643674,0.17350548905606145,1.0,1.0,1.0,0.0803118646144867,1.0,0.0,0.0803118646144867,11.0
2025-09-15 02:00:00+00:00,115362.35,21290036.560374,0.001133889470856575,0.0008184404328661632,-0.4892360366593821,45.00658127635464,-101.47337032406358,-62.013915607888755,-0.002154238166010791,0.29874177136290875,5.0,7.0,5.0,-0.041250166084085195,0.7142857142857143,0.14285714285714285,-0.22793422788381576,13.0
2025-09-15 03:00:00+00:00,115445.45,25808995.8015093,0.0007203390014158817,0.003251287983834672,0.21225699769563544,46.855253719279546,-97.9916731017147,-69.20946710665395,-0.0012799821650728571,0.3799163723061601,5.0,5.0,9.0,-0.06565213203430176,1.0,0.0,-0.06565213203430176,11.0
2025-09-15 04:00:00+00:00,116058.01,80990475.7702838,0.005306055803844911,0.007170944034579296,2.1380715620693587,58.0499847870085,-45.281948234071024,-64.42396333213736,0.003965168126218499,0.8626346801566098,12.0,13.0,16.0,0.03272579381099114,0.9230769230769231,0.15384615384615385,0.02027188614010811,22.0
2025-09-15 05:00:00+00:00,116520.0,90857990.6049135,0.003980681729766067,0.010034903068462109,0.12183549659119541,64.1786259284626,33.384781485408894,-44.86221436862811,0.007757680047375759,1.118548541523712,8.0,8.0,11.0,0.23920511035248637,1.0,0.375,0.23920511035248637,25.0
2025-09-15 06:00:00+00:00,116129.99,65187334.0087167,-0.003347150703741808,0.005929553741615745,-0.2825360370099199,56.653914594553434,63.525897003681166,-23.184592094166256,0.0043399458799702195,0.8400863753440847,10.0,13.0,11.0,-0.13891469715879515,0.7692307692307693,-0.15384615384615385,-0.03824847266077995,30.0
2025-09-15 07:00:00+00:00,115806.62,70266062.8290935,-0.0027845520351806874,-0.0021660719497086367,0.07790974884319835,51.284866143335734,60.62089181711781,-6.423495311909443,0.0015382376056101155,0.6204505589200675,14.0,15.0,20.0,0.08317988639076551,0.9333333333333333,0.19999999999999998,0.08166613562830857,32.0
2025-09-15 08:00:00+00:00,114737.27,152822384.5609695,-0.009233928077686637,-0.015299776862341186,1.1749103110085422,38.34385962051879,-27.65021927568887,-10.668840104665328,-0.007263858097615539,-0.005732125269010694,7.0,7.0,12.0,-0.3950083764003856,1.0,-0.42857142857142855,-0.3950083764003856,31.0
2025-09-15 09:00:00+00:00,114868.59,123285309.8982788,0.001144527841737908,-0.010861965974508503,-0.19327714815827057,40.33496574291595,-86.01772546778375,-25.738617177289015,-0.005921430153141838,0.11175015523108765,17.0,17.0,26.0,-0.21407059492433772,1.0,-0.05882352941176472,-0.21407059492433772,38.0
2025-09-15 10:00:00+00:00,114769.04,61160576.8026255,-0.0008666424825097829,-0.008959591429229197,-0.5039102643040899,39.29888552648926,-138.70830467276392,-48.33255467638399,-0.0065109481967995375,0.10153439347020952,17.0,19.0,23.0,-0.06925181260234431,0.8947368421052632,-0.05263157894736842,-0.02202503668034778,41.0
2025-09-15 11:00:00+00:00,115070.0,65072898.9327594,0.002622309988826288,0.002899929552097502,0.06396803847615029,43.98355972529564,-154.4011709482147,-69.54627793075014,-0.003839309091270504,0.26800465401727225,20.0,20.0,32.0,0.36695322347804904,1.0,0.4,0.36695322347804904,54.0
2025-09-15 12:00:00+00:00,114721.04,68825615.6823388,-0.0030325888589555205,-0.0012845112837199801,0.057669426306904414,40.11750338062121,-192.7738591019297,-94.19179416498605,-0.006533885651147098,0.12885955445111405,26.0,28.0,32.0,0.1572818262502551,0.9285714285714286,0.3928571428571428,0.20398373242754203,63.0
2025-09-15 13:00:00+00:00,114664.08,121246727.1218936,-0.0004965087485259145,-0.0009145323512332881,0.7616511805938915,39.50707918081266,-225.18489558587316,-120.39041444916349,-0.0066428116663476144,0.14334661431570644,27.0,29.0,44.0,0.3509584465545827,0.9310344827586207,0.6206896551724138,0.3598639137904953,73.0
2025-09-15 14:00:00+00:00,114679.56,88989804.9915044,0.00013500304541747,-0.0033930650908142734,-0.26604365244399697,39.77527888920197,-246.7770763572189,-145.66774683077458,-0.006203651057836934,0.18151297936138072,21.0,21.0,29.0,0.14630484261683055,1.0,0.3333333333333333,0.14630484261683055,74.0
2025-09-15 15:00:00+00:00,114842.9,64720215.7332232,0.0014243165913785383,0.001062228864034065,-0.27272325476607295,42.663884760199466,-247.85178121959325,-166.10455370853833,-0.004446489671737663,0.27561591172236194,17.0,17.0,27.0,0.2949211875743726,1.0,0.5294117647058824,0.2949211875743726,65.0
2025-09-15 16:00:00+00:00,114662.57,41803563.2793591,-0.001570232030016494,-1.3168901716986703e-05,-0.3540880108979637,40.36218699023071,-260.25456387562735,-184.93455574195616,-0.005518519963716106,0.2261559017274863,17.0,19.0,25.0,0.152005028763884,0.8947368421052632,0.4736842105263158,0.14253836190875838,55.0
2025-09-15 17:00:00+00:00,115120.03,32616243.4217153,0.00398961928029351,0.0038408762642618832,-0.2197736062892066,48.022908881686796,-230.513444146025,-194.05033342276994,-0.0011442457136272566,0.44058710460163614,8.0,8.0,13.0,0.40204895846545696,1.0,0.75,0.40204895846545696,42.0
2025-09-15 18:00:00+00:00,115307.79,62013732.3411174,0.0016309933206235527,0.00404805172979783,0.9013143708582265,50.815521479468394,-189.60705752999638,-193.16167824421524,0.0007895939460329515,0.5431241080329161,5.0,8.0,9.0,0.19335730699822307,0.625,0.5,0.14608071111142634,30.0
2025-09-15 19:00:00+00:00,115307.78,79012995.4052793,-8.672440943158222e-08,0.0056270324308969055,0.2741209474484534,50.815364885374876,-155.3979277592589,-185.608928147224,0.000772235059825821,0.5421556543986451,5.0,5.0,7.0,-0.07082486152648926,1.0,0.0,-0.07082486152648926,18.0
2025-09-15 20:00:00+00:00,115379.99,37561005.5489394,0.0006262370154035413,0.002258164804161522,-0.5246224325975909,51.96644551221772,-121.06464457410038,-172.7000714325993,0.001264836763466226,0.5690589248579262,8.0,9.0,13.0,0.08804101124405861,0.8888888888888888,0.2222222222222222,0.034751873929053545,18.0
2025-09-15 21:00:00+00:00,115528.0,19729892.9748743,0.0012828047566999512,0.0019097582218861042,-0.4747240472790961,54.32596758056198,-80.97862903503119,-154.35578295308565,0.0024203843132664105,0.6312063195838509,16.0,18.0,21.0,0.1380000983675321,0.8888888888888888,0.2222222222222222,0.05849453154951334,29.0
2025-09-15 22:00:00+00:00,115288.01,27199686.1967407,-0.002077331902222923,-0.00017145417247654837,0.3786028252347371,50.03422863498202,-67.79387464933097,-137.04340129233472,0.0003702883039016225,0.5200928943935889,5.0,5.0,11.0,-0.1873924747109413,1.0,-0.4,-0.1873924747109413,29.0
2025-09-15 23:00:00+00:00,115349.71,20530385.527211,0.0005351814121867804,-0.00026243718689866746,-0.2451977063738653,51.10372256840913,-51.76942178704485,-119.98860539127675,0.0009472447063749723,0.5515335446959474,4.0,4.0,5.0,0.1482411716133356,1.0,0.0,0.1482411716133356,25.0
2025-09-16 00:00:00+00:00,115088.66,28123238.6990935,-0.002263117956690208,-0.0038028876116612542,0.3698349045525191,46.562571944914886,-59.449187529826304,-107.88072181898667,-0.0008978177896715733,0.4478524141606986,10.0,10.0,17.0,0.0939547024667263,1.0,0.2,0.0939547024667263,19.0
2025-09-16 01:00:00+00:00,115024.24,26780434.9710867,-0.0005597423760081988,-0.0022879222219204243,-0.04774712266870185,45.48834700274973,-69.92753177242412,-100.29008380967417,-0.0008083364121133085,0.4406183197774363,0.0,1.0,0.0,0.7685399055480957,0.0,1.0,0.0,14.0
2025-09-16 02:00:00+00:00,115034.47,17477426.8101756,8.893777520291302e-05,-0.002732906740727903,-0.34738077148317503,45.70257542932041,-76.52409741237352,-95.53688653021405,-0.00024375878965099407,0.4777754256742291,0.0,2.0,0.0,-0.38194260001182556,0.0,0.0,0.0,10.0
2025-09-16 03:00:00+00:00,115307.25,27210571.5792693,0.0023712892318277223,0.0018993183168523053,0.5568980419604406,51.20876468907822,-59.06004943898006,-88.24151911196725,0.0023444605899940463,0.7474796629787037,0.0,0.0,0.0,0.0,0.0,0.0,0.0,0.0
2025-09-16 04:00:00+00:00,115503.01,51432919.6766715,0.0016977249912732972,0.004162340042411783,0.8901815247371092,54.754780884131634,-29.088159437742434,-76.41084717712229,0.003712108595935071,0.87974723153967,0.0,2.0,0.0,0.11323891207575798,0.0,1.0,0.0,0.0
2025-09-16 05:00:00+00:00,115936.65,79340742.5819343,0.003754361033534881,0.007842692716365729,0.5426062350864556,61.44013568360701,29.317944232054288,-55.26508889528698,0.007013083791859165,1.1054883777646323,0.0,1.0,0.0,0.06753723323345184,0.0,0.0,0.0,0.0
2025-09-16 06:00:00+00:00,115770.35,52084399.2862441,-0.001434404047382709,0.004016226213009233,-0.3435352683716425,57.90646237895135,61.477507571849856,-31.916569601859614,0.005131525169089768,0.921841112351142,0.0,2.0,0.0,0.04364687576889992,0.0,0.0,0.0,0.0
2025-09-16 07:00:00+00:00,115840.0,36948547.0925883,0.0006016220906301939,0.0029175863035950655,-0.2906024145631896,58.970803392185594,91.5292736349511,-7.227400954497472,0.005400167992265503,0.912145081338326,0.0,1.0,0.0,-0.490655779838562,0.0,-1.0,0.0,0.0
2025-09-16 08:00:00+00:00,115658.76,53608872.3830909,-0.0015645718232044636,-0.002396912451757105,0.45090610054988023,55.06879196435753,99.5731442127726,14.132708078956544,0.0034188223495901227,0.7655603920992294,0.0,1.0,0.0,0.8625510931015015,0.0,1.0,0.0,0.0
2025-09-16 09:00:00+00:00,115477.27,33145658.765972,-0.0015691850751295977,-0.002531563565282502,-0.38171318864698456,51.4009866261495,90.26275057189923,29.35871657754508,0.0014909975989838564,0.6239717801284003,0.0,1.0,0.0,0.15110908448696136,0.0,1.0,0.0,0.0
2025-09-16 10:00:00+00:00,115372.46,33787624.8413011,-0.0009076245048050824,-0.00403608425414359,0.01936802885294142,49.35652028010701,73.57873560457665,38.2027203829514,0.00028147218144081165,0.5257122291187601,0.0,1.0,0.0,-0.8410362005233765,0.0,-1.0,0.0,0.0
2025-09-16 11:00:00+00:00,115287.83,34966227.8298595,-0.0007335372757069081,-0.0032071068373895617,0.03488268246419346,47.70648866144189,52.91759868597728,41.145696043556576,-0.0006450247414792054,0.4369033047924677,0.0,2.0,0.0,-0.029852084815502167,0.0,0.0,0.0,0.0
2025-09-16 12:00:00+00:00,115439.36,34253225.7321869,0.001314362496024124,-0.00032828971450404865,-0.020391164329820355,50.87331438210067,48.2149119413516,42.55953922311558,0.0003317039985093473,0.5386716423361197,9.0,11.0,14.0,0.4514906738292087,0.8181818181818182,0.7272727272727273,0.42693443679147297,9.0
2025-09-16 13:00:00+00:00,115200.0,122614907.6704964,-0.002073469568784847,-0.0014948108066691335,2.5796601648316657,46.121917084489276,24.886768059484893,39.02498499038944,-0.0017770404984642774,0.28944831021583173,23.0,28.0,31.0,0.042309120896139314,0.8214285714285714,0.2142857142857143,0.0103317114484051,32.0
2025-09-16 14:00:00+00:00,115296.86,69913882.1323022,0.0008407986111111931,7.832570011934159e-05,-0.42980928289582787,48.22906439960008,14.052846008911729,34.0305571940939,-0.0009330049453081246,0.3895582024565599,19.0,19.0,27.0,-0.18335569679344954,1.0,-0.15789473684210525,-0.18335569679344954,51.0
2025-09-16 15:00:00+00:00,115905.88,75404431.0554416,0.005282190685852228,0.004041255945979039,0.07853302885897984,59.0686091101472,53.98737607174553,38.02192096962423,0.004084067182793305,0.9435406034919906,16.0,16.0,22.0,0.03661369369365275,1.0,0.25,0.03661369369365275,58.0
2025-09-16 16:00:00+00:00,116068.06,80092227.3476458,0.0013992387616572621,0.007535243055555529,0.062168711129952925,61.38711248228606,97.59730844495061,49.93699846468951,0.00518943891889645,1.001154505438041,17.0,20.0,22.0,0.031307412497699263,0.85,0.10000000000000003,0.040363393943099415,52.0
2025-09-16 17:00:00+00:00,116461.54,145931742.1792644,0.003390079923796474,0.010101576053328731,0.8220462460837512,66.36507620466732,162.0411322878208,72.35782522931578,0.00818956199378551,1.1406763413238963,11.0,11.0,15.0,0.35915061069483106,1.0,0.5454545454545454,0.35915061069483106,44.0
2025-09-16 18:00:00+00:00,116418.86,56648807.7126473,-0.0003664729145775869,0.004425832408157415,-0.6118129827912341,65.38048932219449,207.28001270844834,99.34226272514229,0.007327021709857551,1.0115138121280318,9.0,10.0,14.0,0.27197515070438383,0.9,0.5,0.29555795507298577,37.0
2025-09-16 19:00:00+00:00,116800.12,61296010.3419136,0.003274898929606307,0.006307161505068715,0.08203531224945415,69.70438961789279,270.77531773647934,133.6288737274097,0.009992154280051624,1.090961576567878,7.0,9.0,13.0,-0.02652400152550803,0.7777777777777778,0.1111111111111111,-0.09144255199602672,27.0
2025-09-16 20:00:00+00:00,116839.47,42901651.853089,0.00033690033880118264,0.003245105637449175,-0.30009063210182096,70.11920520538447,320.57562432269333,171.01822384646644,0.009568199224758045,1.016541789772535,9.0,11.0,17.0,-0.05625736307014118,0.8181818181818182,-0.09090909090909088,-0.12325175851583481,25.0
2025-09-16 21:00:00+00:00,116800.51,34558249.1532842,-0.0003334489620674397,0.0032782489022826766,-0.19447742311591332,69.11023893074793,352.831754846673,207.38093004650779,0.008457663511101554,0.9388767935758402,5.0,6.0,6.0,0.07209619258840878,0.8333333333333334,0.0,0.1124859794974327,21.0
2025-09-16 22:00:00+00:00,116855.58,36537269.8895105,0.0004714876673055368,0.00047482827928613247,0.057266232656877136,69.77234106844922,378.4758257147769,241.5999091801616,0.008140564163029662,0.9133640724671607,7.0,9.0,9.0,0.3035409094558822,0.7777777777777778,0.7777777777777778,0.36804054996797014,21.0
2025-09-16 23:00:00+00:00,116788.96,30720217.931858,-0.0005701054241482595,-0.00043230254296766635,-0.15920871962364436,67.87691532962921,388.93980345230375,271.06788803459006,0.006922240360462739,0.8440557125289482,4.0,4.0,11.0,0.1408969759941101,1.0,0.25,0.1408969759941101,16.0
2025-09-17 00:00:00+00:00,116560.01,31468748.7645549,-0.0019603736517562753,-0.002059066351679406,0.024366065187338526,61.67594057934469,374.4418965121731,291.7426897301067,0.0044905922151905475,0.7226411537959457,4.0,5.0,6.0,0.25547816455364225,0.8,0.39999999999999997,0.09342652186751366,15.0
2025-09-17 01:00:00+00:00,116662.25,31227288.7787998,0.00087714474286682,-0.001654435329489612,-0.00767300878600774,63.28881710158496,366.97189082959085,306.7885299500035,0.00505744092731808,0.744619145702855,9.0,9.0,13.0,0.0037685930728912354,1.0,0.3333333333333333,0.0037685930728912354,17.0
2025-09-17 02:00:00+00:00,116686.43,86758738.5605836,0.00020726498931744608,-0.0008779083228416251,1.7782987878052383,63.678146995013954,358.86619531382166,317.2040630227672,0.0048692264867948865,0.7317969742642696,9.0,9.0,12.0,0.29240440680748886,1.0,0.4444444444444445,0.29240440680748886,22.0
2025-09-17 03:00:00+00:00,116372.04,44036563.7061494,-0.002694315011608439,-0.0016126457092788815,-0.49242503479463706,55.44478539069754,323.3463917580375,318.43252876982126,0.0019322609838405835,0.5921921098333437,9.0,9.0,17.0,0.04080637089080281,1.0,0.1111111111111111,0.04080637089080281,27.0
2025-09-17 04:00:00+00:00,116313.49,30489807.6611839,-0.0005031277272443679,-0.0029894846019170584,-0.307625184729702,54.043353733488594,287.1619714022381,312.17841729630464,0.0011459855401192431,0.5555733120036838,10.0,11.0,16.0,-0.33898143470287323,0.9090909090909091,-0.2727272727272727,-0.2768646255135536,28.0
2025-09-17 05:00:00+00:00,117108.3,104514221.0172734,0.0068333432347356116,0.0036154161199379864,2.427841270062481,66.44312832676115,318.9434999394143,313.5314338249266,0.007280110649834137,0.8476704051994143,9.0,9.0,13.0,0.04722650763061312,1.0,0.1111111111111111,0.04722650763061312,28.0
2025-09-17 06:00:00+00:00,117234.27,90177549.436854,0.0010756709814760956,0.007409253975439567,-0.13717436192774113,67.92047325397552,350.2577630390588,320.87669966775303,0.007556865351826758,0.8616381693017499,7.0,8.0,8.0,-0.055181137286126614,0.875,0.125,-0.10837057552167348,26.0
2025-09-17 07:00:00+00:00,117162.48,65402912.2825787,-0.0006123636032365765,0.007299153348420573,-0.27473176316044734,66.13355848964643,365.07335078904,329.7160298920104,0.006129363023889223,0.8076768162216693,7.0,7.0,10.0,0.2995446662285498,1.0,0.5714285714285714,0.2995446662285498,23.0
2025-09-17 08:00:00+00:00,116860.0,74308455.7904759,-0.0025817138729054,-0.002120259622930276,0.13616432658870092,59.080685631093,348.3911662536848,333.4510571643453,0.002920058478838916,0.6582767428606919,10.0,11.0,13.0,-0.06129872053861618,0.9090909090909091,0.18181818181818177,-0.08329362943768501,24.0
2025-09-17 09:00:00+00:00,116550.01,44386083.5027581,-0.0026526613041246705,-0.005836689220652058,-0.4026778913571899,52.85911861270845,306.6222619453183,328.0852981205399,-0.0003194688791715583,0.4790327385327332,12.0,13.0,16.0,0.04240495826189335,0.9230769230769231,0.46153846153846156,0.019231837863723438,29.0
2025-09-17 10:00:00+00:00,116359.14,41557332.6033079,-0.0016376660971543222,-0.006856631918341072,-0.06373058121414166,49.40899281259339,255.17696925990458,313.50363234841285,-0.002411086315998734,0.29153560518374394,23.0,25.0,29.0,0.1200047990679741,0.92,0.19999999999999996,0.16406862470118896,45.0
2025-09-17 11:00:00+00:00,116258.13,32800761.9572452,-0.0008680882309717308,-0.0051503508471675286,-0.21071060382171136,47.63696521710646,203.9050508395885,291.58391604664797,-0.003427562275903351,0.17355363098012927,12.0,12.0,16.0,0.26142378073806566,1.0,0.5833333333333333,0.26142378073806566,47.0
2025-09-17 12:00:00+00:00,116204.94,45003609.263755,-0.00045751639046665016,-0.002960703306674861,0.3720293852446428,46.68742212827318,157.16796317877015,264.70072547307245,-0.003941946461472612,0.10927304200086228,15.0,16.0,16.0,0.0908687214832753,0.9375,0.125,0.1520605074862639,50.0
2025-09-17 13:00:00+00:00,116107.19,77205608.6779156,-0.0008411862697058625,-0.0021652789802331096,0.7155425962711717,44.915524897903865,110.96177810915106,233.9529360002882,-0.004628653077034306,0.07262442383353393,15.0,19.0,21.0,0.23998442998057917,0.7894736842105263,0.3684210526315789,0.29234933356444043,42.0
2025-09-17 14:00:00+00:00,115606.61,140573642.1822756,-0.004311360907106598,-0.005604081194149679,0.8207698195699376,37.14159535806227,33.56352168013109,193.87505313625678,-0.00857487815869662,-0.14622407901684253,15.0,15.0,25.0,0.1171034666399161,1.0,0.2,0.1171034666399161,45.0
2025-09-17 15:00:00+00:00,115875.32,67327430.5980052,0.0023243480627967994,-0.0028365403398512568,-0.5210522431317194,42.85885693853121,-6.023072635260178,153.89542798195342,-0.005876243932253278,0.08753383472122929,25.0,25.0,31.0,0.09222645185887814,1.0,0.12,0.09222645185887814,55.0
2025-09-17 16:00:00+00:00,115640.77,76210618.6839004,-0.0020241583798862317,-0.004017150014568371,0.13194010237720843,39.48309230200263,-55.680112937800004,111.98031979800274,-0.0073781041024852945,0.02783828748673128,15.0,18.0,23.0,-0.0542758149612281,0.8333333333333334,0.1111111111111111,-0.08355684652924537,55.0
2025-09-17 17:00:00+00:00,115504.48,80767905.5071013,-0.0011785635809932193,-0.0008834269943561734,0.05979858059023502,37.628446008428725,-104.82280704448931,68.61969442950434,-0.007996185356495933,0.03261588942655909,10.0,12.0,12.0,0.11824008046338956,0.8333333333333334,0.5,0.16309561990201474,50.0
2025-09-17 18:00:00+00:00,115226.93,395906451.0396723,-0.0024029370981973885,-0.005595583252758329,3.9017793460654158,34.11409075360348,-164.27109664893942,22.041536213815583,-0.009687304711147315,-0.009747013894210992,10.0,11.0,12.0,-0.020178572698072952,0.9090909090909091,-0.09090909090909088,-0.03258726745843887,35.0
2025-09-17 19:00:00+00:00,115652.02,110428213.9482861,0.0036891549570921,9.728402880737619e-05,-0.7210749820865624,42.90882462464928,-175.06504324330308,-17.37977967760815,-0.00554802931888998,0.21375139970493748,12.0,13.0,17.0,-0.040841191004102044,0.9230769230769231,0.07692307692307693,0.02080740888292591,32.0
2025-09-17 20:00:00+00:00,115621.47,52732219.0553146,-0.0002641544868823287,0.001012861146165056,-0.522475125061705,42.470063562770804,-183.96383281733142,-50.6965903055528,-0.0054093918637045935,0.228270197335849,5.0,5.0,9.0,0.03473497927188873,1.0,0.2,0.03473497927188873,27.0
2025-09-17 21:00:00+00:00,116038.39,38911404.8745251,0.0036059046818899265,0.007042277356517301,-0.2620943026556849,49.98624297676854,-155.58078951700008,-71.67343014784227,-0.0015550840448840253,0.42104931009988894,9.0,11.0,14.0,0.21426784416491335,0.8181818181818182,0.3636363636363636,0.2714569249914752,26.0
2025-09-17 22:00:00+00:00,116559.69,86245192.1893079,0.0044924787391482646,0.007848284880800138,1.216450227572527,57.46851465737421,-89.98517679434735,-75.33577947714329,0.0029850975904042176,0.6527513646681916,6.0,8.0,10.0,0.33176581747829914,0.75,0.625,0.2951205273469289,20.0
2025-09-17 23:00:00+00:00,116447.59,97642944.5399218,-0.00096173900256602,0.007145039757754379,0.1321552200335514,55.54416063174139,-46.50958076611278,-69.57053973493719,0.0019879180558439735,0.6014958518848623,3.0,3.0,5.0,0.11444610357284546,1.0,0.3333333333333333,0.11444610357284546,18.0
2025-09-18 00:00:00+00:00,116350.65,51518554.1719145,-0.0008324775119863403,0.0026910059679385867,-0.47237811790025563,53.86443182745057,-19.650585806492018,-59.586548949248154,0.0011377800622121015,0.5580536798959035,4.0,4.0,8.0,0.11010149493813515,1.0,0.5,0.11010149493813515,13.0
2025-09-18 01:00:00+00:00,116634.84,51404424.7913976,0.002442530402709364,0.0006447340414168501,-0.0022153063561538566,57.8853430874361,24.28715196310077,-42.81180876677838,0.0037875550758550425,0.703339419986305,2.0,2.0,2.0,0.4381293635815382,1.0,0.5,0.4381293635815382,9.0
2025-09-18 02:00:00+00:00,116950.47,37137565.9656896,0.00270613823451038,0.004318509296757478,-0.2775414545266057,61.86102639926271,83.61299036418495,-17.52684894058571,0.006626874810273575,0.8724341123177822,6.0,8.0,7.0,0.06416554376482964,0.75,0.25,0.1468600332736969,12.0
2025-09-18 03:00:00+00:00,117581.66,220901850.1529643,0.005397071084878968,0.010580172951333067,4.948204854272076,68.30477850546879,179.49183252613875,21.876887352759177,0.011877168727103093,1.1132086309512168,2.0,3.0,4.0,0.2599928329388301,0.6666666666666666,0.3333333333333333,0.5428525283932686,10.0
2025-09-18 04:00:00+00:00,117605.16,71953719.8148844,0.00019986110078740182,0.00831929807594367,-0.6742728964693605,68.51804564518578,254.43973641339107,68.38945716488556,0.01175500192177692,1.0455646703537094,10.0,12.0,19.0,0.35067572972426814,0.8333333333333334,0.5833333333333333,0.39163204543292524,18.0
2025-09-18 05:00:00+00:00,117273.36,39920601.5898801,-0.0028213047794841684,0.00276091237598286,-0.4451905795477429,62.15852932030922,283.79162992720376,111.46989171734921,0.008586712628762871,0.8765455536470307,5.0,5.0,12.0,0.5454426020383835,1.0,1.0,0.5454426020383835,17.0
2025-09-18 06:00:00+00:00,117102.43,55533801.826744,-0.0014575347717504794,-0.0040757206523535094,0.39110633645415427,59.11456063806611,289.9185934502457,147.1596320639285,0.00679486455859446,0.7876173125631493,14.0,16.0,22.0,0.0684715008828789,0.875,0.125,0.07505257241427898,29.0
2025-09-18 07:00:00+00:00,117086.01,42477740.908109,-0.0001402191226945737,-0.004414347125585416,-0.2351011544170465,58.81658633832801,290.1051478520676,175.74873522155633,0.006295564863072922,0.7589818147131077,14.0,14.0,25.0,0.11798506855432477,1.0,0.21428571428571427,0.11798506855432477,33.0
2025-09-18 08:00:00+00:00,117229.59,44972839.0687463,0.001226278015622917,-0.0003732305444306139,0.05873895615199687,60.68284528538801,298.3989423509047,200.278776647426,0.007086125188991987,0.7820235569723215,8.0,8.0,10.0,0.3215550724416971,1.0,0.625,0.3215550724416971,36.0
2025-09-18 09:00:00+00:00,117298.81,30535599.9162776,0.0005904652571078195,0.0016769933809230864,-0.3210212975525,61.58660826014206,307.01819510808855,221.62666033955855,0.007165263608111649,0.7771476449164368,24.0,27.0,43.0,0.11973271463756208,0.8888888888888888,0.18518518518518517,0.14998569743086895,46.0
2025-09-18 10:00:00+00:00,117190.47,27732211.5598279,-0.0009236240333554413,0.0008921646574173714,-0.0918072140104016,59.289445475204936,301.62988094225875,237.62730446009863,0.00555127029364999,0.7181012739497856,16.0,18.0,24.0,0.19974344917055634,0.8888888888888888,0.33333333333333337,0.2694771917304024,48.0
2025-09-18 11:00:00+00:00,117063.4,33403616.622819,-0.0010843031860867658,-0.0014176454937699923,0.20450605068968009,56.62180043309127,283.8342515423574,246.8686938765504,0.00394921963761119,0.6570093453718124,13.0,14.0,19.0,0.09477300609328917,0.9285714285714286,0.14285714285714285,0.09779098672935596,53.0
2025-09-18 12:00:00+00:00,117124.69,29243079.3203573,0.0005235624456492172,-0.0014844140362548774,-0.12455349818676553,57.612450421473575,271.54645925988734,251.80424695321778,0.003836095334058598,0.6583343718815078,19.0,20.0,27.0,0.24176409635692836,0.95,0.3,0.22320400825456568,48.0
2025-09-18 13:00:00+00:00,117432.04,75932135.739433,0.002624126475809563,0.002061345090603295,1.5965848161063376,62.26624320448343,283.3426737478585,258.11193231214594,0.005639606529336705,0.7454592798362298,14.0,17.0,14.0,0.4582481361268198,0.8235294117647058,0.7647058823529411,0.44501783246440546,46.0
2025-09-18 14:00:00+00:00,117640.54,83729091.9579246,0.0017754950011938941,0.00493014896201549,0.10268322025403664,65.06811511033084,305.98822442934033,267.68719073558486,0.00638505785455612,0.8139138345053698,13.0,13.0,15.0,0.18666854715691164,1.0,0.3846153846153846,0.18666854715691164,46.0
2025-09-18 15:00:00+00:00,117583.56,94942160.0745494,-0.000484356838212352,0.003917790518805253,0.13392081359558494,63.67656475829682,315.698006593695,277.2893539072069,0.005067230063958483,0.7749178653564072,19.0,19.0,34.0,0.24386818628562124,1.0,0.368421052631579,0.24386818628562124,46.0
2025-09-18 16:00:00+00:00,117565.6,56874993.407188,-0.0001527424412051115,0.0011373386683908304,-0.4009511331685601,63.21764413219634,318.27498114875925,285.48647935551736,0.004079433538622945,0.764421344590209,7.0,9.0,16.0,0.28113261196348405,0.7777777777777778,0.5555555555555556,0.3473670312336513,39.0
2025-09-18 17:00:00+00:00,117579.93,56371217.0310833,0.00012188939621782247,-0.0005152135479826736,-0.00885760763958221,63.44402559274738,317.81004689818656,291.9511928640512,0.003541206104557215,0.7634423030785173,7.0,8.0,12.0,0.1676681349053979,0.875,0.375,0.17892403049128397,33.0
2025-09-18 18:00:00+00:00,117822.97,55896624.9464854,0.0020670194309522216,0.0020360839559543376,-0.008419049819985425,67.13813514307878,333.2118215235387,300.20331859594876,0.005073707165576424,0.8784682529622609,0.0,3.0,0.0,0.41943418979644775,0.0,0.6666666666666666,0.0,14.0
2025-09-18 19:00:00+00:00,117450.21,45973207.3956216,-0.003163729449359498,-0.0009814945868519276,-0.17753160517945998,57.53487280137872,311.74561279384943,302.51177743552887,0.0014656630546279192,0.6221102495281413,5.0,7.0,11.0,0.3282992315611669,0.7142857142857143,0.42857142857142855,0.3596279125660658,12.0
2025-09-18 20:00:00+00:00,117521.14,22620174.4585813,0.0006039154804404756,-0.0005000002976698337,-0.5079704954252202,58.744135214994174,297.03293515327096,301.4160089790773,0.0015706575506666542,0.6625513996634868,4.0,7.0,5.0,0.2701669316738844,0.5714285714285714,0.42857142857142855,0.29126859549432993,9.0
2025-09-18 21:00:00+00:00,117299.21,21965787.0541691,-0.0018884262014475794,-0.004445313167712461,-0.028929370355229356,53.600958813148296,264.4171001339855,294.01622721005896,-0.000603667566420496,0.42424101635843775,10.0,13.0,21.0,0.20317353480137312,0.7692307692307693,0.6153846153846154,0.17665924802422522,19.0
2025-09-18 22:00:00+00:00,117061.02,40494476.8069949,-0.002030618961542885,-0.003313659464721286,0.843524964852514,48.67526487217532,216.84917127119843,278.58281602228686,-0.002680029127010042,0.1504208764499746,5.0,5.0,9.0,0.2986528858542442,1.0,0.4,0.2986528858542442,19.0
2025-09-18 23:00:00+00:00,117073.53,75977872.9048672,0.00010686734149412125,-0.00380876155558052,0.8762527360704906,48.940657315743216,178.10758402802458,258.4877696234344,-0.0023575037699025136,0.19786358414097435,3.0,3.0,4.0,0.23574618498484293,1.0,0.3333333333333333,0.23574618498484293,18.0
2025-09-19 00:00:00+00:00,117424.2,38557334.0955841,0.0029952970581821337,0.001065565573715288,-0.49251890555211786,55.834631898694916,173.69844776594255,241.52990525193604,0.0007078890079428302,0.593484968106743,11.0,12.0,21.0,0.2864570973130564,0.9166666666666666,0.75,0.3107251538471742,19.0
2025-09-19 01:00:00+00:00,117241.32,31511678.0616566,-0.0015574302401037965,0.0015402223558278472,-0.1827319289363013,51.899073625236625,153.67580883964547,223.95908596947794,-0.0008370026458301982,0.38976222585306136,7.0,8.0,13.0,0.14952477160841227,0.875,0.125,0.11871107667684555,21.0
2025-09-19 02:00:00+00:00,117112.8,46324444.2625184,-0.0010962005545485098,0.0003354302206486359,0.4700722751698192,49.27073729347866,125.98495715849276,204.36426020728092,-0.0019366959203324097,0.24430430879268655,5.0,6.0,14.0,0.2601766288280487,0.8333333333333334,0.3333333333333333,0.27224517464637754,23.0
2025-09-19 03:00:00+00:00,116977.58,39008567.6131979,-0.0011546133300543993,-0.0038034749225457354,-0.15792691668057102,46.596910020250064,92.06733880819229,181.9048759274632,-0.0030430103924007357,0.11109722373317464,5.0,5.0,6.0,-0.06665457636117936,1.0,-0.2,-0.06665457636117936,17.0
2025-09-19 04:00:00+00:00,116990.65,44114269.1006579,0.00011173081200688273,-0.0021380687286701727,0.1308866692591033,46.896884032673704,65.4871268379211,158.62132610955476,-0.0028300878406007923,0.1550382384063934,5.0,6.0,8.0,-0.15816882501045862,0.8333333333333334,0.0,-0.19643732905387878,15.0
2025-09-19 05:00:00+00:00,116894.83,35806906.18857,-0.0008190398121559195,-0.0018611970681258194,-0.1883146447044729,44.90538134557941,36.272121712056105,134.15148523005504,-0.0034752418223502612,0.10515066329191794,9.0,10.0,11.0,-0.021085958182811736,0.9,-0.09999999999999998,0.0739959826072057,19.0
2025-09-19 06:00:00+00:00,116669.75,50269840.7270178,-0.0019254914866637662,-0.0026315299051322683,0.40391466557545086,40.54939317633612,-4.985584545676829,106.32407127490868,-0.005173233908084995,-0.019226767604488305,9.0,11.0,15.0,0.23083131624893707,0.8181818181818182,0.4545454545454545,0.30048322263691163,23.0
2025-09-19 07:00:00+00:00,116909.97,49524395.0060825,0.0020589741556831243,-0.0006896277608509083,-0.014828885672889314,46.51280825127387,-18.090333499203552,81.44119032008624,-0.003059697638016612,0.20052620237587138,8.0,8.0,10.0,0.3316407594829798,1.0,0.5,0.3316407594829798,26.0
2025-09-19 08:00:00+00:00,116915.88,33209364.9297422,5.055171941292791e-05,0.0001800763985884135,-0.32943421266098283,46.65458299240296,-27.679976314670057,59.61695699313498,-0.0029205300895599473,0.2219363498101741,16.0,17.0,22.0,0.42896466044818654,0.9411764705882353,0.6470588235294118,0.41515564545989037,33.0
2025-09-19 09:00:00+00:00,116488.0,42186188.0280012,-0.0036597252657210033,-0.0015578159720064377,0.2703099898853949,38.664052276413386,-69.01066540012835,33.89143251448232,-0.006169503461294412,-0.020290850941291714,13.0,13.0,20.0,0.013688481771028958,1.0,0.3076923076923077,0.013688481771028958,37.0
2025-09-19 10:00:00+00:00,116532.68,33696959.2698548,0.00038355882150953313,-0.0032271841315160144,-0.20123242120173668,39.82306247160513,-97.04159655938565,7.704826699708722,-0.005318232738939277,0.07039048706118087,15.0,16.0,22.0,0.2891130461357534,0.9375,0.5625,0.25157470057408016,44.0
2025-09-19 11:00:00+00:00,116394.72,35997718.577512,-0.0011838739141671883,-0.004457563848469515,0.06827795022191974,37.46873988920549,-128.90262129601615,-19.616662899436257,-0.005991474564061683,0.0436709798359823,8.0,10.0,9.0,0.10899135954678059,0.8,0.30000000000000004,0.058489200193434954,36.0
2025-09-19 12:00:00+00:00,116162.45,56822193.8421223,-0.0019955372546108796,-0.0027947084678250356,0.578494307070323,33.84127929655354,-170.92464784126787,-49.87825988780258,-0.007380333874460465,-0.01556205411818494,14.0,17.0,23.0,0.09684736522681572,0.8235294117647058,0.11764705882352944,0.05598525569907257,37.0
2025-09-19 13:00:00+00:00,116284.64,50577860.7025559,0.00105188897100561,-0.0021285016357642794,-0.10989250356851721,37.28127623673421,-192.15267835007398,-78.33314358025686,-0.005785991191835871,0.10490489327235021,18.0,20.0,23.0,0.006058995332568884,0.9,0.15000000000000002,0.06242700655841165,40.0
2025-09-19 14:00:00+00:00,115899.99,98288690.4738765,-0.003307831541637829,-0.004250450535900563,0.9433145077429024,31.694408784876984,-237.27888255666767,-110.12229137553902,-0.008259415673841697,-0.048812688910460096,18.0,20.0,39.0,0.08332097576931119,0.9,0.2,0.07354182232585219,50.0
2025-09-19 15:00:00+00:00,115884.03,102689255.2087438,-0.00013770492991416194,-0.0023968158385089255,0.04477183197426848,31.483587891436613,-271.2033002962271,-142.33849315967663,-0.0077310841305304745,0.01680600610191463,14.0,14.0,31.0,0.03688476447548185,1.0,0.0,0.03688476447548185,50.0
2025-09-19 16:00:00+00:00,116088.68,41210580.2956649,0.0017659896708803746,-0.0016851752733637593,-0.5986865401653445,37.24759994705157,-278.36626803752733,-169.54404813524678,-0.005368760726234489,0.15857424922604324,13.0,14.0,20.0,0.3648561766105039,0.9285714285714286,0.4285714285714286,0.32876579291545427,45.0
2025-09-19 17:00:00+00:00,115542.73,41729512.2944102,-0.004702870254016167,-0.00308248516673737,0.01259220314351861,29.997538441842394,-324.3575815893855,-200.50675482607454,-0.009300917500377093,-0.03755090330256798,8.0,8.0,10.0,0.3662193042691797,1.0,0.5,0.3662193042691797,35.0
2025-09-19 18:00:00+00:00,115407.49,44895298.1552752,-0.0011704760654347446,-0.004112214599371389,0.07586443470821669,28.516790891381532,-367.48265537971747,-233.90193493680314,-0.009758530960061185,-0.008465772755982946,7.0,9.0,10.0,-0.0007255470587147607,0.7777777777777778,0.0,-0.005348979894604001,28.0
2025-09-19 19:00:00+00:00,115125.12,35616882.5094451,-0.002446721612262892,-0.008300206359483142,-0.2066678700682576,25.667852755564894,-419.6075119917368,-271.04305034778986,-0.011354961795596696,-0.02933039562578696,9.0,12.0,23.0,0.4665509633099039,0.75,0.5833333333333333,0.4615917570061154,24.0
2025-09-19 20:00:00+00:00,115342.57,39071092.367803,0.0018888145350033358,-0.0017323461199159063,0.09698237507007779,31.35527024102886,-438.3177841294528,-304.4979971041225,-0.008601475560765737,0.10065786676306662,8.0,9.0,11.0,-0.029053053094281092,0.8888888888888888,-0.2222222222222222,-0.03492425102740526,24.0
2025-09-19 21:00:00+00:00,115465.39,20597568.0579261,0.0010648280162302015,0.0005017005395402396,-0.47281821905497146,34.40796848471146,-438.1841479509894,-331.23522727349587,-0.006787758899392093,0.18115104057632145,13.0,15.0,18.0,0.1291728710134824,0.8666666666666667,0.26666666666666666,0.14080216735601425,30.0
2025-09-19 22:00:00+00:00,115613.21,16165884.3069503,0.001280210459601916,0.004239648132397189,-0.21515567947209457,37.98266024002821,-421.29398686585773,-349.24697919196825,-0.00487442201300925,0.26433782192118876,5.0,5.0,6.0,0.3692408472299576,1.0,0.6,0.3692408472299576,26.0
2025-09-19 23:00:00+00:00,115632.38,17919917.3780702,0.00016581150199002082,0.00251260224217309,0.10850214178297568,38.45112961108619,-401.7306528320187,-359.74371391997835,-0.004132879751593488,0.29410695970022577,3.0,3.0,5.0,0.3483374168475469,1.0,0.6666666666666666,0.3483374168475469,21.0
2025-09-20 00:00:00+00:00,115723.73,25541621.6099609,0.0007900036304708813,0.0022373803959783167,0.42532027749290213,40.74802910170696,-374.5379477874958,-362.7025606934818,-0.002802111578607658,0.35266917557222544,5.0,5.0,6.0,-0.10455525070428848,1.0,-0.2,-0.10455525070428848,13.0
2025-09-20 01:00:00+00:00,115623.51,20647554.5656759,-0.00086602808257219,8.909016538849457e-05,-0.19161144578135858,39.02726797948881,-356.9596410114318,-361.55397675707184,-0.0031196699624450597,0.32709219559533903,2.0,2.0,2.0,0.047402918338775635,1.0,0.5,0.047402918338775635,10.0
2025-09-20 02:00:00+00:00,115606.39,17878123.4301187,-0.0001480667729253371,-0.00022476403235849318,-0.1341287718479287,38.726414311754276,-340.48524520668434,-357.3402304469944,-0.0028101602645643764,0.3385946640775431,4.0,4.0,4.0,0.08089482225477695,1.0,0.0,0.08089482225477695,11.0
2025-09-20 03:00:00+00:00,115445.0,18821200.7757097,-0.0013960300983362206,-0.0024085811959223546,0.05275035432422559,35.915625963547384,-336.57219726615585,-353.1866238108267,-0.0035727026115841554,0.2759527318157671,3.0,3.0,4.0,0.3091085950533549,1.0,0.3333333333333333,0.3091085950533549,9.0
2025-09-20 04:00:00+00:00,115568.41,16633922.5212489,0.0010689938931960352,-0.0004765466815528363,-0.11621353390393996,39.5298912055621,-319.82616600485926,-346.5145322496332,-0.0019271353430988514,0.35927676662897035,6.0,6.0,6.0,-0.1397026628255844,1.0,0.0,-0.1397026628255844,13.0
2025-09-20 05:00:00+00:00,115717.49,25951046.8017736,0.0012899718876464572,0.0009610195422589118,0.5601279114185242,43.66334109498823,-291.1688917573483,-335.4454041511762,-0.0003070373176967678,0.47551599023237306,2.0,2.0,3.0,0.2530510872602463,1.0,0.0,0.2530510872602463,11.0
2025-09-20 06:00:00+00:00,115700.46,18492467.3957562,-0.00014716876420317604,0.002212828619689189,-0.2874095778482296,43.29923155073103,-266.75696587389393,-321.70771649571975,-9.471407443917279e-05,0.4913230260001912,8.0,9.0,11.0,0.044600884740551315,0.8888888888888888,0.2222222222222222,0.04577521770261228,16.0
2025-09-20 07:00:00+00:00,115968.56,26777634.7349628,0.0023171904415937306,0.0034624513740388885,0.4480293063059797,50.32253416278985,-223.2039531062328,-302.00696381782234,0.0024068478834511353,0.7473342402823315,3.0,4.0,5.0,0.2945300224237144,0.75,0.75,0.38425683975219727,13.0
2025-09-20 08:00:00+00:00,115701.43,21282598.1421463,-0.0023034691471550683,-0.00013878628027630402,-0.20520993161661827,44.418764026406066,-207.8471031816589,-283.17499169058965,0.00029714163955962825,0.5330638004580296,6.0,6.0,7.0,-0.04483393828074137,1.0,0.3333333333333333,-0.04483393828074137,17.0
2025-09-20 09:00:00+00:00,115672.8,22705232.3096874,-0.0002474472441696962,-0.00023906560094921758,0.06684494806692931,43.82532588214382,-195.73062984265562,-265.6861193210028,0.0003141872150826952,0.5416622365483929,7.0,7.0,8.0,0.1404248167361532,1.0,0.5714285714285714,0.1404248167361532,16.0
2025-09-20 10:00:00+00:00,115747.54,19719590.9409911,0.0006461328851725678,-0.0019058613817400927,-0.13149574194942049,45.85886609097299,-178.0449526700104,-248.15788599080435,0.0010265085582537026,0.640483098567908,8.0,8.0,12.0,-0.24545046780258417,1.0,-0.25,-0.24545046780258417,21.0
2025-09-20 11:00:00+00:00,115894.06,28120629.5180236,0.0012658584363867131,0.0016648886707797406,0.42602499221062784,49.702870708254316,-150.47144545304764,-228.620597883253,0.0022893193269986067,0.8123952924878308,10.0,10.0,12.0,-0.05396731197834015,1.0,0.09999999999999998,-0.05396731197834015,25.0
2025-09-20 12:00:00+00:00,115874.49,18013025.618523,-0.00016886111333047626,0.0017436251218956311,-0.3594373267149743,49.200407974971796,-128.71463557705283,-208.63940542201297,0.002212895813562543,0.8315554747209727,4.0,5.0,8.0,0.1661984831094742,0.8,0.6000000000000001,0.15269015356898308,22.0
2025-09-20 13:00:00+00:00,115915.8,14368168.2677413,0.0003565064234587467,0.0014536810026373193,-0.20234564853078607,50.3416139489254,-106.90648384427186,-188.29282110646477,0.0024084661304955013,0.8438783667465938,7.0,7.0,16.0,0.21635793229298933,1.0,0.2857142857142857,0.21635793229298933,21.0
2025-09-20 14:00:00+00:00,115970.36,24305689.2122073,0.0004706864810490874,0.0006583598848810546,0.6916345047807679,51.87920367225613,-84.24965289869579,-167.48418746491097,0.0026362672651516483,0.8671471023938397,4.0,4.0,5.0,0.2932209074497223,1.0,0.25,0.2932209074497223,15.0
2025-09-20 15:00:00+00:00,115986.69,40367689.0365746,0.0001408118419223836,0.0009682890513693643,0.660832930271334,52.3547187244515,-64.23578645533416,-146.8345072629956,0.002404114369682908,0.8898722558339471,8.0,8.0,9.0,0.0817732538562268,1.0,0.125,0.0817732538562268,19.0
2025-09-20 16:00:00+00:00,116027.94,26240755.248662,0.0003556442553882544,0.0009674263560273122,-0.34995646580395234,53.601968599800585,-44.53277671815886,-126.37416115402826,0.0024637216686222985,0.9182670345790277,3.0,4.0,4.0,0.26244005281478167,0.75,0.25,0.1829522413512071,15.0
2025-09-20 17:00:00+00:00,115821.72,21917689.9130673,-0.0017773305291811647,-0.0012817068085327898,-0.16474622375112957,46.98065504103788,-45.03904798711301,-110.10713852064522,0.0005279991706330645,0.596263685663834,8.0,8.0,8.0,-0.09255409380421042,1.0,0.0,-0.09255409380421042,19.0
2025-09-20 18:00:00+00:00,115711.51,22221824.6701967,-0.0009515486387182692,-0.0023725136047938467,0.013876223193945103,43.86227212161651,-53.71411467375583,-98.82853375126734,-0.00046649039396351455,0.41322532010462654,3.0,3.0,4.0,-0.1503521849711736,1.0,0.0,-0.1503521849711736,14.0
2025-09-20 19:00:00+00:00,115702.0,33668791.478692,-8.218715666219456e-05,-0.0028091509682927063,0.5151227218459544,43.59338182233853,-60.65732515844866,-91.19429203270361,-0.0005786912142525802,0.39076766766970256,4.0,4.0,5.0,0.39645494148135185,1.0,1.0,0.39645494148135185,15.0
2025-09-20 20:00:00+00:00,115721.1,18891408.5089258,0.000165079255328493,-0.0008687489704003459,-0.4389044667409099,44.33150865802163,-63.882264140382176,-85.73188645423934,-0.000412572074755313,0.4221442497247095,6.0,6.0,8.0,0.4131375253200531,1.0,0.5,0.4131375253200531,13.0
2025-09-20 21:00:00+00:00,115786.31,23208180.2855888,0.0005635100253971181,0.0006464352595521028,0.22850449582006638,46.88695995655937,-60.478985403853585,-80.6813062441622,8.038729418480273e-05,0.5155410511588918,1.0,2.0,1.0,0.016917182132601738,0.5,0.0,-0.017465155571699142,11.0
2025-09-20 22:00:00+00:00,115776.06,19590578.1243171,-8.85251460212011e-05,0.0006400926518124184,-0.15587616593611453,46.525431146423635,-57.94104354015144,-76.13325370336005,-8.141348527301862e-05,0.48369405817310385,3.0,3.0,4.0,0.3909412920475006,1.0,0.3333333333333333,0.3909412920475006,10.0
2025-09-20 23:00:00+00:00,115685.63,15898850.1311384,-0.0007810768478387908,-0.00030651281399851626,-0.18844405559406574,43.349655349029646,-62.506119931378635,-73.40782694896377,-0.0009662383264552599,0.2749229828539414,2.0,2.0,3.0,0.2600376009941101,1.0,0.0,0.2600376009941101,6.0
2025-09-21 00:00:00+00:00,115660.01,23699016.6774874,-0.00022146225075669879,-0.001090802530972823,0.4906119928177779,42.46526390260731,-67.41418696231267,-72.20909895163356,-0.0012269898598901152,0.19701017157328007,3.0,4.0,3.0,0.5259736068546772,0.75,0.75,0.5120956152677536,8.0
2025-09-21 01:00:00+00:00,115500.0,22308946.2413404,-0.0013834513761497025,-0.0023844307709209867,-0.05865519464642943,37.341352500056296,-83.2556162661931,-74.41840241454547,-0.002515074037541476,-0.04521647045645697,1.0,1.0,1.0,0.6981214284896851,1.0,1.0,0.6981214284896851,6.0
2025-09-21 02:00:00+00:00,115690.76,37116906.3517266,0.0016516017316017262,4.434431484701129e-05,0.6637677974652956,45.746082375530435,-79.50088861233962,-75.4348996541043,-0.0008634412500962974,0.3133080738249908,1.0,1.0,1.0,-0.9611653089523315,1.0,-1.0,-0.9611653089523315,5.0
2025-09-21 03:00:00+00:00,115669.41,23119978.5977133,-0.00018454369216691635,8.127268880575578e-05,-0.37710383568543804,45.018257864807495,-77.35629129251174,-75.81917798178578,-0.000918767285188915,0.2951710091789309,1.0,1.0,1.0,0.5103930830955505,1.0,1.0,0.5103930830955505,3.0
2025-09-21 04:00:00+00:00,115494.23,14036679.5482784,-0.0015144885756744886,-4.99567099567777e-05,-0.3928766201510796,39.46938857990624,-88.7689709844708,-78.40913658232279,-0.0023425907119536404,0.025732044201749824,0.0,1.0,0.0,0.08965285122394562,0.0,0.0,0.0,2.0
2025-09-21 05:00:00+00:00,115663.48,27406761.0894541,0.0014654411739876139,-0.00023580102680631487,0.952510278174409,46.34982226682679,-83.19749244132254,-79.36680775412273,-0.0008765606137022264,0.32292853564404694,2.0,2.0,3.0,0.29449843615293503,1.0,0.0,0.29449843615293503,3.0
2025-09-21 06:00:00+00:00,115687.2,23363568.3081893,0.00020507769608868465,0.000153800386809122,-0.1475253777003438,47.25471087482948,-75.99206062042504,-78.6918583273832,-0.0006456180787161037,0.3704583450901896,4.0,4.0,7.0,-0.16024893149733543,1.0,0.0,-0.16024893149733543,6.0
2025-09-21 07:00:00+00:00,115815.97,28510215.4129415,0.001113087705467919,0.002785766873375506,0.22028514809307698,51.9889466651008,-59.208522178189014,-74.79519109754438,0.0005004965810861961,0.6022604002090904,4.0,5.0,4.0,0.4668241947889328,0.8,0.8,0.48775630816817284,10.0
2025-09-21 08:00:00+00:00,115629.6,21147484.514988,-0.0016091908568395263,-0.00029291873286185766,-0.2582488694424726,45.608410986874986,-60.25140776130138,-71.88643443029578,-0.001003829176022819,0.29490470285792475,2.0,2.0,2.0,0.35555223748087883,1.0,0.5,0.35555223748087883,10.0
2025-09-21 09:00:00+00:00,115683.54,38794618.6874215,0.00046648954938866005,-3.163703503938908e-05,0.834479115467673,47.612395155745745,-56.07895164823276,-68.72493787388318,-0.00043751985584628006,0.4073593538881066,5.0,5.0,7.0,-0.5188406795263291,1.0,-0.6,-0.5188406795263291,11.0
2025-09-21 10:00:00+00:00,115522.31,12904013.9600062,-0.0013937159945139888,-0.002535574325371548,-0.6673761878167368,42.5642989837848,-65.03250937562552,-67.98645217423166,-0.0016373744370966614,0.14322516371495417,5.0,6.0,6.0,-0.058025406983991466,0.8333333333333334,0.16666666666666669,-0.15695724748075007,12.0
2025-09-21 11:00:00+00:00,115603.45,18101484.9428118,0.0007023751516048726,-0.00022615316493357351,0.40277939863629086,45.68533329023354,-64.83358726030565,-67.35587919144646,-0.0007706758352499232,0.3120551992395159,7.0,7.0,11.0,0.05329505966178009,1.0,0.0,0.05329505966178009,17.0
2025-09-21 12:00:00+00:00,115683.59,21285038.0446364,0.000693231906141234,4.3221360623846294e-07,0.1758724829417273,48.65310067389541,-57.54595782796969,-65.3938949187511,7.085344355939327e-05,0.5226946617039436,7.0,7.0,9.0,0.05515773195241179,1.0,0.0,0.05515773195241179,19.0
2025-09-21 13:00:00+00:00,115661.65,15770206.6268581,-0.00018965524842373682,0.0012061739416395767,-0.25909427111256567,47.88174500327391,-52.93068168779428,-62.90125227255974,-4.96293724203678e-05,0.4828791134191926,5.0,7.0,5.0,0.12088156757610184,0.7142857142857143,0.14285714285714285,0.15900030806660653,19.0
2025-09-21 14:00:00+00:00,115500.01,22291872.8248005,-0.0013975245900434974,-0.0008947829844179189,0.4135434843850052,42.531739808761714,-61.60588492054376,-62.64217880215654,-0.0013557826170649268,0.06756651096791146,2.0,2.0,2.0,0.009126078337430954,1.0,0.0,0.009126078337430954,14.0
2025-09-21 15:00:00+00:00,115531.61,18281684.9201023,0.00027359304990537403,-0.001313755909545966,-0.17989461613277846,43.852540444918866,-65.17983748271945,-63.149710538269126,-0.001008972929441132,0.1895087628928295,3.0,4.0,4.0,0.006653653457760811,0.75,0.0,0.0013651711245377858,10.0
2025-09-21 16:00:00+00:00,115316.0,27685086.3516913,-0.0018662424941537914,-0.0029884581449425296,0.5143618584766847,37.5167484393271,-84.4368107154005,-67.4071305736954,-0.002698661996703877,-0.16714765783799293,2.0,3.0,3.0,0.0593700110912323,0.6666666666666666,-0.3333333333333333,-0.1789439171552658,7.0
2025-09-21 17:00:00+00:00,115628.18,27065997.6519555,0.0027071698636789154,0.0011096968736192814,-0.022361812127704495,49.00501453304382,-73.65869218583975,-68.65744289612427,6.95856308658982e-05,0.5180934250251774,5.0,5.0,10.0,0.33357923179864885,1.0,0.6,0.33357923179864885,10.0
2025-09-21 18:00:00+00:00,115530.9,20094406.0320107,-0.0008413174020381886,-6.145504247712097e-06,-0.25757748558147486,46.15706543303356,-72.13510995116667,-69.35297630713275,-0.0006658413105614658,0.31968425111544513,6.0,7.0,9.0,-0.16275743448308536,0.8571428571428571,0.0,-0.22813161152104536,13.0
2025-09-21 19:00:00+00:00,115480.05,15316599.8951856,-0.00044014198798758564,0.0014226126469873979,-0.23776797031044272,44.69488292721937,-74.1757778875035,-70.3175366232069,-0.0010168680192510493,0.2294625034062051,6.0,6.0,9.0,-0.08142326772212982,1.0,0.16666666666666669,-0.08142326772212982,17.0
2025-09-21 20:00:00+00:00,115307.51,10797691.411067,-0.0014941108875516917,-0.0027732858893048107,-0.2950333961220081,40.05790387578253,-88.69315843151708,-73.99266098486895,-0.0023573504484091234,-0.04709470087716604,3.0,4.0,4.0,-0.06263881362974644,0.75,0.0,-0.11437075088421504,15.0
2025-09-21 21:00:00+00:00,115405.48,11691092.0722331,0.0008496411031684303,-0.0010855970134396875,0.0827399697911737,43.6337937309032,-91.24115562773659,-77.44235991344247,-0.0014688828719043867,0.1713955627166581,3.0,3.0,5.0,0.22652238110701242,1.0,0.6666666666666666,0.22652238110701242,12.0
2025-09-21 22:00:00+00:00,115538.9,17800867.5816187,0.0011560976133888623,0.0005096118333858257,0.5226009231333153,48.16858963238965,-81.55447359482059,-78.2647826497181,-0.00024880231733714897,0.44321137186518,2.0,2.0,2.0,-0.7717004120349884,1.0,-1.0,-0.7717004120349884,8.0
2025-09-21 23:00:00+00:00,115232.29,22709533.4058919,-0.0026537382647748853,-0.0006523425924296333,0.2757543025229805,40.17034683551878,-97.49471446825191,-82.11076901342487,-0.002713274794784226,-0.045404955045827394,5.0,5.0,7.0,-0.0009294025599956513,1.0,0.2,-0.0009294025599956513,10.0
2025-09-22 00:00:00+00:00,114407.28,137282592.0699749,-0.0071595383550911995,-0.008649502605942105,5.045152474790938,27.120895353265425,-174.6852198309789,-100.62565917693567,-0.00938744816174697,-0.4443626450745318,3.0,3.0,4.0,-0.7353124022483826,1.0,-1.0,-0.7353124022483826,10.0
2025-09-22 01:00:00+00:00,114273.45,75647190.1258146,-0.001169768217546996,-0.010952588262481244,-0.4489673527780117,25.664439237138723,-243.8472941769287,-129.26998617693428,-0.009950434167206867,-0.24075687098448048,7.0,8.0,10.0,0.20663168281316757,0.875,0.5,0.21693287576947892,15.0
2025-09-22 02:00:00+00:00,114187.81,102380826.5907734,-0.0007494304232522619,-0.009064126036200437,0.3533989355122915,24.748533632732745,-302.0868989302835,-163.83336872760412,-0.010049409269747622,-0.1217259155921645,4.0,5.0,6.0,-0.17315351963043213,0.8,-0.19999999999999996,0.010716035962104797,14.0
2025-09-22 03:00:00+00:00,114649.89,37374145.3312142,0.004046666627549822,0.002120581837099955,-0.6349497598744493,37.6731906808595,-307.41255052987253,-192.54920508805782,-0.005540743702709738,0.1649334265524231,5.0,5.0,8.0,-0.3899905547499657,1.0,-0.39999999999999997,-0.3899905547499657,16.0
2025-09-22 04:00:00+00:00,114433.53,23816481.7496539,-0.0018871365685566577,0.0014008503287508134,-0.3627551469447835,34.670512380246706,-325.34127983973303,-219.10762003839287,-0.006902276223368031,0.10573151719620072,6.0,8.0,12.0,-0.05032929079607129,0.75,0.0,-0.2069421379516522,15.0
2025-09-22 05:00:00+00:00,113691.19,86084230.7075343,-0.006487084685755984,-0.004349150754358044,2.6144814172137445,26.782913824170137,-394.89841784785676,-254.26577960028567,-0.012490865266963302,-0.10570889404698162,10.0,10.0,12.0,0.22515834979712962,1.0,0.3,0.22515834979712962,21.0
2025-09-22 06:00:00+00:00,112800.77,586251656.1677698,-0.007831917319187198,-0.016128406228736902,5.8102096208482426,20.699784059809446,-515.9251394456951,-306.59765156936754,-0.019065539862421543,-0.20928467319765162,11.0,12.0,15.0,-0.3085375592733423,0.9166666666666666,-0.16666666666666669,-0.3310659548098391,27.0
2025-09-22 07:00:00+00:00,112519.99,127377912.8870488,-0.0024891674055061985,-0.016721847171890958,-0.782724856216702,19.21752961053059,-627.2655607608758,-370.7312334076692,-0.020193609481322206,-0.12495041772906584,10.0,10.0,12.0,-0.327966982126236,1.0,-0.39999999999999997,-0.327966982126236,31.0
2025-09-22 08:00:00+00:00,112629.07,91225046.9767791,0.0009694277434613152,-0.009342148674844508,-0.28382366370163337,21.56725970594647,-698.6482206430228,-436.3146308547399,-0.017937699573788324,-0.0029171782683037623,11.0,12.0,19.0,-0.04733315343037248,0.9166666666666666,0.08333333333333337,0.032340800389647484,32.0
2025-09-22 09:00:00+00:00,112336.62,137027640.3057081,-0.0025965765321511736,-0.004114776876079862,0.5020835269132593,19.89630577682823,-769.9423476658558,-503.0401742169631,-0.019065717732784426,0.01111505153151192,15.0,17.0,21.0,-0.16699881501057567,0.8823529411764706,-0.23529411764705882,-0.18411003028353054,36.0
2025-09-22 10:00:00+00:00,112792.16,58875283.2744775,0.004055133579771386,0.0024188590845057867,-0.5703400923848139,29.109629465488283,-780.6859247046377,-558.5693243144981,-0.013922097263518785,0.1547292930527477,20.0,20.0,27.0,0.11602702736854553,1.0,0.4,0.11602702736854553,46.0
2025-09-22 11:00:00+00:00,112876.97,56316864.2639765,0.0007519139628144877,0.0022010303379047524,-0.04345489088474708,30.707549109706065,-773.4410813623399,-601.5436757240665,-0.012034215412886518,0.2052306649043801,18.0,18.0,28.0,-0.035588170091311135,1.0,0.16666666666666669,-0.035588170091311135,53.0
2025-09-22 12:00:00+00:00,112738.65,56785656.3665213,-0.0012254049696763802,0.0035787973681244978,0.008324186878506001,29.538121967976977,-769.9848527452996,-635.2319111283132,-0.012130631699948324,0.20760849380802218,20.0,22.0,28.0,0.006881012157960372,0.9090909090909091,0.22727272727272727,-0.028422472625970842,58.0
2025-09-22 13:00:00+00:00,113130.63,91779187.3833876,0.003476891021845674,0.003000829135642036,0.6162389105974511,36.87472330624819,-727.2331653359579,-653.6321619698422,-0.0076100089933910375,0.3113329146933077,24.0,26.0,32.0,0.09655490274039599,0.9230769230769231,0.34615384615384615,0.11346730729565024,62.0
2025-09-22 14:00:00+00:00,112933.16,156796730.5125574,-0.0017455042900406115,0.000497798620923362,0.7084127129778688,34.90308854541733,-701.2032887008972,-663.1463873160533,-0.008212208721534275,0.29038544661352766,1.0,4.0,1.0,-0.08637275639921427,0.25,0.25,0.28066954016685486,45.0
2025-09-22 15:00:00+00:00,112815.5,68746776.7686642,-0.0010418552000138748,0.000681665072271187,-0.5615547815063755,33.745315098068104,-682.2045729475067,-666.9580244423439,-0.008084953236818015,0.2857803860235524,6.0,7.0,7.0,0.36872175868068424,0.8571428571428571,0.5714285714285714,0.4028032061954339,31.0
2025-09-22 16:00:00+00:00,112600.68,40476483.1522448,-0.0019041709694147535,-0.0046844077505801,-0.41122355032804125,31.679155462818827,-676.6817663265101,-668.9027728191771,-0.00879422209042613,0.25900232649564536,11.0,13.0,20.0,0.054747303804525964,0.8461538461538461,0.07692307692307693,-0.02230331843549555,18.0
2025-09-22 17:00:00+00:00,112398.66,66896401.7167371,-0.0017941277086425123,-0.00473288801978089,0.6527226801083155,29.829460468437503,-680.758863517156,-671.273990958773,-0.009261400857616175,0.23197529008718604,10.0,10.0,16.0,-0.10595262199640273,1.0,-0.09999999999999998,-0.10595262199640273,27.0
2025-09-22 18:00:00+00:00,112429.13,52912790.7411297,0.0002710886410923763,-0.003424795351702481,-0.20903382867764597,30.488702203771098,-673.7645793956617,-671.7721086461507,-0.007632729719188491,0.25363978467650616,7.0,9.0,9.0,0.24383288787470925,0.7777777777777778,0.4444444444444444,0.1803104089839118,28.0
2025-09-22 19:00:00+00:00,112122.9,146776753.307886,-0.0027237602923727566,-0.004243136009480564,1.7739371001234074,27.674651006237568,-685.035102327296,-674.4247073823799,-0.008975749896131702,0.17926789559933448,10.0,12.0,14.0,0.10092444655795892,0.8333333333333334,0.25000000000000006,0.15273197814822198,27.0
2025-09-22 20:00:00+00:00,112781.88,67075083.9870225,0.005877300711986777,0.003409471251703655,-0.5430128921960649,40.41881558793692,-633.4904111503565,-666.2378481359752,-0.0024346274766637865,0.40685619985430294,4.0,6.0,4.0,0.48520076895753544,0.6666666666666666,0.6666666666666666,0.4290392864495516,21.0
2025-09-22 21:00:00+00:00,112969.99,33074925.4786085,0.00166790977415876,0.004810674955858962,-0.5068969949406587,43.480386678062516,-570.8812039758341,-647.166519303947,-0.00019442976468797557,0.4919712881024909,13.0,14.0,17.0,0.15756141846733435,0.9285714285714286,0.35714285714285715,0.1850544881935303,27.0
2025-09-22 22:00:00+00:00,112643.25,32646911.0027458,-0.0028922725406986816,0.00464088959525677,-0.012940754050663639,39.66757005821264,-541.387366970419,-626.0106888372414,-0.002404300994172326,0.39222502154032135,7.0,7.0,10.0,-0.0892133776630674,1.0,0.0,-0.0892133776630674,24.0
2025-09-22 23:00:00+00:00,112650.99,15244940.8306451,6.871250607565216e-05,-0.0011605587706110532,-0.5330357340894241,39.80223551954497,-511.49256741379213,-603.1070645525516,-0.0014519018810176254,0.41633001577556555,5.0,6.0,6.0,-0.03953027414778868,0.8333333333333334,-0.33333333333333337,0.11424929276108742,25.0
2025-09-23 00:00:00+00:00,112395.32,45148915.2800005,-0.0022695761484208266,-0.0050869261827853895,1.961567104887871,36.87435510991096,-502.6370684174326,-583.0130653255278,-0.002817384425615188,0.2572083402690168,6.0,7.0,10.0,-0.19799065377031053,0.8571428571428571,-0.14285714285714285,-0.31305259217818576,18.0
2025-09-23 01:00:00+00:00,112156.66,49386019.7553833,-0.0021233980204869995,-0.004319743970455314,0.09384731502640764,34.33530470406073,-509.00934620187036,-568.2123215007964,-0.004256972599445019,0.04247598402489572,5.0,5.0,8.0,-0.3003982216119766,1.0,-0.19999999999999996,-0.3003982216119766,16.0
2025-09-23 02:00:00+00:00,111811.88,80410237.8471528,-0.003074092969601594,-0.007448758328710614,0.6281983898568324,31.01301161250234,-535.7050128853589,-561.710859777709,-0.00688202486644407,-0.11621043784798005,6.0,7.0,8.0,-0.13677776072706496,0.8571428571428571,0.0,-0.1687294046084086,17.0
2025-09-23 03:00:00+00:00,112339.99,94098697.1585608,0.00472320114821434,-0.0004922802835563012,0.1702327922151854,40.508531274188556,-508.3870877754525,-551.0461053772577,-0.002111559309685651,0.3135155878109093,8.0,10.0,15.0,-0.1706438407301903,0.8,-0.3,-0.08663740660995245,19.0
2025-09-23 04:00:00+00:00,112442.3,59529168.1992302,0.0009107175459068806,0.0025467948136115304,-0.3673752135067214,42.169222752892665,-473.0290884696733,-535.4427019957409,-0.0011199061022171275,0.40144053259691787,10.0,11.0,13.0,-0.5260473571040414,0.9090909090909091,-0.8181818181818181,-0.6708877772092819,24.0
2025-09-23 05:00:00+00:00,112665.44,72693728.579132,0.0019844844867100697,0.007633893643501866,0.22114470566501288,45.72764100148772,-422.1359654982516,-512.781354696243,0.0007161978791685453,0.5638196399558781,10.0,11.0,14.0,0.3929213009436022,0.9090909090909091,0.5454545454545454,0.35678716842085123,28.0
2025-09-23 06:00:00+00:00,112974.96,64927265.2697501,0.0027472488457862543,0.00565221698880336,-0.10683814768047817,50.29624133121617,-352.76071570014756,-480.777226897024,0.0033839563329278732,0.7937523958236579,10.0,12.0,12.0,-0.073158442042768,0.8333333333333334,0.08333333333333337,-0.005036609247326851,30.0
2025-09-23 07:00:00+00:00,113090.13,85218998.4135918,0.0010194294381693503,0.005761443869433558,0.3125302299355539,51.918130402884735,-285.1994719472277,-441.6616759070647,0.004311768599517096,0.86054836736181,13.0,13.0,21.0,0.12764425246188274,1.0,0.38461538461538464,0.12764425246188274,33.0
2025-09-23 08:00:00+00:00,113133.84,74371534.1201129,0.0003865058780991859,0.0041574417141583275,-0.1272892722915271,52.55095811054562,-225.52989952602366,-398.4353206308565,0.004523670364417365,0.8587445746595797,6.0,6.0,7.0,0.07618110595891874,1.0,0.33333333333333337,0.07618110595891874,29.0
2025-09-23 09:00:00+00:00,112934.47,48743650.3713965,-0.0017622490317662498,-0.0003583980025309019,-0.344592646257994,49.35984904087124,-192.11425276266527,-357.1711070572183,0.0028407828432019944,0.7328747662435461,12.0,12.0,20.0,0.22701762368281683,1.0,0.41666666666666674,0.22701762368281683,31.0
2025-09-23 10:00:00+00:00,112969.32,43233912.7504768,0.0003085860322362688,-0.0010682629863454363,-0.11303498156044733,49.93218014344953,-160.96450954051397,-317.9297875538774,0.003134140420595788,0.7556147678356557,21.0,22.0,30.0,0.0467458376660943,0.9545454545454546,0.22727272727272727,0.014565775348317055,39.0
2025-09-23 11:00:00+00:00,112975.99,38719768.9438372,5.9042578993917516e-05,-0.0013952500860926476,-0.10441210428241454,50.048541363323636,-134.19300690731325,-281.1824314245646,0.0031218904104333145,0.7500395076393529,15.0,15.0,26.0,-0.3408786356449127,1.0,-0.39999999999999997,-0.3408786356449127,48.0
2025-09-23 12:00:00+00:00,112941.02,38738873.0541251,-0.00030953479584472365,5.799823561392081e-05,0.0004933942223572796,49.40030454749506,-114.47854750059196,-247.84165463977007,0.0026598922247118573,0.7091336235954185,16.0,19.0,26.0,0.27310837020999507,0.8421052631578947,0.5263157894736843,0.29989052517339587,52.0
2025-09-23 13:00:00+00:00,112952.31,48090463.1063101,9.99636801579662e-05,-0.00015057185437616916,0.24140067366232265,49.62714568748892,-96.82752035857993,-217.63882778353207,0.002513746261469052,0.6968337325762899,23.0,25.0,30.0,0.12699772126972675,0.92,0.27999999999999997,0.1404546176123878,54.0
2025-09-23 14:00:00+00:00,112652.91,80499403.2208129,-0.002650676201309987,-0.002859722672047371,0.6739161576144257,43.994472308223486,-105.7786811976548,-195.26679846635662,-0.0002428774636271669,0.48075637979460356,20.0,21.0,36.0,0.2519665624768961,0.9523809523809523,0.38095238095238093,0.2200382212176919,59.0
2025-09-23 15:00:00+00:00,112882.19,52664498.1462936,0.0020352780944583593,-0.0005208913466515641,-0.34577778170810913,48.78810928450425,-93.2961014425382,-174.87265906159294,0.0014544939407410418,0.6227616458641568,16.0,18.0,21.0,0.029061631196075015,0.8888888888888888,0.1111111111111111,0.012933014892041683,59.0
2025-09-23 16:00:00+00:00,112823.63,59859106.4615869,-0.0005187709416338837,-0.0011392418623399347,0.136612111926099,47.6659308835518,-87.12455204530852,-157.32303765833606,0.0009164318491459156,0.5772291432699082,15.0,16.0,19.0,-0.04023599182255566,0.9375,0.0625,-0.10465256695946058,51.0
2025-09-23 17:00:00+00:00,111957.76,65978067.9467334,-0.007674544773998204,-0.006170723863236249,0.10222273346283894,34.888005070542036,-150.36867087031715,-155.93216430073227,-0.006318982710154852,0.01596518173240482,8.0,12.0,13.0,0.019179834984242916,0.6666666666666666,0.16666666666666669,-0.16482625855132937,39.0
2025-09-23 18:00:00+00:00,111780.1,79512336.2631182,-0.0015868484685651607,-0.009763187620651204,0.2051328378895776,32.937001808975864,-212.37761102244258,-167.22125364507434,-0.007515638373774114,-0.008931794764284318,20.0,20.0,32.0,-0.16408654311671853,1.0,-0.10000000000000003,-0.16408654311671853,43.0
2025-09-23 19:00:00+00:00,111655.29,63141994.0471009,-0.0011165672601832766,-0.010355454792582153,-0.20588430657911228,31.600055068140264,-268.49620959152526,-187.47624483436454,-0.008185396107743381,0.0060905888036838045,1.0,4.0,1.0,-0.23757626116275787,0.25,-0.25,0.6201506853103638,29.0
2025-09-23 20:00:00+00:00,111985.77,55417986.1934124,0.0029598239366894763,0.00025018364068740695,-0.1223275883230226,38.69584040314436,-283.04090978561726,-206.5891778246151,-0.00506882342558912,0.20448112260065018,8.0,10.0,14.0,0.3090089660137892,0.8,0.7,0.26925534335896373,29.0
2025-09-23 21:00:00+00:00,112161.54,30314187.1071843,0.001569574420035691,0.003412414195371083,-0.452990099615208,42.13419728989239,-277.18925427061913,-220.70919311381593,-0.0035093650975879243,0.29531388948274706,10.0,12.0,15.0,-0.09395849083860715,0.8333333333333334,0.08333333333333331,-0.15340777188539506,19.0
2025-09-23 22:00:00+00:00,112159.23,25984150.8619434,-2.0595294964675936e-05,0.004513355345725278,-0.14283860655510372,42.10077755220465,-269.63004548511526,-230.4933635880758,-0.0036836199599161734,0.2751728144118441,9.0,11.0,14.0,0.17566488276828418,0.8181818181818182,0.18181818181818182,0.2622211281624105,27.0
2025-09-23 23:00:00+00:00,111998.8,27186837.176457,-0.001430377152196849,0.00011635406891419287,0.04628538068854349,39.743079858456625,-273.4327161462279,-239.08123409970622,-0.004957939032586678,0.20661908598191478,3.0,4.0,4.0,-0.042710140347480774,0.75,0.5,-0.12389011681079865,22.0
2025-09-24 00:00:00+00:00,112230.72,51293186.059347,0.002070736472176371,0.0006167889634896007,0.8866919210361621,44.57521755208663,-254.79523343175242,-242.22403396611548,-0.002803744603852687,0.3357511141667868,6.0,6.0,7.0,-0.005522674570480983,1.0,0.33333333333333337,-0.005522674570480983,18.0
2025-09-24 01:00:00+00:00,112451.26,29657323.7146537,0.0019650591210675916,0.002603709030456036,-0.4218077293865169,48.78145207944728,-219.69663320324617,-237.71855381354163,-0.0007491143110833764,0.45608402627081107,10.0,12.0,10.0,0.15535921634485325,0.8333333333333334,0.5833333333333334,0.13622664660215378,19.0
2025-09-24 02:00:00+00:00,112111.62,117252413.6710988,-0.003020330763745971,0.0010073322214165792,2.953573653483922,43.327969064574006,-216.7878537284414,-233.5324137965216,-0.0033848954856013913,0.30054164536926314,7.0,7.0,10.0,-0.17094366891043528,1.0,-0.2857142857142857,-0.17094366891043528,23.0
2025-09-24 03:00:00+00:00,111683.09,121028792.3379697,-0.003822351331646101,-0.0048795017977253385,0.03220725739142494,37.614251749133324,-246.22310794358782,-236.07055262593485,-0.006573025896709828,0.12109521928493223,6.0,7.0,8.0,-0.3394548637526376,0.8571428571428571,-0.42857142857142855,-0.42293818295001984,23.0
2025-09-24 04:00:00+00:00,112161.93,153932910.2615616,0.00428748882216623,-0.0025729369328543195,0.27187016649482887,46.15828919445327,-228.280892779454,-234.51262065663872,-0.0018822729453057407,0.38553120688280174,10.0,11.0,13.0,0.3262034017931331,0.9090909090909091,0.4545454545454546,0.29762538224458696,23.0
2025-09-24 05:00:00+00:00,112636.84,54069714.0978348,0.004234146113569981,0.004684795385170526,-0.6487449369601344,53.02915827233551,-173.7375516362954,-222.35760685257006,0.0024766603019832356,0.6552064359923706,10.0,10.0,13.0,0.08782142922282218,1.0,0.09999999999999998,0.08782142922282218,26.0
2025-09-24 06:00:00+00:00,112596.69,57286436.1025421,-0.00035645531248917894,0.008180289424298826,0.05949212157635797,52.42011283748861,-132.22709858525195,-204.33150519910643,0.002285522963341169,0.6493374555175933,15.0,15.0,21.0,0.1606705625851949,1.0,0.26666666666666666,0.1606705625851949,35.0
2025-09-24 07:00:00+00:00,112583.54,60589096.2365007,-0.00011678851305496618,0.0037589403106741415,0.05765169486275723,52.20861689823341,-99.24680518530658,-183.31456519634648,0.002343547621199482,0.6609830871317636,13.0,17.0,13.0,0.501619092462694,0.7647058823529411,0.7058823529411765,0.6275395427185756,38.0
2025-09-24 08:00:00+00:00,112622.8,41557041.7300714,0.0003487188269262198,-0.00012464838324643956,-0.3141168244553517,52.82063657398517,-69.14467439976579,-160.48058703703035,0.0028351426761985543,0.7040612414360188,16.0,16.0,18.0,0.2758372991811484,1.0,0.375,0.2758372991811484,44.0
2025-09-24 09:00:00+00:00,112735.06,27865163.8149905,0.0009967786274180934,0.0012288993575211293,-0.3294719100559369,54.610542488973955,-35.81719672563486,-135.54790897475124,0.003931851341562265,0.794660342734284,13.0,14.0,17.0,0.2808372210711241,0.9285714285714286,0.42857142857142855,0.3180340909614013,42.0
2025-09-24 10:00:00+00:00,112941.98,45447073.8896696,0.001835453850825175,0.003183769137122594,0.6309638153004731,57.78933673354313,7.2086868848709855,-106.99658980282679,0.005645083566270026,0.9029934809244167,17.0,20.0,22.0,0.06708835661411286,0.85,0.3,0.06089460104703903,46.0
2025-09-24 11:00:00+00:00,113029.46,61964402.0273983,0.0007745569893498061,0.0036108141513087055,0.36344095942958377,59.09367104937945,47.814736016924144,-76.03432463887661,0.006358030892757327,0.9406096659013609,7.0,9.0,10.0,0.42618627266751397,0.7777777777777778,1.0,0.3858164538230215,37.0
2025-09-24 12:00:00+00:00,113070.69,30830389.2363054,0.0003647721576303109,0.002977157239282935,-0.5024499837394804,59.725337623773804,82.37269774696324,-44.35292016170864,0.006614409836376289,0.9382598632380628,16.0,18.0,22.0,0.09708124502665466,0.8888888888888888,0.2777777777777778,0.03798307408578694,40.0
2025-09-24 13:00:00+00:00,112823.62,65383456.3637995,-0.002185093236806157,-0.0010479717107846342,1.1207470286104897,54.31291312995928,88.80001593721681,-17.72233294192355,0.004027894153813438,0.7643637679959359,11.0,13.0,15.0,-0.008641175639170866,0.8461538461538461,0.07692307692307693,-0.1004013517363505,34.0
2025-09-24 14:00:00+00:00,113720.64,109548745.7845445,0.007950640123052244,0.006115042927746339,0.6754811060309402,66.26575199894849,164.38084909554163,18.698303465569488,0.0111374896199945,1.1295752080161474,11.0,11.0,19.0,-0.11299711059440266,1.0,0.09090909090909088,-0.11299711059440266,38.0
2025-09-24 15:00:00+00:00,113346.41,81540721.4201377,-0.0032907834496885835,0.00243847455074353,-0.25566722981467727,59.295901958108665,191.87021012732293,53.33268479792018,0.007052930001798519,0.9002804864555911,15.0,15.0,20.0,0.2240990663568179,1.0,0.4,0.2240990663568179,37.0
2025-09-24 16:00:00+00:00,113732.01,50806995.5971774,0.0034019604149790883,0.008051416893023022,-0.3769126062130982,63.550065352846126,241.98101765787578,91.06235136991131,0.00969561881655312,1.0055423283830356,14.0,17.0,17.0,0.14457529827075846,0.8235294117647058,0.3529411764705882,0.03871951837624822,40.0
2025-09-24 17:00:00+00:00,113761.3,41184261.9172111,0.0002575352356826155,0.00035754283479239035,-0.1893978096296034,63.85905403791743,280.8205276301742,129.01398662196388,0.009238968835174832,0.9486767430551813,13.0,13.0,26.0,0.07816422272187012,1.0,0.15384615384615385,0.07816422272187012,42.0
2025-09-24 18:00:00+00:00,113639.8,23023393.9846779,-0.001068025769747738,0.0025884366342083798,-0.44096621105023825,61.52899340682,298.3578015101084,162.88274959959278,0.007499402915474684,0.8535204024502857,8.0,8.0,12.0,0.17392260115593672,1.0,0.375,0.17392260115593672,35.0
2025-09-24 19:00:00+00:00,113420.01,34780422.4122778,-0.0019340935130122139,-0.002743291004880688,0.5106557458654541,57.44562965123699,291.1646365840279,188.5391269964798,0.004917703719657496,0.7377011978883576,11.0,16.0,17.0,0.07731060509104282,0.6875,0.25,0.03949125178835609,32.0
2025-09-24 20:00:00+00:00,113501.52,26493593.1639136,0.000718656258274164,-0.0022835533700827915,-0.23826131695970654,58.54440537541555,288.71307276347943,208.57391614987975,0.0050740639563984224,0.7468104234191334,6.0,8.0,22.0,0.0579729569144547,0.75,0.25,-0.09833978054424126,25.0
2025-09-24 21:00:00+00:00,113339.63,31142724.2539136,-0.001426324510896415,-0.002641416123576379,0.1754813347225581,55.480341425399665,270.58785241674923,220.97670340325365,0.003245892564778474,0.6591113541604989,8.0,9.0,9.0,-0.08266543679767185,0.8888888888888888,-0.33333333333333337,0.005431249737739563,25.0
2025-09-24 22:00:00+00:00,113336.33,30469844.3042884,-2.9116029406472954e-05,-0.0007377886847302895,-0.021606329110422706,55.41667192141545,253.0403110919142,227.38942494098575,0.002673196137796152,0.6384431284085436,3.0,3.0,5.0,0.021476325889428455,1.0,0.0,0.021476325889428455,17.0
2025-09-24 23:00:00+00:00,113307.0,47322526.1206969,-0.00025878727500705523,-0.0017138096476593256,0.553093794904512,54.814568427915574,234.06887203578663,228.72531435994594,0.0016941730541060185,0.6061807298782445,7.0,8.0,7.0,-0.04035085532814264,0.875,0.125,-0.044500257287706645,18.0
2025-09-25 00:00:00+00:00,113062.35,64199428.4875513,-0.0021591781619846317,-0.0024464523132817773,0.3566357029168219,49.94039967896378,197.02151810823125,222.384555109603,-0.0008663279191417628,0.437997384805517,5.0,6.0,6.0,0.14774842311938605,0.8333333333333334,0.16666666666666666,0.1366187959909439,15.0
2025-09-25 01:00:00+00:00,112661.24,128547834.1986418,-0.0035476885099239297,-0.005956518973218916,1.002320538158188,43.16359291240314,133.7531750811322,204.65827910390888,-0.004421676454851253,0.18226696956712465,4.0,4.0,4.0,0.016708072740584612,1.0,0.0,0.016708072740584612,16.0
2025-09-25 02:00:00+00:00,112907.38,64278822.1501474,0.0021847797876182184,-0.0035268783040764973,-0.49996184260235055,47.8410055930572,102.29480746638728,184.18558477640457,-0.002383506983612227,0.32105413394695786,4.0,6.0,5.0,0.23825865921874842,0.6666666666666666,0.33333333333333337,-0.05546242091804743,13.0
2025-09-25 03:00:00+00:00,112546.21,86979490.9793409,-0.003198816587542841,-0.004565091739204052,0.3531593776900195,42.335491990886496,47.6709034096275,156.88264850304915,-0.005558298989553068,0.08602061588043194,2.0,3.0,5.0,-0.1506572092572848,0.6666666666666666,-0.3333333333333333,0.05736527964472771,10.0
2025-09-25 04:00:00+00:00,111735.66,149679822.2703881,-0.007201930655861277,-0.008215602810691558,0.7208633964751483,33.122951772670845,-60.32812003552681,113.44049479533396,-0.012333100991890666,-0.22620744859264444,10.0,12.0,16.0,0.14065782353281975,0.8333333333333334,0.08333333333333331,0.22983191162347794,16.0
2025-09-25 05:00:00+00:00,111749.91,78891271.3282923,0.00012753314385038905,-0.010251499946239084,-0.4729331573778883,33.397352977008524,-143.1184874636674,62.128698343533685,-0.011776865757384236,-0.09244902584404877,7.0,10.0,8.0,0.011090245097875595,0.7,0.3,-0.026621497103146145,19.0
2025-09-25 06:00:00+00:00,111533.26,41538883.1462405,-0.001938704022222515,-0.009000303075510141,-0.4734666782921564,31.294969376603035,-223.63437661717762,4.9760833513914235,-0.013078006594239078,-0.06363333178695574,10.0,12.0,17.0,0.17859754028419653,0.8333333333333334,0.4166666666666667,0.15152411460876464,27.0
2025-09-25 07:00:00+00:00,111766.72,57553165.2619106,0.0020931872698781717,0.00027797750512226216,0.385525100886577,35.97238246695835,-265.54449630589806,-49.128032580066474,-0.01045935843205903,0.08364786922079327,9.0,9.0,13.0,0.14497668047746023,1.0,0.2222222222222222,0.14497668047746023,26.0
2025-09-25 08:00:00+00:00,111727.21,60173434.6902335,-0.00035350415579871175,-0.00020313215464784484,0.04552780748719343,35.5315128998528,-298.5057069303293,-99.00356745011905,-0.010220510225243062,0.11878868963436953,9.0,13.0,10.0,0.07310660212085797,0.6923076923076923,0.38461538461538464,0.0020962957706716326,28.0
2025-09-25 09:00:00+00:00,111571.58,86351237.9523679,-0.001392946266178141,0.00034357464311551844,0.4350392062027866,33.77555390635084,-333.3431715855986,-145.87148827721495,-0.01105076398127347,0.11461362863811296,19.0,20.0,32.0,0.10902075162157417,0.95,0.25,0.1124790878476281,37.0
2025-09-25 10:00:00+00:00,111648.19,48516363.96973,0.0006866443945672263,-0.0010605124673963573,-0.43815091572292164,35.46624564235704,-350.7273598871834,-186.84266259920867,-0.009461908095986571,0.17453193476676188,13.0,15.0,19.0,0.04019997057815393,0.8666666666666667,-0.06666666666666665,-0.003015532659796568,41.0
2025-09-25 11:00:00+00:00,111348.0,60605343.784368,-0.0026887135384818794,-0.003394070253790571,0.24917324435484245,32.01701398882582,-384.29733807347657,-226.33359769406226,-0.011248662592118208,0.13048932086255605,6.0,6.0,10.0,0.09232021681964397,1.0,0.5,0.09232021681964397,38.0
2025-09-25 12:00:00+00:00,111111.0,117864325.8399396,-0.0021284621187628305,-0.004128112194879741,0.9447843784088963,29.57177481766729,-425.12512909607904,-266.0919039744656,-0.012203677661250745,0.10840890757154782,16.0,17.0,27.0,0.08149189874529839,0.9411764705882353,0.0,0.029488757951185107,35.0
2025-09-25 13:00:00+00:00,111000.0,246933377.5207138,-0.0009990009990009652,-0.005805647185144758,1.0950646072166967,28.474887897729815,-461.12268469388073,-305.09806011834866,-0.011977766829423198,0.118456820302344,18.0,23.0,25.0,0.02471446286401023,0.782608695652174,0.34782608695652173,-0.02757824698670043,40.0
2025-09-25 14:00:00+00:00,111540.0,95507631.2741913,0.004864864864864815,0.0017243237417825519,-0.6132251045479677,40.11277458190436,-440.99401532243064,-332.2772511591651,-0.006242479329683137,0.29286168504462573,17.0,24.0,26.0,0.08442800724878907,0.7083333333333334,0.08333333333333334,0.13213910830809789,51.0
2025-09-25 15:00:00+00:00,111580.77,66702992.254687,0.000365519096288347,0.004227934227934327,-0.3015951566928672,40.8947147613842,-416.945809799814,-349.21096288729484,-0.005064062357638788,0.3250842873243941,19.0,19.0,26.0,0.0005288083890551015,1.0,0.15789473684210525,0.0005288083890551015,54.0
2025-09-25 16:00:00+00:00,110957.29,65087014.3454948,-0.005587701178258686,-0.000384774774774832,-0.02422646802743167,33.65727740267114,-443.0894002330897,-367.9866503564538,-0.009499931961713504,0.16270633503985485,14.0,17.0,17.0,0.3393239782137029,0.8235294117647058,0.5882352941176471,0.2917702687638147,50.0
2025-09-25 17:00:00+00:00,108833.63,318389326.9872462,-0.019139436444419178,-0.024263672225210642,3.8917488409772867,20.40849888084867,-627.9315933049511,-419.9756389461533,-0.026499620360485143,-0.24337467752084577,13.0,14.0,20.0,-0.14861478643225773,0.9285714285714286,0.0,-0.16594278224958822,46.0
2025-09-25 18:00:00+00:00,109760.2,155925760.2157685,0.008513636823470838,-0.016316162722304295,-0.5102670001811511,32.83183590127712,-691.6806437936611,-474.3166399156549,-0.01663880660879169,0.046752415726734185,11.0,12.0,23.0,-0.464323323375235,0.9166666666666666,-0.41666666666666674,-0.5162541360001672,38.0
2025-09-25 19:00:00+00:00,109360.0,133573057.7240564,-0.003646130382415458,-0.014395539040291894,-0.1433547764062888,30.609492188050936,-765.6688668968709,-532.5870853118981,-0.018488865960635592,0.013893378122105525,13.0,13.0,22.0,-0.034324710472271994,1.0,0.0,-0.034324710472271994,37.0
2025-09-25 20:00:00+00:00,109163.44,46414047.742173,-0.0017973664959766156,0.003030405215740828,-0.6525193887673213,29.55146266964269,-830.5912768279086,-592.1879236151003,-0.018535787221631628,0.03031500402960788,11.0,12.0,13.0,0.0072337233771880465,0.9166666666666666,-0.08333333333333337,-0.03490628776225177,35.0
2025-09-25 21:00:00+00:00,109420.0,38040066.7022354,0.0023502374054902297,-0.003099484148170295,-0.18041910687157725,32.8157445558916,-851.5246603712731,-644.0552709663349,-0.014793605135318577,0.13078992890424002,6.0,9.0,7.0,-0.032049481860465474,0.6666666666666666,0.1111111111111111,-0.1386511124049624,30.0
2025-09-25 22:00:00+00:00,109419.97,30695908.7380652,-2.741729117072822e-07,0.0005483723482078151,-0.19306375095653094,32.815553080752366,-858.2238678725407,-686.888990347576,-0.013244655548703022,0.16087035492456847,7.0,9.0,15.0,0.20765076412094963,0.7777777777777778,0.4444444444444445,0.1931798979640007,24.0
2025-09-25 23:00:00+00:00,108994.49,114191082.3614311,-0.0038885040820244576,-0.0015476793329342042,2.720074989010692,30.130351415897792,-887.6336302410782,-727.0379183262766,-0.015505008325003233,0.10538996938134333,3.0,3.0,3.0,0.16802266736825308,1.0,1.0,0.16802266736825308,16.0
2025-09-26 00:00:00+00:00,109472.13,94872291.8281455,0.004382239872859683,0.00047642112959245253,-0.16917950275783245,36.419967637070556,-862.457647706542,-754.1218642023297,-0.01017885155936904,0.24245174041742804,7.0,8.0,12.0,-0.3170184423215687,0.875,-0.375,-0.27770480141043663,17.0
2025-09-26 01:00:00+00:00,109680.4,49554078.0428668,0.0019024933560713997,0.002380095699167084,-0.47767596747182484,38.998581039730354,-816.2901668295526,-766.5555247277744,-0.007367014951543349,0.31098339503263006,4.0,4.0,5.0,0.006298702210187912,1.0,-0.25,0.006298702210187912,14.0
2025-09-26 02:00:00+00:00,109621.7,54538185.3904713,-0.0005351913377412698,0.0057545110766608065,0.10057915603420153,38.524342554814616,-775.4992326173378,-768.3442663056871,-0.007039349581547949,0.31756747755199033,6.0,6.0,10.0,-0.5915753940741221,1.0,-0.6666666666666667,-0.5915753940741221,17.0
2025-09-26 03:00:00+00:00,109580.01,55280883.4232239,-0.0003803079134879761,0.0009854562983289128,0.013617945434656109,38.169332194059756,-738.0286233899096,-762.2811377225316,-0.006432983165065798,0.32789587981130097,7.0,8.0,11.0,0.1299301404505968,0.875,0.25,0.13984993313040053,17.0
2025-09-26 04:00:00+00:00,109338.01,34506708.3104968,-0.0022084319941201302,-0.003121706339510033,-0.3757931101368709,36.090285407647606,-719.5655691702414,-753.7380240120737,-0.007552239213345913,0.2909241243806515,11.0,11.0,17.0,-0.014136282727122307,1.0,0.09090909090909088,-0.014136282727122307,24.0
2025-09-26 05:00:00+00:00,109252.79,40642935.0841142,-0.0007794178803876006,-0.0033653008482810165,0.1778270682443155,35.359867887196074,-703.6982125118666,-743.7300617120322,-0.0072810644284850845,0.29116852469517024,7.0,8.0,12.0,0.08109705615788698,0.875,0.125,-0.015519537031650543,25.0
2025-09-26 06:00:00+00:00,109360.0,64787436.3497764,0.000981302170864451,-0.002007756706720487,0.5940639182601599,37.084965808913815,-674.6948053007509,-729.923010429776,-0.0052728135952609945,0.338390980822299,9.0,11.0,11.0,-0.34287342750890687,0.8181818181818182,-0.45454545454545453,-0.3158210565646489,27.0
2025-09-26 07:00:00+00:00,109320.02,193859131.1065156,-0.00036558156547183973,-0.00016453564501484053,1.992233402474871,36.691713136020994,-647.4717961718125,-713.4327675781833,-0.004718504705451432,0.3466527694736761,9.0,9.0,11.0,0.061214087117049426,1.0,0.1111111111111111,0.061214087117049426,25.0
2025-09-26 08:00:00+00:00,109567.2,63042786.6775313,0.0022610680093178015,0.002877821243741252,-0.6748010459053768,40.86675409424564,-599.0465691201098,-690.5555278865686,-0.001766586664888825,0.4389573881197449,7.0,7.0,9.0,-0.27361936547926496,1.0,-0.14285714285714285,-0.27361936547926496,25.0
2025-09-26 09:00:00+00:00,109568.72,48347437.4972465,1.3872764841993401e-05,0.0019085588880760618,-0.2331011992768125,40.89256820755078,-554.1585813260899,-663.276138574473,-0.0011014587320922198,0.45929519444348055,9.0,10.0,13.0,-0.3923100227490067,0.9,-0.3,-0.5160094294697046,25.0
2025-09-26 10:00:00+00:00,108895.0,80128331.5113057,-0.006148835178507173,-0.003887851465815717,0.6573439185038339,33.840952895812265,-566.4187779965869,-643.9046664588958,-0.00604513409438745,0.2360503219026873,13.0,16.0,17.0,-0.31104165024589747,0.8125,-0.1875,-0.320294625340746,29.0
2025-09-26 11:00:00+00:00,109133.5,100461566.1837135,0.0021901832040038816,-0.003958301389466845,0.253758368468447,37.92203492736221,-550.5437893139606,-625.2324910299088,-0.0027543766306780126,0.3237355472093628,8.0,9.0,11.0,0.040881003356642194,0.8888888888888888,0.2222222222222222,0.03369938908144832,30.0
2025-09-26 12:00:00+00:00,109372.68,94286123.4549977,0.0021916276853577443,-0.0017891967707572842,-0.061470699326176104,41.79938336445491,-512.7522307812469,-602.7364389801764,0.0001553234157365413,0.5172201570667367,8.0,9.0,13.0,0.10322669314013587,0.8888888888888888,0.1111111111111111,0.11314984341152012,29.0
2025-09-26 13:00:00+00:00,109669.73,108614448.3869699,0.0027159433233234775,0.007114468065567703,0.15196642312705788,46.286526990212714,-453.60383328946773,-572.9099178420347,0.0024884526725403866,0.8032612789124084,17.0,20.0,19.0,-0.1423933201469481,0.85,-0.10000000000000003,-0.15520457408445723,33.0
2025-09-26 14:00:00+00:00,108836.0,98239967.4308491,-0.0076021888628703405,-0.0027260190500625336,-0.09551658283213615,37.53866759516392,-468.6015978381911,-552.0482538412659,-0.004712239813139063,-0.037623621713707964,11.0,14.0,18.0,-0.006729254232985633,0.7857142857142857,0.07142857142857142,-0.02812005765736103,36.0
2025-09-26 15:00:00+00:00,109027.78,53029215.6554773,0.00176210077547867,-0.0031534383175030323,-0.4602073164081162,40.33217590609932,-459.71310456054925,-533.5812239851226,-0.0028069639405396973,0.1927775746785615,24.0,25.0,33.0,0.2753089842945337,0.96,0.48,0.2809054091727982,52.0
2025-09-26 16:00:00+00:00,109460.01,31866540.3352495,0.003964402466967609,-0.0019122870093689626,-0.39907577471479994,46.17495420442189,-413.0304035075678,-509.4710598896117,0.0010105486803884123,0.6114270793091792,13.0,14.0,21.0,0.03045336449784892,0.9285714285714286,0.2857142857142857,0.024076836326947577,48.0
2025-09-26 17:00:00+00:00,109899.99,68830180.5622268,0.004019550153521845,0.009776085118894606,1.1599514675300222,51.39270542216111,-336.65061888193304,-474.90697168807594,0.004813629157990107,0.9780849617882454,10.0,10.0,14.0,-0.11972368285059928,1.0,-0.10000000000000003,-0.11972368285059928,47.0
2025-09-26 18:00:00+00:00,109727.99,62842424.6565727,-0.0015650592870845026,0.006422308149354183,-0.08699317445841648,49.37754935356072,-286.69323071220424,-437.26422349290164,0.003099788705724249,0.7965157441076604,14.0,16.0,24.0,0.2386590843088925,0.875,0.375,0.2673837813947882,37.0
2025-09-26 19:00:00+00:00,109172.2,66027425.155596,-0.005065161587303413,-0.0026293620839245024,0.05068232991373267,43.44893372901709,-288.62219176767394,-407.53581714785616,-0.0020621348366689496,0.29572217425868524,14.0,14.0,18.0,-0.2181035458509411,1.0,-0.2857142857142857,-0.2181035458509411,38.0
2025-09-26 20:00:00+00:00,109288.44,26782190.036354,0.0010647399246328515,-0.005564604691956743,-0.5943777911490444,44.937970870032174,-277.5716377026838,-381.5429812588217,-0.0009157123522601784,0.4094367612536458,14.0,17.0,17.0,-0.08281037167591207,0.8235294117647058,-0.05882352941176472,-0.13840907546026365,42.0
2025-09-26 21:00:00+00:00,109469.07,23065101.2496663,0.0016527823070766612,-0.0023596531750923466,-0.13878957552172344,47.2618246408885,-251.3413558830507,-355.5026561836675,0.0008322328534644541,0.5845665718128291,4.0,7.0,4.0,0.0676718173282487,0.5714285714285714,0.0,-0.06057828105986118,32.0
2025-09-26 22:00:00+00:00,109558.25,20074983.8178264,0.0008146593371076705,0.003536156640610022,-0.12963816631341074,48.41928522382047,-220.8122022536263,-328.5645653976593,0.0016766237147374241,0.6719799550788421,3.0,3.0,3.0,-0.4476622777680556,1.0,-0.6666666666666666,-0.4476622777680556,21.0
2025-09-26 23:00:00+00:00,109643.46,23418543.7920664,0.0007777597761922106,0.0032484679989943643,0.16655355763081348,49.55842631529195,-187.57959240431956,-300.3675707989913,0.0024266113668407474,0.7463431438734948,2.0,3.0,6.0,-0.2951641579469045,0.6666666666666666,-0.3333333333333333,-0.1781197041273117,9.0
2025-09-27 00:00:00+00:00,109649.29,29425269.7233261,5.317234607504773e-05,0.001646309774989252,0.2564944252978967,49.64037374440377,-158.9399169679382,-272.0820400327807,0.0023372846855418405,0.7320030226406277,4.0,4.0,6.0,-0.17881866917014122,1.0,0.0,-0.17881866917014122,9.0
2025-09-27 01:00:00+00:00,109431.92,25202561.6759499,-0.0019824113772191065,-0.0011530852309159512,-0.14350617979310343,46.60051662401724,-152.03020069190825,-248.0716721646062,0.0002683438059323251,0.526815367966451,3.0,3.0,4.0,-0.020936906337738037,1.0,0.0,-0.020936906337738037,9.0
2025-09-27 02:00:00+00:00,109408.18,30704083.4543538,-0.00021693853128046392,-0.002145864422739008,0.2182921660560342,46.26727606606112,-146.77785659313668,-227.81290905031233,2.9326820856434566e-05,0.5029325249576642,4.0,4.0,7.0,-0.07329387590289116,1.0,0.0,-0.07329387590289116,11.0
2025-09-27 03:00:00+00:00,109553.77,28739548.3604162,0.0013307048887936102,-0.0008711410716839563,-0.06398286067904202,48.69053659903619,-129.37607296483475,-208.12554183321683,0.0012531089986944632,0.6248101231272835,6.0,6.0,7.0,-0.2538973738749822,1.0,-0.16666666666666669,-0.2538973738749822,13.0
2025-09-27 04:00:00+00:00,109654.99,27191908.1587622,0.0009239298656724682,0.002038436317301162,-0.0538505401074989,50.366466750706984,-106.19329578636098,-187.73909262384566,0.0021379935872209987,0.7106103130082769,3.0,3.0,4.0,-0.2936287224292755,1.0,-0.3333333333333333,-0.2936287224292755,13.0
2025-09-27 05:00:00+00:00,109635.72,14141068.6343024,-0.0001757329967382315,0.0020797348059351517,-0.4799530598684505,50.031423122461604,-88.35717924156052,-167.86270994738865,0.0019312100673782862,0.6887798746451287,5.0,6.0,8.0,-0.06959413612882297,0.8333333333333334,0.16666666666666669,-0.2127029553055763,14.0
2025-09-27 06:00:00+00:00,109541.36,26405051.0724417,-0.0008606684025972422,-0.00011327770828883921,0.8672599472709017,48.335836365724916,-80.90338788319787,-150.4708455345505,0.0007733056746681566,0.5836827143890956,4.0,4.0,4.0,-0.5686027370393276,1.0,-0.5,-0.5686027370393276,12.0
2025-09-27 07:00:00+00:00,109411.2,31823582.9354771,-0.0011882269856792194,-0.0022232458367832386,0.20520815688520244,46.01903419999457,-84.52468083167332,-137.28161259397507,-0.0005426251357538714,0.4386697551417701,4.0,6.0,4.0,-0.028737497826417286,0.6666666666666666,0.0,0.009949959814548492,13.0
2025-09-27 08:00:00+00:00,109252.01,41452720.0011159,-0.0014549698751133988,-0.003499863000854142,0.3025786595168136,43.286325379070796,-99.09754931458156,-129.64479993809638,-0.0019417972763571267,0.28396440064772654,5.0,5.0,5.0,0.15212024450302125,1.0,0.19999999999999996,0.15212024450302125,13.0
2025-09-27 09:00:00+00:00,109292.73,44768382.0788167,0.0003727162548314844,-0.0022697362895622852,0.07998659865049951,44.199121043394584,-106.13740297709592,-124.9433205458963,-0.0013978436324022514,0.3432296537459966,9.0,9.0,9.0,-0.10549871106114653,1.0,-0.1111111111111111,-0.10549871106114653,18.0
2025-09-27 10:00:00+00:00,109431.7,35278044.4081068,0.0012715392871969211,0.0001873665584510853,-0.2119875061377413,47.31561078996243,-99.35748886108922,-119.8261542089349,-0.00040011691017305395,0.44528414429564656,9.0,9.0,15.0,0.16004099696874619,1.0,0.33333333333333337,0.16004099696874619,23.0
2025-09-27 11:00:00+00:00,109310.21,26730503.0737235,-0.0011101901916902301,0.0005327133111785454,-0.24229067902695578,44.95199030186167,-102.60482123332622,-116.38188761381316,-0.0016386438515915147,0.24606351283313596,8.0,9.0,10.0,0.07189820665452215,0.8888888888888888,0.3333333333333333,0.06988197797909379,26.0
2025-09-27 12:00:00+00:00,109400.05,36746257.5683361,0.0008218811399227643,0.0009819500345540355,0.37469382701062015,47.05812670183877,-96.81301814908511,-112.46811372086756,-0.0007907495441918932,0.3781412901232523,4.0,4.0,6.0,0.04188814852386713,1.0,0.25,0.04188814852386713,21.0
2025-09-27 13:00:00+00:00,109306.61,36825559.6028026,-0.0008541129551585813,-0.0011430874234796828,0.0021580982585511777,45.12436162158509,-98.62590156572696,-109.69967128983944,-0.0013735764581249699,0.25607447085849633,4.0,5.0,4.0,-0.16612311266362667,0.8,-0.4,-0.23248083656653762,16.0
2025-09-27 14:00:00+00:00,109287.89,29909817.5381171,-0.00017126137202494451,-0.00020418952630318898,-0.1877973380249509,44.72780576327704,-100.41564325607033,-107.84286568308563,-0.0013438348227911012,0.24639125560027633,3.0,3.0,3.0,0.3650423275927703,1.0,0.6666666666666666,0.3650423275927703,11.0
2025-09-27 15:00:00+00:00,109402.24,22394142.3558389,0.0010463190386418297,2.0018272386623792e-05,-0.25127786796760687,47.74850198872092,-91.55158739229955,-104.58461002492842,-0.00040398293578336464,0.4164078749296904,6.0,6.0,6.0,-0.15208049366871515,1.0,0.0,-0.15208049366871515,13.0
2025-09-27 16:00:00+00:00,109389.04,19309853.8801178,-0.00012065566482011292,0.0007541172487188774,-0.13772746581281425,47.426289815905214,-84.6164827994071,-100.59098457982417,-0.0005705221841919572,0.3780106011733257,10.0,11.0,15.0,-0.13975289396264337,0.9090909090909091,0.0,-0.1605958089232445,19.0
2025-09-27 17:00:00+00:00,109382.47,20024506.1963279,-6.0060861673094657e-05,0.0008654206792719776,0.03700972159845972,47.25536330769401,-78.74280845683825,-96.22134935522699,-0.0005910112537460543,0.3744141585483897,4.0,5.0,5.0,-0.17375504076480866,0.8,-0.2,-0.20517215132713318,20.0
2025-09-27 18:00:00+00:00,109434.96,16931995.8067533,0.0004798757972828138,0.0002990797994630867,-0.15443628718004065,48.841724413978014,-69.05633643963665,-90.78834677210894,-5.509818578930403e-05,0.4880570896547097,5.0,5.0,7.0,0.08521484062075615,1.0,0.2,0.08521484062075615,19.0
2025-09-27 19:00:00+00:00,109424.2,8353088.8154334,-9.832324149439131e-05,0.00032142159762993394,-0.5066683862453012,48.51957222002047,-61.538600968167884,-84.93839761132074,-5.32486389681619e-05,0.4875890111460814,3.0,3.0,5.0,-0.3954673806826274,1.0,-0.3333333333333333,-0.3954673806826274,12.0
2025-09-27 20:00:00+00:00,109390.0,6583966.1813729,-0.00031254512255973754,6.884101264126308e-05,-0.21179262823014877,47.44832548119528,-57.675547809980344,-79.48582765105266,-0.0002473334540488148,0.43631291507850367,7.0,7.0,8.0,0.3773900020335402,1.0,0.42857142857142855,0.3773900020335402,15.0
2025-09-27 21:00:00+00:00,109474.99,13097478.1662718,0.0007769448761312248,0.00036578804433240464,0.9892991254005337,50.380254733818994,-47.21183895030117,-73.03102991090236,0.0005097276514940408,0.6303791228926756,5.0,5.0,7.0,-0.545854352414608,1.0,-0.39999999999999997,-0.545854352414608,15.0
2025-09-27 22:00:00+00:00,109605.62,19218258.5752843,0.001193240574856258,0.001657951348970288,0.4673251087964807,54.57514193657607,-28.055123018086306,-64.03584853233916,0.0016132090948250966,0.8860166441969324,3.0,3.0,4.0,-0.23939442882935205,1.0,0.3333333333333333,-0.23939442882935205,15.0
2025-09-27 23:00:00+00:00,109635.85,10689940.7336281,0.0002758070252237843,0.0022474632050462073,-0.4437612184396389,55.51245379776992,-10.31507352112385,-53.2916935300961,0.0018518878623223767,0.9219905197084516,1.0,1.0,2.0,0.043146491050720215,1.0,0.0,0.043146491050720215,9.0
2025-09-28 00:00:00+00:00,109607.81,31032199.2083132,-0.00025575575872316403,0.0012132451439363923,1.9029346356143049,54.39135229207995,1.4645672360056778,-42.340441376875745,0.0016172498659496881,0.881162871155037,4.0,5.0,5.0,-0.16606446877121925,0.8,-0.2,-0.21833568159490824,8.0
2025-09-28 01:00:00+00:00,109353.67,24253193.576593,-0.00231863039686675,-0.0022986959975227483,-0.21845069974622278,45.435110678085564,-9.596336070928373,-35.791620315686274,-0.0005763332509738373,0.3528214838342504,3.0,3.0,5.0,-0.19705932339032492,1.0,-0.3333333333333333,-0.19705932339032492,8.0
2025-09-28 02:00:00+00:00,109447.55,21290082.5837857,0.0008584988505644375,-0.0017175039004121428,-0.12217405445800866,48.78969016345621,-10.663923151048948,-30.76608088275881,0.00032455294682387503,0.5857314131368575,2.0,2.0,2.0,-0.2932209074497223,1.0,0.0,-0.2932209074497223,9.0
2025-09-28 03:00:00+00:00,109436.0,13469238.5014706,-0.00010553000044311034,-0.001567497790531558,-0.3673468175398894,48.39548416014219,-12.300193106697407,-27.07290332754653,0.0002076530380956676,0.5547833882431685,4.0,4.0,7.0,0.14101070165634155,1.0,0.0,0.14101070165634155,9.0
2025-09-28 04:00:00+00:00,109365.9,10863025.3974345,-0.0006405570379034442,0.00011183895337030236,-0.19349372303055945,45.96791985917399,-19.034020643375698,-25.465126790712365,-0.0004850575527923784,0.3640753596221071,0.0,0.0,0.0,0.0,0.0,0.0,0.0,6.0
2025-09-28 05:00:00+00:00,109356.43,13569821.1840847,-8.659006143596493e-05,-0.0008325449039289223,0.24917513193787255,45.63489275430248,-24.84834112774115,-25.34176965811812,-0.0006006964247493585,0.3259905212211028,2.0,3.0,2.0,0.0646945262948672,0.6666666666666666,0.0,0.059488445520401,6.0
2025-09-28 06:00:00+00:00,109410.0,18267054.6130081,0.0004898660279968325,-0.00023758178295985033,0.34615293489884214,47.93286491532564,-24.847158132557524,-25.242847353006002,-0.00010120993648243815,0.470684575939579,3.0,3.0,3.0,0.4687827614446481,1.0,0.6666666666666666,0.4687827614446481,5.0
2025-09-28 07:00:00+00:00,109513.06,19557145.1028678,0.0009419614294854384,0.0013455748089670205,0.07062389187477525,52.12545451768075,-16.34176224595285,-23.462630331595374,0.0007478944513612529,0.7203132478706392,3.0,3.0,6.0,0.01260685920715332,1.0,0.0,0.01260685920715332,8.0
2025-09-28 08:00:00+00:00,109509.91,23686050.1800992,-2.876369265902845e-05,0.001403484001809563,0.21112003083854747,51.98766249956381,-9.743041682391777,-20.718712601754653,0.0006688797570761906,0.6944615315482716,3.0,3.0,5.0,0.12012299709022045,1.0,0.3333333333333333,0.12012299709022045,9.0
2025-09-28 09:00:00+00:00,109519.42,22949444.3977455,8.684145571846713e-05,0.001000091399323555,-0.031098717462508363,52.396795995712644,-3.7034396262606606,-17.315658006655855,0.0006584855610549667,0.698503546043678,6.0,6.0,7.0,0.17885461387534937,1.0,0.33333333333333337,0.17885461387534937,12.0
2025-09-28 10:00:00+00:00,109368.44,15724598.2662885,-0.0013785682940979926,-0.0013205730896387324,-0.31481573175543864,45.73375299461445,-10.973341837248881,-16.04719477277446,-0.0007577611311572197,0.2566904235337247,3.0,3.0,7.0,-0.1608650628477335,1.0,0.0,-0.1608650628477335,12.0
2025-09-28 11:00:00+00:00,109369.02,32060196.2022003,5.303175212079125e-06,-0.001286550230933381,1.0388562975839708,45.762286984935606,-16.497814032889437,-16.13731862479746,-0.0007372974751500561,0.2667032992405773,6.0,6.0,8.0,0.34884252212941647,1.0,0.6666666666666666,0.34884252212941647,15.0
2025-09-28 12:00:00+00:00,109314.99,33693656.484878,-0.000494015581377627,-0.0018666095930748305,0.05094979058692095,43.469272733708365,-24.948180408013286,-17.899490981440625,-0.0011971609984938736,0.137996171429618,6.0,7.0,11.0,0.3153438669230257,0.8571428571428571,0.5714285714285714,0.3672119614978631,15.0
2025-09-28 13:00:00+00:00,109639.0,36361471.2533604,0.0029640033814208877,0.002473839802414668,0.07917854714520911,57.2901403680797,-5.437576509240898,-15.407108087000681,0.0016459063366112137,0.9577012925855033,6.0,7.0,7.0,0.07481873434569154,0.8571428571428571,0.14285714285714285,0.08610108618934949,18.0
2025-09-28 14:00:00+00:00,109850.01,40598576.7884343,0.0019245888780452525,0.0043978633071777296,0.11652734031443579,63.54155350405008,26.743182403006358,-6.9770499889992745,0.003383429625174683,1.2128695619321281,3.0,4.0,4.0,-0.015073237009346485,0.75,0.0,-0.027082165082295735,15.0
2025-09-28 15:00:00+00:00,110037.93,37245236.8623911,0.0017106962484572108,0.006613365650950387,-0.0825974748700673,68.02955857801258,66.64203132396506,7.746766273593591,0.004818269115922202,1.2448194936660382,4.0,4.0,8.0,-0.15175467357039452,1.0,0.0,-0.15175467357039452,13.0
2025-09-28 16:00:00+00:00,110222.02,56882280.5067662,0.0016729685845600084,0.005317633323908444,0.5272363743296229,71.7042304650078,111.827602058911,28.562933430657072,0.006117092594694951,1.2193483135898333,5.0,7.0,7.0,0.04880156580890928,0.7142857142857143,0.0,0.057349251210689546,12.0
2025-09-28 17:00:00+00:00,110203.52,41327486.5243928,-0.00016784304987338405,0.003218115319243209,-0.2734558784175881,70.82323853542225,144.4792303890572,51.7461928223371,0.0056138516419739215,1.0659630425589006,2.0,2.0,3.0,0.016525662504136562,1.0,0.0,0.016525662504136562,11.0
2025-09-28 18:00:00+00:00,110293.56,15479169.2588833,0.0008170337934758631,0.002323108041018207,-0.6254509876920049,72.58849752843892,175.59718158346368,76.51639057456242,0.006119676604037894,1.0370549441551506,3.0,3.0,4.0,0.3075894092520078,1.0,0.3333333333333333,0.3075894092520078,10.0
2025-09-28 19:00:00+00:00,110337.6,20321288.8701972,0.00039929801885074667,0.001048610794830207,0.31281521187159766,73.43509340415531,201.48939768636774,101.5109919969235,0.0061993588198459015,0.9868994385927987,2.0,2.0,2.0,0.061575502157211304,1.0,0.0,0.061575502157211304,7.0
2025-09-28 20:00:00+00:00,110803.8,56475071.3796461,0.004225214251533549,0.005447012944777008,1.7791087337216749,80.352699606134,256.6688901010493,132.54257161774868,0.00990003959392416,1.1334011261624448,6.0,6.0,6.0,-0.0410541407763958,1.0,0.33333333333333337,-0.0410541407763958,11.0
2025-09-28 21:00:00+00:00,110833.99,30524908.887108,0.0002724635797688446,0.004899923440679688,-0.4594976484065263,80.70313647767925,299.3840036441543,165.9108580230298,0.009494191074668423,1.0386940414786816,6.0,6.0,9.0,0.06669693191846211,1.0,0.16666666666666669,0.06669693191846211,14.0
2025-09-28 22:00:00+00:00,111938.51,126085910.2830915,0.009965534941041021,0.01450919722741828,3.130590880693605,88.66724924971932,417.548334726147,216.23835336365326,0.0183990650946666,1.259578135430334,3.0,3.0,3.0,0.4897449016571045,1.0,0.3333333333333333,0.4897449016571045,15.0
2025-09-28 23:00:00+00:00,112163.95,90537838.0072953,0.0020139628444224567,0.012275301027582008,-0.2819353264451413,89.60982370771914,523.3526586824155,277.66121442740575,0.019185352292554247,1.1470256195907098,5.0,5.0,10.0,-0.27455732226371765,1.0,-0.6000000000000001,-0.27455732226371765,14.0
2025-09-29 00:00:00+00:00,112260.57,80360974.6775537,0.0008614175945123037,0.0128713222360759,-0.11240453222355029,89.99394123102674,607.9912297742703,343.7272174967787,0.01872354179973401,1.0546817965113766,4.0,4.0,7.0,0.17104863561689854,1.0,0.25,0.17104863561689854,12.0
2025-09-29 01:00:00+00:00,111855.3,72722487.5624679,-0.0036100832197806243,-0.0007433545434899491,-0.09505219599108927,77.11596528977267,635.0455948203162,401.9908929614862,0.013896292705468216,0.8929602876653776,3.0,4.0,6.0,0.6277853101491928,0.75,1.0,0.7864037156105042,12.0
2025-09-29 02:00:00+00:00,111750.02,69488405.5887079,-0.0009412160174797624,-0.003690401416854505,-0.04447155319022833,74.14759872131323,640.606643277235,449.714043024636,0.011868871126058389,0.8280405488751182,1.0,3.0,1.0,0.22277895857890448,0.3333333333333333,0.3333333333333333,0.7208142280578613,8.0
2025-09-29 03:00:00+00:00,111857.51,34642670.1962474,0.0009618790224823481,-0.0035903968775502504,-0.5014611444491547,75.19733092634974,646.2379303215275,489.0188204840143,0.01176825466819098,0.8186639423322766,7.0,9.0,9.0,-0.5648895386192534,0.7777777777777778,-0.7777777777777777,-0.49668898965631214,11.0
2025-09-29 04:00:00+00:00,111812.0,31179410.7919389,-0.00040685690214270487,-0.0003871072716268298,-0.0999709140400975,73.83043170313253,639.654945181639,519.1460454235392,0.010304743337940403,0.7778874279497031,5.0,5.0,10.0,0.23180935382843018,1.0,0.19999999999999996,0.23180935382843018,13.0
2025-09-29 05:00:00+00:00,111753.34,38944552.5537265,-0.0005246306299860892,2.9709166942337717e-05,0.24904709757360766,72.01338045885379,622.5283904973039,539.8225144382923,0.008756612258383534,0.7386940847387885,5.0,5.0,10.0,0.05688113868236542,1.0,-0.19999999999999996,0.05688113868236542,17.0
2025-09-29 06:00:00+00:00,111632.83,37381242.4628273,-0.0010783570316555968,-0.0020086268682361075,-0.040141945108818855,68.29473557751213,592.4024756819708,550.338506687028,0.0066400353118534206,0.6883258916785521,8.0,9.0,12.0,-0.06053893268108368,0.8888888888888888,-0.1111111111111111,-0.05315842013806105,18.0
2025-09-29 07:00:00+00:00,111865.95,97087252.8191468,0.002088274569407522,0.00048250634994451147,1.5972184556383437,71.37416851207739,580.6449928416841,556.3998039179593,0.007607818029906399,0.7263502623389848,5.0,5.0,10.0,0.10451738014817238,1.0,0.4,0.10451738014817238,18.0
2025-09-29 08:00:00+00:00,112099.75,88351130.6883079,0.0020900014705100833,0.003099773125349037,-0.08998217456119051,74.09200220272152,583.4669650569413,561.8132361457557,0.008448968023352377,0.7687226724288057,7.0,7.0,12.0,-0.03518552519381046,1.0,-0.14285714285714285,-0.03518552519381046,20.0
2025-09-29 09:00:00+00:00,112110.9,51596365.9014981,9.946498542579008e-05,0.004282521548544471,-0.4160078597802688,74.21772125858857,579.9181744557136,565.4342238077473,0.007429153007975753,0.7510927922516067,11.0,12.0,15.0,-0.16840079970036945,0.9166666666666666,-0.08333333333333331,-0.193397876044566,23.0
2025-09-29 10:00:00+00:00,112090.18,53371908.8562128,-0.00018481699816874642,0.0020044526506948213,0.03441217077389447,73.50391997081331,568.8761513412901,566.1226093144559,0.006230183254563926,0.7249943639851262,15.0,18.0,23.0,0.09655619598925114,0.8333333333333334,0.16666666666666669,0.0602080162614584,33.0
2025-09-29 11:00:00+00:00,112100.0,45023424.4092072,8.760803131901973e-05,2.230156623816981e-06,-0.15642094551081032,73.63334882455788,554.5254363503045,563.8031747216256,0.00538779336348072,0.7089570205943442,14.0,15.0,18.0,0.10166924508909385,0.9333333333333333,0.1333333333333333,0.16592609576348746,40.0
2025-09-29 12:00:00+00:00,112022.16,83558084.8547401,-0.0006943800178411674,-0.0007915376649370032,0.8558802656879345,70.68582169035707,530.7531617978384,557.1931721368683,0.0038792976443111638,0.6630442560789311,21.0,21.0,26.0,0.11741730739318189,1.0,0.14285714285714285,0.11741730739318189,50.0
2025-09-29 13:00:00+00:00,113227.29,188528854.8225499,0.010757960746337947,0.010144599642894603,1.256261080544081,82.41943612976581,602.2154177832563,566.1976212661459,0.013306097839108189,1.0505374379514627,6.0,11.0,17.0,0.11109281229701909,0.5454545454545454,0.2727272727272727,0.004934539397557576,41.0
2025-09-29 14:00:00+00:00,114033.53,203838443.3583698,0.0071205448792424075,0.017248260481712796,0.08120554569871974,86.35454840523707,715.6569526118838,596.0894875352935,0.018816392499359846,1.1918762045528777,15.0,18.0,33.0,0.10320832311279243,0.8333333333333334,0.3333333333333333,0.11623418057958285,42.0
2025-09-29 15:00:00+00:00,113815.57,97790910.146178,-0.0019113676477435781,0.016009421707276594,-0.5202528603780048,81.07144189314496,778.9928906957211,632.6701681673791,0.015291630166030856,1.0529161767668556,13.0,14.0,17.0,-0.07915525404470307,0.9285714285714286,0.0,-0.08727385963384922,34.0
2025-09-29 16:00:00+00:00,113626.15,82888407.5717341,-0.0016642714173465967,0.003522649000960776,-0.15239149070366176,76.68083362216623,804.627225197939,667.061579573491,0.012327552470666747,0.9418550573276315,11.0,13.0,14.0,0.2229482879718909,0.8461538461538461,0.46153846153846156,0.16651705229146915,39.0
2025-09-29 17:00:00+00:00,114043.91,95976164.9523847,0.0036766184544667624,9.102585879783298e-05,0.15789611314856122,79.33852106454738,848.8671485236118,703.4226933635152,0.014598715544627439,1.008752808057652,0.0,1.0,0.0,0.14244049787521362,0.0,1.0,0.0,24.0
2025-09-29 18:00:00+00:00,114008.79,45239648.5654859,-0.0003079515600614702,0.001697658764965082,-0.5286366298556521,78.52825220012414,871.0527619722416,736.9487070852605,0.013353052492929507,0.9314865903951451,10.0,13.0,14.0,0.2424114843687186,0.7692307692307693,0.3076923076923077,0.26740222666412594,21.0
2025-09-29 19:00:00+00:00,114265.55,85379189.8591843,0.002252107052447494,0.005627225775052702,0.8872646575844874,80.12627124744502,898.9904048511089,769.3570466384302,0.014687523435093164,0.9369705063908449,6.0,7.0,9.0,-0.000415918550321034,0.8571428571428571,0.14285714285714285,-0.0038530143598715463,16.0
2025-09-29 20:00:00+00:00,114258.29,56861616.7857482,-6.353621017018973e-05,0.0018798022621286936,-0.33401081833254764,79.94509539382301,910.0548212963622,797.4966015700167,0.013723885073575914,0.8838618785338507,12.0,13.0,21.0,0.22442602996642774,0.9230769230769231,0.38461538461538464,0.22796652962764105,28.0
2025-09-29 21:00:00+00:00,114176.73,24928851.5225501,-0.0007138212903413654,0.0014730443152672912,-0.5615873601258861,77.81636050565429,901.8463176988153,818.3665447957765,0.011958141684800472,0.8257590420891876,1.0,5.0,1.0,-0.2634775608778,0.2,-0.39999999999999997,-0.18495871126651764,19.0
2025-09-29 22:00:00+00:00,114189.81,50643570.2507602,0.00011455924512815407,-0.0006628419501766292,1.0315244047624543,77.91791171623959,886.1811218010262,831.9294601968264,0.010980994765165564,0.796727825611123,9.0,9.0,16.0,0.18802168178889486,1.0,0.2222222222222222,0.18802168178889486,22.0
2025-09-29 23:00:00+00:00,114311.96,39464066.6736083,0.0010697101606527148,0.00046972521643739995,-0.2207487252931991,78.88979725719722,873.5530495528947,840.2541780680401,0.010964013451065346,0.7941591100899342,6.0,7.0,7.0,-0.11399973982146808,0.8571428571428571,-0.14285714285714285,-0.13811140259106955,16.0
2025-09-30 00:00:00+00:00,114525.97,109113615.791209,0.0018721575590165962,0.003058766878329733,1.7648852484880635,80.50842572883123,870.7762630388024,846.3585950621926,0.011642620486675526,0.8116416308887143,4.0,6.0,6.0,0.3227041754871607,0.6666666666666666,0.5,0.22805021982640028,19.0
2025-09-30 01:00:00+00:00,114500.31,87732233.7181448,-0.0002240539853101131,0.002719156814430246,-0.195955215286586,79.71915728649671,856.6303902652144,848.4129541027971,0.010190353623145576,0.7782679159631207,1.0,2.0,1.0,0.15135042369365692,0.5,0.0,0.605266273021698,11.0
2025-09-30 02:00:00+00:00,114455.96,44185465.1278323,-0.00038733519586098275,0.0012597107074361347,-0.49635996651144365,78.29054501607123,832.2473800834414,845.179839298926,0.008543064855026872,0.7458542735122311,3.0,5.0,3.0,-0.051738157868385315,0.6,0.0,-0.16552124669154486,8.0
2025-09-30 03:00:00+00:00,114376.39,44410900.2306327,-0.0006952018925009407,-0.001306079311094277,0.005102019457036366,75.67044201272643,797.3121170625818,835.6062948516573,0.006728428943572506,0.7055410479874704,5.0,5.0,10.0,0.14506591558456422,1.0,0.2,0.14506591558456422,9.0
2025-09-30 04:00:00+00:00,114091.63,40598976.1697289,-0.0024896746610030274,-0.003569247978455148,-0.08583307343710411,67.02547644344136,738.1391090882535,816.1128576989765,0.0033424571789775204,0.6095919502541964,6.0,8.0,9.0,0.2593263254966587,0.75,0.375,0.33846230804920197,14.0
2025-09-30 05:00:00+00:00,113904.0,79595171.300194,-0.0016445553455587403,-0.0048224662132055895,0.9605216389555447,61.999363904654295,668.399013278322,786.5700888148457,0.0009032505094035415,0.5327037077147811,8.0,9.0,13.0,0.016081275625361338,0.8888888888888888,0.2222222222222222,0.02251256676390767,19.0
2025-09-30 06:00:00+00:00,113891.64,60113645.6062512,-0.00010851243152132373,-0.004238199859254221,-0.24475763260145544,61.671286603842894,605.1562713955645,750.2873253309895,3.143348584089267e-06,0.5001314816866059,5.0,5.0,7.0,-0.11335697770118713,1.0,-0.19999999999999996,-0.11335697770118713,19.0
2025-09-30 07:00:00+00:00,113699.23,84808256.0939466,-0.001689412848914995,-0.003439340817551706,0.4107987502446102,56.64609337881549,533.3618010156933,706.9022204679302,-0.0023866853747189776,0.3755052599992212,9.0,9.0,16.0,-0.10863791902860005,1.0,-0.1111111111111111,-0.10863791902860005,22.0
2025-09-30 08:00:00+00:00,113451.89,74203391.9210147,-0.0021753885228598113,-0.003969219693777171,-0.12504518618074567,50.903966537523644,451.3035487121815,655.7824861167805,-0.005180865102054399,0.06780065581071172,13.0,14.0,18.0,-0.1462774673210723,0.9285714285714286,0.0,-0.1670838539990095,27.0
2025-09-30 09:00:00+00:00,112781.97,112534196.9641622,-0.005904881796151673,-0.009743208544542803,0.516564055238182,39.287573564767214,328.42892313293123,590.3117735200108,-0.010862032626003049,-0.2679980868705604,9.0,9.0,13.0,0.01607505687408977,1.0,0.0,0.01607505687408977,31.0
2025-09-30 10:00:00+00:00,112923.49,81491748.2246925,0.001254810498522163,-0.006822737497870435,-0.275849027023808,42.2839464479936,239.70619456647546,520.1906577293038,-0.009138528032852533,-0.05559426941443878,10.0,11.0,14.0,0.01995018581775102,0.9090909090909091,0.2727272727272727,-0.06599474344402552,32.0
2025-09-30 11:00:00+00:00,113055.01,56340949.2395193,0.0011646823880486767,-0.0034982229031178536,-0.30863000896515747,45.00060373014607,177.95401469741773,451.7433291229266,-0.007653361407935488,0.07122612006731327,11.0,12.0,15.0,-0.027585200344522793,0.9166666666666666,0.08333333333333331,0.052388200028376145,30.0
2025-09-30 12:00:00+00:00,113002.06,39315917.1001701,-0.00046835606843076416,0.0019514644051703556,-0.30217865281203515,44.10060555958547,123.32077958977607,386.0588192162965,-0.007846382861966927,0.08915964416026055,17.0,19.0,19.0,-0.0395755305101997,0.8947368421052632,0.05263157894736842,0.0020605807795244105,38.0
2025-09-30 13:00:00+00:00,113404.53,93302347.1626907,0.0035616164873455425,0.004259875425387527,1.3731443660584746,51.96450248018114,111.21746684631216,331.09054874229963,-0.004033157678820953,0.2923436426274221,16.0,22.0,25.0,0.2775838876312429,0.7272727272727273,0.6363636363636364,0.25273591466248035,44.0
2025-09-30 14:00:00+00:00,113595.05,103057049.6393775,0.0016800034354889082,0.004776789635417389,0.10454937923134544,55.17893714102448,115.66555553053331,288.00555009994633,-0.0021786437450670437,0.3882367597903162,17.0,17.0,23.0,-0.016932669040911338,1.0,0.0,-0.016932669040911338,50.0
2025-09-30 15:00:00+00:00,113106.16,85865428.0857372,-0.004303796688324035,0.0009212221440919599,-0.16681655077258772,46.56741865194637,78.83262722865038,246.17096552568717,-0.0059668970377704245,0.20118876569526975,12.0,13.0,16.0,0.1535479717243176,0.9230769230769231,0.23076923076923073,0.16632250184193254,45.0
2025-09-30 16:00:00+00:00,112841.24,43717317.0409259,-0.0023422243315482927,-0.0049670855300048,-0.4908624109196327,42.68034635485396,27.94332297812798,202.52543701617535,-0.0076772391189683376,0.1316087302682561,11.0,14.0,16.0,0.06230477562972477,0.7857142857142857,0.14285714285714288,0.033691407943313774,40.0
2025-09-30 17:00:00+00:00,113246.11,84452813.2253544,0.0035879612808225048,-0.003071788779528739,0.9317931415208769,49.603813881526364,20.05166497013124,166.03068260696654,-0.0037091488959700714,0.32160591676470535,6.0,7.0,7.0,0.3311482431100948,0.8571428571428571,0.5714285714285714,0.3905465267598629,29.0
2025-09-30 18:00:00+00:00,113714.56,48989147.2758109,0.004136565927076896,0.005379017376241801,-0.41992284916444456,56.196484758283354,51.0094637961156,143.02643884479636,0.0006212560812075552,0.530494971962117,4.0,6.0,6.0,0.19832858815789223,0.6666666666666666,0.33333333333333337,0.3023181315511465,21.0
2025-09-30 19:00:00+00:00,114359.99,110869977.5728852,0.005675878269238321,0.01345917503210714,1.2631538562752014,63.3168316304702,126.17013850255171,139.65517877634744,0.006279396041718455,0.8067217387379201,7.0,7.0,10.0,-0.34031543135643005,1.0,-0.2857142857142857,-0.34031543135643005,17.0
2025-09-30 20:00:00+00:00,114626.36,81282781.1396782,0.0023292237083964995,0.012188056614041765,-0.26686391646247587,65.7884731936079,204.86775955742633,152.69769493256322,0.008578699251858612,0.9134025978166644,5.0,8.0,7.0,0.08928451780229807,0.625,0.5,0.1072902038693428,16.0
2025-09-30 21:00:00+00:00,114161.0,74347900.9351215,-0.004059799159634836,0.003925970429820014,-0.08531794935313086,58.38692339607954,227.06802950575366,167.57176184720132,0.0046340407256997285,0.7311723322341946,7.0,9.0,11.0,0.08750470024016169,0.7777777777777778,0.0,-0.0927825713796275,19.0
2025-09-30 22:00:00+00:00,113940.39,39808902.6371059,-0.0019324462820052846,-0.003669115396040201,-0.46455915854511487,55.21549676361658,224.27521502645686,178.91245248305245,0.002920156553241071,0.652813973733463,7.0,9.0,15.0,0.13557234178814623,0.7777777777777778,0.2222222222222222,0.1771670367036547,19.0
2025-09-30 23:00:00+00:00,114048.93,30575134.9279098,0.0009526033744486906,-0.005037497483126985,-0.2319523296929391,56.46833124920448,228.189731146369,188.76790821571578,0.004020238632099549,0.7178970889178901,2.0,2.0,2.0,-0.28779903799295425,1.0,0.0,-0.28779903799295425,16.0
2025-10-01 00:00:00+00:00,114239.53,49594240.0731943,0.0016712125225550878,0.0006878881579523988,0.6220448475575935,58.655591609613026,243.86076535830216,199.78647964423305,0.00563270186634468,0.8007328849965524,3.0,3.0,5.0,-0.1746487890680631,1.0,-0.3333333333333333,-0.1746487890680631,12.0
2025-10-01 01:00:00+00:00,114549.99,68303620.3235774,0.0027176232255157196,0.005350165994692624,0.37724905599462,62.00443978732683,278.1256409903435,215.45431191345517,0.008079008126556486,0.9041858473780096,5.0,6.0,6.0,0.13364544262488684,0.8333333333333334,0.5,0.13428032398223877,10.0
2025-10-01 02:00:00+00:00,114272.15,58162291.0893912,-0.0024254912636832993,0.001957230111672148,-0.14847425635922795,57.51460252052459,279.6379436537536,228.29103826151487,0.0054655752996484175,0.7666420906804507,4.0,4.0,5.0,0.41997941583395004,1.0,0.5,0.41997941583395004,12.0
2025-10-01 03:00:00+00:00,114176.92,57439454.5630595,-0.0008333614095822339,-0.0005480589774835565,-0.012427923879765213,56.01735330127646,270.03934381848376,236.64069937290867,0.004416574353311331,0.7114530871408102,7.0,8.0,12.0,0.023316328413784504,0.875,0.125,0.02726438215800694,16.0
2025-10-01 04:00:00+00:00,114289.01,68450188.1540999,0.0009817220503056667,-0.0022783066153040377,0.19169286468332203,57.42235039013215,268.38335427439597,242.98923035320615,0.005032571177031597,0.7361833362341075,4.0,6.0,5.0,-0.037864809234937034,0.6666666666666666,0.0,-0.011995233595371246,15.0
2025-10-01 05:00:00+00:00,114569.84,64124659.6933922,0.0024571916407361005,0.0026050966924136,-0.06319235311625093,60.80090840916455,286.42981996749586,251.6773482760641,0.0067107465472242556,0.8219679220270921,6.0,8.0,10.0,0.21542574744671583,0.75,0.25,0.24886621659000716,17.0
2025-10-01 06:00:00+00:00,114256.81,44916642.8083633,-0.0027322199280368498,0.0006997035828255616,-0.2995418139740742,55.51313767071562,272.33357719179185,255.80859405920964,0.003372430121185488,0.6701374071384684,8.0,9.0,12.0,0.21308265874783197,0.8888888888888888,0.4444444444444445,0.14508405420929193,18.0
2025-10-01 07:00:00+00:00,114539.02,51092849.860114,0.0024699621843109476,0.0021875244172646635,0.1375037550803042,58.97700341569581,280.6984744223155,260.7865701318308,0.005195727758740887,0.7694758199054139,11.0,12.0,12.0,-0.03574304422363639,0.9166666666666666,0.0,0.04465971599248322,25.0
2025-10-01 08:00:00+00:00,116111.28,340128147.0721095,0.013726850465457074,0.013454151633623734,5.6570596082101305,72.03918570808403,409.4757759627828,290.52441129802116,0.017605551979261724,1.2348399757721724,10.0,10.0,13.0,0.38552132770419123,1.0,0.39999999999999997,0.38552132770419123,29.0
2025-10-01 09:00:00+00:00,116412.1,125799851.5975721,0.0025907904899507006,0.018863558329696106,-0.6301398379390764,73.7606888276178,529.7003196088917,338.3595929601953,0.018899121808999997,1.1513644697013317,14.0,14.0,18.0,0.3380534563745771,1.0,0.5714285714285714,0.3380534563745771,35.0
2025-10-01 10:00:00+00:00,116281.64,63947805.5689203,-0.0011206738818387851,0.015214203858213482,-0.49167026227116417,71.69898463052357,607.4498017292353,392.1776347140033,0.016562074281568195,1.0128240498744496,23.0,24.0,33.0,0.2638841049435238,0.9583333333333334,0.41666666666666663,0.23565625383154207,47.0
2025-10-01 11:00:00+00:00,116789.58,74876107.0517808,0.004368187445584759,0.005841809684640431,0.17089408128450057,74.66786628943368,701.9615634847287,454.1344204681484,0.019361367675580388,1.0476062498015324,14.0,14.0,19.0,0.2632875775120088,1.0,0.5,0.2632875775120088,51.0
2025-10-01 12:00:00+00:00,116402.65,75238003.7814478,-0.003313052414436357,-8.117712849442515e-05,0.004833273842839159,68.75121568622663,737.1434672705509,510.7362298286289,0.01440754462204441,0.9108779864257656,16.0,19.0,23.0,0.05388071299775651,0.8421052631578947,0.15789473684210525,0.16958897456061095,53.0
2025-10-01 13:00:00+00:00,116806.96,143777721.5122387,0.003473374532281026,0.004517652141817097,0.9109720392088798,71.3094905599874,788.5597911224468,566.3009420873925,0.01635401061394104,0.952377750760448,15.0,18.0,25.0,0.21583767131798798,0.8333333333333334,0.4444444444444445,0.3177635528147221,45.0
2025-10-01 14:00:00+00:00,117292.74,191156186.9745912,0.004158827521921538,0.004308261062331065,0.3295257774572504,74.05760021261177,858.6084802813712,624.7624497261883,0.018994569843194142,0.9882970604078313,12.0,15.0,15.0,0.2484685465693474,0.8,0.39999999999999997,0.20613126394649348,43.0
2025-10-01 15:00:00+00:00,117423.73,118324059.3140633,0.001116778412713293,0.008771965243059343,-0.38100847695925677,74.75966014986005,914.1545646049635,682.6408727019434,0.018776742121322743,0.9462126151677088,12.0,13.0,13.0,-0.1445424139786225,0.9230769230769231,-0.07692307692307693,-0.1619678333712121,39.0
2025-10-01 16:00:00+00:00,117535.79,216862234.5104254,0.0009543215838909713,0.006239611064272177,0.8327822402949832,75.37365008023667,956.195119962722,737.3517221540991,0.018463558291316184,0.9099962856506031,12.0,13.0,16.0,0.27366653514596134,0.9230769230769231,0.4615384615384615,0.2574506150558591,36.0
2025-10-01 17:00:00+00:00,116768.07,112811627.6204674,-0.006531797676265105,-0.004473166881428403,-0.47980049234877675,63.904428894021166,916.9934454428585,773.280066811851,0.010669578017877157,0.7372965471165724,10.0,13.0,18.0,0.017464004600277312,0.7692307692307693,-0.07692307692307693,0.08097353484481573,34.0
2025-10-01 18:00:00+00:00,117234.01,61823115.9523376,0.003990303171063747,-0.00161568705064985,-0.4519792218553095,67.1695756194352,912.9988178795029,801.2238170253815,0.01325818498546294,0.7961719331454697,8.0,8.0,11.0,-0.002978301839902997,1.0,-0.125,-0.002978301839902997,30.0
2025-10-01 19:00:00+00:00,117439.53,56758911.8500984,0.0017530748969518672,-0.0008189845833340703,-0.08191441056033855,68.52215438348001,915.8593368212751,824.1509209845603,0.01354939466741345,0.8043719717200247,14.0,14.0,18.0,0.4928087071914758,1.0,0.5714285714285715,0.4928087071914758,32.0
2025-10-01 20:00:00+00:00,117536.12,48447082.8962655,0.0008224658256039685,0.006577568679519974,-0.14644094967473364,69.16512484336559,915.3685258859332,842.394441964835,0.01294205027841877,0.7930116417773552,5.0,6.0,5.0,-0.32177064505716163,0.8333333333333334,-0.16666666666666669,-0.20553757771849632,27.0
2025-10-01 21:00:00+00:00,117554.96,32763168.0821829,0.0001602911513500782,0.0027376867856010456,-0.3237329035406501,69.29686016188246,906.0553432342131,855.1266222187106,0.011794282231553543,0.7687785681402656,6.0,9.0,8.0,0.022955461508697934,0.6666666666666666,0.33333333333333337,-0.06807293246189754,25.0
2025-10-01 22:00:00+00:00,117745.39,69964906.4765099,0.0016199231406313075,0.0026044041559090125,1.135474393105405,70.6612569468536,903.6242702935851,864.8261518336856,0.011920786145845241,0.7800456892936434,5.0,6.0,6.0,0.17493896807233492,0.8333333333333334,0.6666666666666667,0.18370401114225388,16.0
2025-10-01 23:00:00+00:00,118594.99,137334104.4397309,0.00721556911909671,0.009008890203283881,0.9628998501675927,75.82327174812634,959.1962300090963,883.7001674687679,0.01729106744426323,0.911920412856347,3.0,3.0,3.0,0.18527313694357872,1.0,0.6666666666666666,0.18527313694357872,14.0
2025-10-02 00:00:00+00:00,118428.46,263209563.0859899,-0.001404190851569731,0.007430566945027195,0.9165637272677556,73.1080481904855,978.5200590738677,902.6641457897879,0.014062249923596504,0.8517224181742136,6.0,7.0,10.0,0.4678485840559006,0.8571428571428571,0.5714285714285714,0.418168139954408,14.0
2025-10-02 01:00:00+00:00,118617.37,87155016.7299829,0.0015951402222065258,0.007405640254790402,-0.668875949231717,74.23518653569514,997.5783290354448,921.6469824389194,0.013922814333298783,0.8651328422409419,3.0,4.0,3.0,0.6176496502012014,0.75,0.75,0.602410244445006,12.0
2025-10-02 02:00:00+00:00,118753.73,76423180.9259479,0.0011495786831221544,0.0013385051088581346,-0.12313503234453571,75.04815607492479,1012.0193288169103,939.7214517145177,0.013141193081617208,0.8898223008069126,6.0,6.0,6.0,0.4752977391084035,1.0,1.0,0.4752977391084035,15.0
2025-10-02 03:00:00+00:00,118733.99,70840036.3724579,-0.00016622635768992478,0.0025798697373924373,-0.0730556420950329,74.68078834559373,1010.2258177759941,953.822324926813,0.011163347685400726,0.8945666468355957,5.0,6.0,6.0,-0.0756174810230732,0.8333333333333334,0.0,-0.09255740195512771,14.0
2025-10-02 04:00:00+00:00,118662.04,48707810.8174789,-0.0006059764352230879,0.0003765890273912387,-0.31242538384104857,73.27288575806804,991.5684992365132,961.3715597887531,0.009454197813424159,0.84089900872464,5.0,6.0,7.0,0.2725110426545143,0.8333333333333334,0.5,0.1602683037519455,16.0
2025-10-02 05:00:00+00:00,118377.34,57448377.1507893,-0.002399250847195944,-0.003169500444322848,0.17944896694420565,67.82422341372512,942.9399049478816,957.6852288205788,0.006191176990017366,0.7305318027835876,12.0,13.0,16.0,0.01817760903101701,0.9230769230769231,0.23076923076923073,0.011263026545445124,22.0
2025-10-02 06:00:00+00:00,118649.06,45142658.001752,0.0022953717324616374,-0.0007152964370186199,-0.21420481760063492,70.10881490671227,915.770494551427,949.3022819667484,0.0074870894474037275,0.7928827111633171,12.0,14.0,16.0,0.014031980053654738,0.8571428571428571,-0.0714285714285714,0.024220402197291453,29.0
2025-10-02 07:00:00+00:00,118489.76,58808332.0458268,-0.0013426149351710714,-0.001451854358816007,0.30272196297223863,67.10075966397167,871.340096154745,933.7098448043478,0.005408679452166387,0.7173545518695421,9.0,9.0,10.0,0.2894694229794873,1.0,0.4444444444444444,0.2894694229794873,33.0
2025-10-02 08:00:00+00:00,118668.89,36633548.2169218,0.0015117762074967622,0.002462886900482797,-0.37706874276973457,68.72570211175642,840.8897259447549,915.1458210324292,0.005961426236069656,0.7612292015416242,11.0,13.0,16.0,0.22476617719691533,0.8461538461538461,0.3846153846153846,0.3404419843784787,32.0
2025-10-02 09:00:00+00:00,118849.99,40708995.2536833,0.001526095002658323,0.0016934816002756037,0.11124903906739148,70.32167778467075,821.8965330344217,896.4959634328278,0.006624939342054992,0.8037367207548225,14.0,14.0,22.0,0.10497172868677548,1.0,0.2142857142857143,0.10497172868677548,34.0
2025-10-02 10:00:00+00:00,118619.56,46733673.1058153,-0.0019388306216938656,0.0010954533117462084,0.14799377421595517,65.72568762659422,779.2676037396159,873.0502914941854,0.004109066220053581,0.693023322295275,21.0,23.0,28.0,0.3424270349838164,0.9130434782608695,0.5652173913043479,0.3635659972649245,46.0
2025-10-02 11:00:00+00:00,118765.73,49187455.4976432,0.0012322588281392655,0.0008160521262143838,0.05250566088122377,67.19053677151655,748.6486123691429,848.1699556691769,0.00477567752060537,0.7272975847017787,13.0,14.0,17.0,0.3527837036443608,0.9285714285714286,0.6428571428571429,0.31032635414829624,48.0
2025-10-02 12:00:00+00:00,119402.42,110103601.7687897,0.005360889879597375,0.004648128283393227,1.2384488210427,72.66979223946763,766.9178514678351,831.9195348289086,0.009365176231820316,0.9239578904684853,14.0,15.0,20.0,0.136733295271794,0.9333333333333333,0.39999999999999997,0.214381517842412,48.0
2025-10-02 13:00:00+00:00,119621.2,182884840.7278462,0.0018322911713180012,0.008444138555226521,0.6610250508597559,74.26048759358335,789.9440889215912,823.5244456474452,0.009996628847110722,0.9814913945564068,19.0,22.0,28.0,0.3389958833259615,0.8636363636363636,0.5,0.3953690273001006,46.0
2025-10-02 14:00:00+00:00,118814.09,147646384.0266243,-0.006747215376538662,0.00040718816783269496,-0.1926811241488342,60.313813254489716,734.5975332067756,805.7390631593114,0.002513233820268912,0.6345300993861359,11.0,13.0,14.0,0.2496257432951377,0.8461538461538461,0.3076923076923077,0.2304404733533209,44.0
2025-10-02 15:00:00+00:00,119910.78,167792583.3826131,0.009230302567650117,0.004257535148785019,0.13644898578996645,68.86918975427446,770.3486074107641,798.6609720096019,0.010712986448345507,1.0528010696933363,16.0,19.0,21.0,0.30503337555810023,0.8421052631578947,0.42105263157894735,0.3056452255696058,46.0
2025-10-02 16:00:00+00:00,119731.4,188502265.5234169,-0.001495945568863788,0.0009212413853063595,0.12342429995001658,66.34969473857059,775.2702911043598,793.9828358285536,0.008268178178263641,0.9359550962429922,18.0,21.0,26.0,0.36295851470813867,0.8571428571428571,0.7142857142857143,0.3683343541084064,45.0
2025-10-02 17:00:00+00:00,119917.52,74812103.5031814,0.001554479443153678,0.009287029846376083,-0.6031235842420802,67.67123778659835,785.1385015069973,792.2139689642423,0.00883195879169385,0.9792498473000291,5.0,7.0,5.0,0.21043816900679044,0.7142857142857143,0.5714285714285714,0.12330818548798561,39.0
2025-10-02 18:00:00+00:00,120506.61,161080934.6767098,0.004912459830723526,0.0049689444101690405,1.1531400286032567,71.4879858509071,830.915492546017,799.9542736805973,0.012611689301911033,1.132264444591276,11.0,12.0,14.0,0.3676170806090037,0.9166666666666666,0.5,0.31763616475191986,34.0
2025-10-02 19:00:00+00:00,120836.49,161017170.0424305,0.0027374431991740167,0.009229742573794386,-0.0003958546329972945,73.38304107478601,883.6267477185029,816.6887684881785,0.014428307018694131,1.1083932713022389,1.0,3.0,1.0,0.17648329709966978,0.3333333333333333,0.3333333333333333,-0.03136517107486725,17.0
2025-10-02 20:00:00+00:00,120652.01,100490916.9493622,-0.0015266911509926873,0.006124959889097115,-0.3758993719559144,70.5586663065151,900.1385658996005,833.3787279704629,0.011935108169447872,0.9669935269599291,10.0,12.0,13.0,0.5065149969110886,0.8333333333333334,0.6666666666666666,0.5156227372586727,22.0
2025-10-02 21:00:00+00:00,120150.1,65815115.6502419,-0.004159980426351684,-0.0029584269277842523,-0.3450640351564668,63.408215981233475,862.7787816722703,839.2587387108244,0.007078161031211394,0.7729655578005304,6.0,8.0,9.0,0.5171695409808308,0.75,0.75,0.5289972483490905,17.0
2025-10-02 22:00:00+00:00,120257.49,45582738.5806376,0.0008937986734924852,-0.004791598961538801,-0.30741231508464173,64.24317405457047,832.2427822728059,837.8555474232207,0.007343444904281737,0.7777619872183694,7.0,8.0,11.0,-0.17532394640147686,0.875,-0.125,-0.1767798215150833,23.0
2025-10-02 23:00:00+00:00,120529.35,63133825.3084377,0.0022606492119534582,-0.0010166428226101587,0.3850380050499065,66.33726998109913,820.5211555949063,834.3886690575579,0.00886208469136096,0.8259167836193304,3.0,4.0,5.0,0.5088665969669819,0.75,0.75,0.5487889101107916,16.0
2025-10-03 00:00:00+00:00,120132.8,93411749.667273,-0.003290070011992996,-0.00014398656347358596,0.4795832378430065,60.74856764496395,770.3532582763728,821.5815869013209,0.00492429450498455,0.6834728813662158,3.0,3.0,7.0,-0.3252890066554149,1.0,-0.3333333333333333,-0.3252890066554149,13.0
2025-10-03 01:00:00+00:00,119875.72,64556502.0949762,-0.00213996510528347,-0.003174604758506172,-0.3089038335656643,57.37396040474352,701.7611648413294,797.6175024893226,0.002145741027191006,0.584606308956015,2.0,3.0,4.0,-0.21825450658798218,0.6666666666666666,-0.3333333333333333,0.01179608702659607,8.0
2025-10-03 02:00:00+00:00,120157.82,54171471.9355411,0.0023532705371864804,-0.003082485718208905,-0.16086729953485612,59.99980363020502,662.5273461689649,770.5994712252511,0.0038709677742758686,0.6580699138507516,8.0,9.0,13.0,0.2660011665688621,0.8888888888888888,0.5555555555555556,0.29787398665212095,13.0
2025-10-03 03:00:00+00:00,120225.89,60571180.5817731,0.0005665049515710674,0.0007748924523527378,0.11813798698043576,60.6300295286553,629.6685156288731,742.4132801059756,0.0037117398624175735,0.6619540490373239,4.0,5.0,7.0,0.2082737036049366,0.8,0.39999999999999997,0.2709875553846359,14.0
2025-10-03 04:00:00+00:00,120039.98,34762202.1327538,-0.0015463391454203501,0.001370252458129162,-0.4260933698357807,57.944806735301306,581.9182806971075,710.314280224202,0.001586422544259003,0.574435747890591,3.0,3.0,3.0,0.513076743731896,1.0,0.6666666666666666,0.513076743731896,15.0
2025-10-03 05:00:00+00:00,119920.4,54528061.0240253,-0.0009961681099913688,-0.001975901360394272,0.568602035503603,56.22006385296318,528.3364353152865,673.9187112424189,0.00014204771962700313,0.5071446356056709,13.0,14.0,18.0,0.46105357432471855,0.9285714285714286,0.7142857142857143,0.4821271410641762,20.0
2025-10-03 06:00:00+00:00,119916.93,42716909.4805103,-2.8935860787671075e-05,-0.0025698291773926796,-0.21660685015575654,56.167817858091425,480.05861987010576,635.1466929679563,-0.0004276673684372456,0.4752497623590399,7.0,9.0,10.0,0.22366027120086882,0.7777777777777778,0.4444444444444444,0.1543044809784208,23.0
2025-10-03 07:00:00+00:00,119640.21,142933832.5750492,-0.0023075974343238492,-0.0033303071193446776,2.3460714811370686,52.016388764740704,414.6888371723617,591.0551218088374,-0.0030976120917547423,0.29205122940661565,7.0,7.0,11.0,0.28038032565798077,1.0,0.2857142857142857,0.28038032565798077,27.0
2025-10-03 08:00:00+00:00,120038.6,163800794.5600482,0.003329900540963715,0.0009856538170320839,0.14599036217714612,56.94970308570697,390.5277956037753,550.9496565678251,-4.306345944926626e-05,0.49695544227244615,10.0,10.0,13.0,0.31168299037963154,1.0,0.4,0.31168299037963154,24.0
2025-10-03 09:00:00+00:00,120300.0,128986480.3090569,0.0021776328614295792,0.00319446136588053,-0.21254057005339266,59.86542664376344,388.0001670745114,518.3597586691624,0.0018512220205200158,0.6334586617222954,18.0,19.0,25.0,-0.036495754593297056,0.9473684210526315,0.10526315789473684,0.014239337709214952,35.0
2025-10-03 10:00:00+00:00,120425.95,69309431.5751762,0.001046965918537035,0.006567524413405801,-0.4626612695446224,61.22801751356109,391.64547045387735,493.0169010261054,0.0022274573993752433,0.719267349263827,18.0,20.0,29.0,0.19794217683374882,0.9,0.4,0.1969909332692623,46.0
2025-10-03 11:00:00+00:00,120334.5,54175762.3412958,-0.0007593878229733564,0.0024650404120007963,-0.2183493485654362,59.64462581519459,382.7431244353793,470.9621457079602,0.0012898332480419938,0.6283493593654761,12.0,13.0,20.0,0.17154413017515951,0.9230769230769231,0.23076923076923078,0.18686948157846928,48.0
2025-10-03 12:00:00+00:00,120358.07,50960278.7215206,0.00019587067715409745,0.0004827098919368833,-0.05935280798668474,59.93222914070253,373.28683482616907,451.42708353160197,0.0012249146753193774,0.6287597330666753,10.0,13.0,13.0,0.4413015667635661,0.7692307692307693,0.5384615384615384,0.5135239493101835,40.0
2025-10-03 13:00:00+00:00,120374.73,95822690.7693454,0.0001384202986969285,-0.00042532361172986644,0.8803407903826739,60.148420415721155,362.95308274117997,433.7322833735176,0.0011731113700190754,0.6260507717408602,20.0,23.0,25.0,0.30783256839798845,0.8695652173913043,0.4347826086956521,0.3644515948370099,42.0
2025-10-03 14:00:00+00:00,120917.85,138770934.2293903,0.004511910431699517,0.00484773693329843,0.44820535840958087,66.49522552093507,394.0464327288355,425.7951132445812,0.005518354073564602,1.0312731734744656,18.0,20.0,24.0,0.29175160489976404,0.9,0.4,0.2702603872037596,48.0
2025-10-03 15:00:00+00:00,122258.05,310977326.7441808,0.011083557969315594,0.0157860623720536,1.2409399235587109,76.45850258217328,520.827303143873,444.8015512244396,0.016062516682637584,1.4192670747554317,13.0,13.0,15.0,0.096717190857117,1.0,0.23076923076923078,0.096717190857117,51.0
2025-10-03 16:00:00+00:00,122553.3,576419065.4617558,0.002414973901514017,0.01809823374058661,0.8535726430497463,78.00991543125204,637.7743975927733,483.39612049810637,0.017712225090258382,1.246600595402637,13.0,14.0,18.0,0.457515145385904,0.9285714285714286,0.7142857142857143,0.443869016921291,44.0
2025-10-03 17:00:00+00:00,122073.25,358695552.0181507,-0.003917071184537657,0.009555247633000308,-0.3777174047308651,69.93948028132563,683.8369428437,523.4842849672251,0.012916944361942129,0.9888471138324748,8.0,10.0,11.0,0.03921675216406584,0.8,0.09999999999999998,0.08441940951161087,34.0
2025-10-03 18:00:00+00:00,122538.46,143601857.6741694,0.0038109086142952275,0.0022935913013499842,-0.5996553153051007,72.86877944615071,749.2435872101632,568.6361454158127,0.0158157806618755,1.0261327541809064,14.0,16.0,22.0,0.3122294673230499,0.875,0.4375,0.35852309183350634,35.0
2025-10-03 19:00:00+00:00,122660.99,81116859.5002824,0.0009999309604511453,0.0008787197080779574,-0.4351266702667912,73.59852835411894,801.7241936259379,615.2537550578378,0.015933907680049764,0.9771305361978273,0.0,2.0,0.0,0.553453654050827,0.0,1.0,0.0,22.0
2025-10-03 20:00:00+00:00,122447.94,75567800.943592,-0.0017369010310450683,0.0030693866182804896,-0.06840820257188451,70.06948622114736,816.7095782123652,655.5449196887433,0.01319792555798327,0.8749877870095328,0.0,0.0,0.0,0.0,0.0,0.0,0.0,14.0
2025-10-03 21:00:00+00:00,122306.57,48023803.841057,-0.0011545314686387531,-0.001892385460042445,-0.36449382883452386,67.74811119732037,807.8656535639748,686.0090664637896,0.01101137661895768,0.8073693236619839,2.0,6.0,3.0,0.030044165750344593,0.3333333333333333,0.16666666666666669,0.48819655925035477,2.0
2025-10-03 22:00:00+00:00,122477.0,27928394.7815932,0.0013934656167693404,-0.0014999878934615074,-0.4184468420280284,69.07812357873307,805.3257621321973,709.8724055974711,0.01145066922235416,0.8112955496571623,6.0,7.0,10.0,0.14226734318903514,0.8571428571428571,0.42857142857142855,0.08296672130624454,8.0
2025-10-03 23:00:00+00:00,122232.0,35572133.7188021,-0.002000375580721303,-0.001763524972327013,0.2736905932827429,64.93270177227373,774.6141575958027,722.8207559971376,0.008591918892416173,0.7321184365769117,3.0,3.0,3.0,0.5560367417832216,1.0,0.6666666666666666,0.5560367417832216,11.0
2025-10-04 00:00:00+00:00,122100.0,54273040.7951836,-0.001079913606911398,-0.0016889526049173043,0.5257178898576134,62.747861681070724,731.1949328724731,724.4955913722048,0.006647169095453487,0.6823222235755834,1.0,1.0,1.0,0.029071176424622536,1.0,0.0,0.029071176424622536,10.0
2025-10-04 01:00:00+00:00,121865.21,59291758.1859468,-0.0019229320229319224,-0.0049951419450181556,0.09247164553950293,58.94842890062205,670.1146293670317,713.6193989711702,0.003906628796032985,0.6112935336871755,2.0,2.0,3.0,0.5515313297510147,1.0,1.0,0.5515313297510147,6.0
2025-10-04 02:00:00+00:00,121854.53,54037408.4981004,-8.763780901877016e-05,-0.0030881438575822706,-0.0886185508509979,58.77409488860355,613.7710909582966,693.6497373685955,0.003018157522002074,0.5904318528667571,2.0,3.0,4.0,0.3336562514305115,0.6666666666666666,0.6666666666666666,0.492381252348423,5.0
2025-10-04 03:00:00+00:00,122243.99,43497756.4750818,0.00319610604546261,0.0011792792792792994,-0.1950436247028594,63.06389694967233,593.7007849006623,673.6599468750089,0.005146773053616549,0.6679185026780666,2.0,2.0,2.0,-0.4527572728693485,1.0,-0.5,-0.4527572728693485,6.0
2025-10-04 04:00:00+00:00,122495.0,38596142.8867179,0.002053352479741477,0.005167922822272297,-0.11268658398903508,65.55186936648224,591.2339549705794,657.1747484941232,0.006194554902534177,0.7152596282438249,2.0,2.0,2.0,-0.19825467467308044,1.0,0.0,-0.19825467467308044,6.0
2025-10-04 05:00:00+00:00,122522.7,72191075.3441281,0.00022613167884411034,0.005483341489233018,0.8704220148633359,65.82544085755728,584.7732311795407,642.6944450312067,0.005504181098637595,0.7031106304641149,1.0,2.0,1.0,0.10420380905270576,0.5,0.5,0.13976939022541046,5.0
2025-10-04 06:00:00+00:00,122430.27,43922939.3377205,-0.0007543908190074111,0.0015238376954154198,-0.39157383196823214,63.99903835397749,565.6739948056056,627.2903549860864,0.00391997372446351,0.6560562017543246,4.0,4.0,6.0,0.1624187007546425,1.0,0.25,0.1624187007546425,7.0
2025-10-04 07:00:00+00:00,122324.08,30996874.9741413,-0.0008673508602080604,-0.0013953222580513902,-0.2942896026195234,61.874948336805026,535.7927811815171,608.9908402251726,0.0022316813376284106,0.6012114028956212,4.0,5.0,4.0,-0.10014273636043072,0.8,0.0,-0.12991105765104294,9.0
2025-10-04 08:00:00+00:00,122267.57,61080642.4839049,-0.0004619695484322506,-0.0020823080131272542,0.9705419509179734,60.72001293253182,501.7677530580113,587.5462227917403,0.0009856593121604362,0.5547291568738075,4.0,4.0,7.0,0.3755217641592026,1.0,0.5,0.3755217641592026,12.0
2025-10-04 09:00:00+00:00,122208.78,29848474.554387,-0.00048083068960980135,-0.0018091114231799654,-0.5113267748902242,59.47621731768438,464.7020158893574,562.9773814112638,-0.00024621463104579355,0.47968339852437547,8.0,8.0,12.0,0.4475841769017279,1.0,0.75,0.4475841769017279,16.0
2025-10-04 10:00:00+00:00,122129.53,25518012.3841523,-0.0006484804119638587,-0.0015904472774289635,-0.14508152375908356,57.7586464426795,424.0442216302763,535.1907494550663,-0.0013894664670679457,0.3036880078006731,7.0,7.0,11.0,0.6171706787177494,1.0,1.0,0.6171706787177494,19.0
2025-10-04 11:00:00+00:00,121973.26,38686714.1102578,-0.0012795431211436448,-0.0024070978101553564,0.5160551506857871,54.421300204000175,374.89142873063975,503.13088531018104,-0.002551097313096218,0.15753699479238148,5.0,6.0,6.0,-0.2225570616622766,0.8333333333333334,-0.33333333333333337,-0.23881892412900924,20.0
2025-10-04 12:00:00+00:00,122005.62,26136928.9258282,0.0002653040510682825,-0.0016624010157044733,-0.32439522128094145,55.001133851282205,334.69056331092725,469.44282091033034,-0.0020629965747597234,0.22195563644819266,7.0,7.0,7.0,0.11573144447590623,1.0,0.14285714285714285,0.11573144447590623,19.0
2025-10-04 13:00:00+00:00,122385.42,39049564.8466424,0.0031129713532869197,0.0020952344613134333,0.494037993425237,61.23444267767418,329.6774572036229,441.4897481689889,0.0009157671077657525,0.6248231470286533,9.0,11.0,11.0,0.45984083668074827,0.8181818181818182,0.6363636363636364,0.4395522108922402,21.0
2025-10-04 14:00:00+00:00,122000.01,28103475.1213277,-0.003149149629097958,0.00021931036359945644,-0.28031271970130234,53.183500714673286,291.2478446442983,411.4413674640508,-0.0020165276929121623,0.22382789488247587,5.0,5.0,6.0,0.36431874707341194,1.0,0.6,0.36431874707341194,21.0
2025-10-04 15:00:00+00:00,121791.31,85396216.6093957,-0.0017106555974871762,-0.00175655842739042,2.0386354798018766,49.396209471549994,241.17167703065206,377.38742937737106,-0.0033692247073773274,0.038182170368050425,4.0,4.0,8.0,0.2858552075922489,1.0,0.5,0.2858552075922489,18.0
2025-10-04 16:00:00+00:00,121719.99,79381282.361719,-0.0005855918620137901,-0.005437167270414989,-0.07043560577383834,48.13471951455431,193.50047246689792,340.61003799527646,-0.003656088050615458,0.03238161148240323,4.0,5.0,6.0,0.41636437326669695,0.8,0.6,0.31893821246922016,13.0
2025-10-04 17:00:00+00:00,121747.37,35234400.4410601,0.00022494250944316008,-0.002070819502391852,-0.5561371724822171,48.67661095718896,156.1302640768845,303.71408321159805,-0.003203833491505881,0.11345116138248626,3.0,4.0,6.0,0.14142192993313074,0.75,0.75,0.20484846333662668,11.0
2025-10-04 18:00:00+00:00,121574.66,35058149.2374282,-0.0014185932722816652,-0.001778862547746618,-0.005002247843743812,45.450752111789,111.29491261373914,265.23024909202627,-0.004250060189494698,0.017199921943117428,8.0,8.0,9.0,0.40577646158635616,1.0,0.5,0.40577646158635616,15.0
2025-10-04 19:00:00+00:00,121959.25,26034614.2813415,0.003163405926860152,0.001965659050744195,-0.25738765885716364,52.93113665415351,105.57872656581458,233.29994458678397,-0.00098851221876739,0.38753034281510357,4.0,4.0,5.0,0.5994631610810757,1.0,0.75,0.5994631610810757,15.0
2025-10-04 20:00:00+00:00,121892.89,25769077.9571783,-0.000544116169950204,0.0011952619592521252,-0.010199356952006244,51.61587687386561,94.60338163861888,205.56063199715098,-0.001447387724108684,0.33715984242066277,4.0,5.0,4.0,-0.07883811444044113,0.8,-0.39999999999999997,0.14290949143469334,16.0
2025-10-04 21:00:00+00:00,122190.67,34511785.6472784,0.002442964474794307,0.005066927598234683,0.3392712655310475,56.80301259122373,108.6808933721477,186.18468427215032,0.0008586171476308024,0.5976939996018118,8.0,8.0,15.0,0.28050520014949143,1.0,0.375,0.28050520014949143,16.0
2025-10-04 22:00:00+00:00,122287.19,19333576.3581879,0.0007899130105433194,0.0026889309338979928,-0.43979785468699595,58.361233622670774,126.17135534717818,174.1820184871559,0.0014717526145286985,0.6688011015194626,3.0,4.0,4.0,0.06311595439910889,0.75,0.25,0.047303164998690285,15.0
2025-10-04 23:00:00+00:00,122391.0,16322991.5275374,0.0008489033070431251,0.004086456560345786,-0.1557179476199444,60.03118355764349,146.71799814417318,168.68921441855935,0.002261572188999139,0.7540225700712441,4.0,4.0,8.0,0.6194210760295391,1.0,1.0,0.6194210760295391,15.0
2025-10-05 00:00:00+00:00,122157.7,23436580.7528797,-0.0019061859123629121,-0.000269824201798774,0.4358018083475357,54.71977029512057,142.53296901764406,163.4579653383763,0.0004892505844291684,0.5579315662995955,3.0,3.0,5.0,-0.5067838579416275,1.0,-0.3333333333333333,-0.5067838579416275,10.0
2025-10-05 01:00:00+00:00,122377.72,37748391.1545281,0.0018011144610614593,0.0007403064867219644,0.6106611946749045,58.45315972137299,155.18124569609063,161.8026214099192,0.002350756166637158,0.7898110252090059,4.0,5.0,9.0,0.2073513850569725,0.8,0.39999999999999997,0.2030379045754671,11.0
2025-10-05 02:00:00+00:00,124031.44,325619944.1175377,0.013513244077435038,0.013403273116487258,7.626061513047505,75.08269796216936,295.243100692649,188.49071726646517,0.015230050152829966,1.4546179923351064,0.0,0.0,0.0,0.0,0.0,0.0,0.0,7.0
2025-10-05 03:00:00+00:00,123776.22,133529278.4649877,-0.002057704078901268,0.013249430858635947,-0.5899229120413207,70.39943268923011,381.25414833163086,227.0434034794983,0.012539247524078645,1.1388001214106016,1.0,1.0,2.0,0.8870327472686768,1.0,1.0,0.8870327472686768,5.0
2025-10-05 04:00:00+00:00,125172.81,458487142.560953,0.011283185089995484,0.02283986006603156,2.4336075790387164,78.35545853331527,555.7058335378824,292.7758894911751,0.02274858152278525,1.2943407546318884,7.0,7.0,7.0,0.1414418007646288,1.0,0.14285714285714285,0.1414418007646288,8.0
2025-10-05 05:00:00+00:00,125127.99,244877274.6223412,-0.00035806498232315853,0.008840903564450997,-0.4659015446877307,77.63428905442782,682.4762896563043,370.715969524201,0.021164531871721737,1.1126041041492583,8.0,8.0,10.0,0.1669447598978877,1.0,0.25,0.1669447598978877,16.0
2025-10-05 06:00:00+00:00,125000.01,102661600.7937327,-0.0010227927420556338,0.009887117250793276,-0.5807630538519295,75.49752899833851,763.8111337416194,449.3350023676847,0.01892662992371319,0.9914299276689913,8.0,8.0,13.0,0.21438314951956272,1.0,0.5,0.21438314951956272,23.0
2025-10-05 07:00:00+00:00,124713.63,112169565.5959751,-0.0022910398167167445,-0.003668368553841672,0.0926146166505406,70.80150884996296,795.9854858455947,518.6650990632668,0.015458069116801587,0.88015325508288,4.0,4.0,5.0,0.1760131847113371,1.0,0.5,0.1760131847113371,20.0
2025-10-05 08:00:00+00:00,124595.99,66372011.3760248,-0.0009432810190834751,-0.004251646653958052,-0.40828859393918904,68.90546704276129,802.7378644359414,575.4796521378017,0.013431461382624521,0.8196711982113646,3.0,3.0,6.0,0.7757631341616312,1.0,1.0,0.7757631341616312,15.0
2025-10-05 09:00:00+00:00,123020.5,273589930.5682838,-0.012644788969532694,-0.015836078733113657,3.1220677947860294,49.706945318786886,673.2000657310855,595.0237348564585,0.00035846303621611675,0.5085758500228356,9.0,10.0,13.0,0.16524371765553952,0.9,0.3,0.22447177726361486,16.0
2025-10-05 10:00:00+00:00,123028.01,122120135.3320786,6.104673611306843e-05,-0.013515924442260352,-0.553638048452959,49.7787760638054,564.6376300992997,588.9465139050268,1.5646867830287903e-06,0.5000380313634387,8.0,9.0,10.0,-0.0393743473622534,0.8888888888888888,-0.22222222222222227,-0.025507855229079723,20.0
2025-10-05 11:00:00+00:00,123464.64,87994590.2511345,0.0035490292007487323,-0.009080147763985025,-0.2794424112628704,53.90117947233246,507.9778571102943,572.7527825460803,0.0028685869792617336,0.571439607114507,7.0,7.0,12.0,0.3612982098545347,1.0,0.7142857142857142,0.3612982098545347,24.0
2025-10-05 12:00:00+00:00,123085.88,70652881.8334012,-0.003067760939488351,0.0005314561394238471,-0.19707698357638204,50.06226111281598,427.5829026931606,543.7188065754964,-0.0007622882679561016,0.48034128600381154,10.0,10.0,14.0,0.10448252353817225,1.0,0.2,0.10448252353817225,25.0
2025-10-05 13:00:00+00:00,123161.39,84394011.2218196,0.0006134741044219183,0.001084143358898615,0.19448788261489236,50.81435835254499,365.74625290544645,508.1242958414864,-0.0007228328876401902,0.48060205366488795,6.0,7.0,7.0,-0.022656493953296115,0.8571428571428571,0.0,0.022491219143072765,23.0
2025-10-05 14:00:00+00:00,123034.67,68111864.7415924,-0.0010288938765631306,-0.0034825355664585,-0.19293011725004405,49.46789683884185,303.02196885063313,467.1038304433158,-0.0023418898007095956,0.4333881973361565,8.0,8.0,10.0,0.5461279896553606,1.0,0.625,0.5461279896553606,24.0
2025-10-05 15:00:00+00:00,122803.17,51714211.267758,-0.0018815834593615133,-0.0022968515966250713,-0.24074591902666276,47.01685036746697,231.95853298033762,420.0747709507202,-0.004559663743098241,0.3655262902737552,7.0,7.0,7.0,0.4938724905784641,1.0,0.7142857142857143,0.4938724905784641,21.0
2025-10-05 16:00:00+00:00,123265.54,124603967.5177286,0.0037651308186914534,0.000845638393655701,1.4094724537627208,52.11965250393271,210.52286632434698,378.16439002544564,-0.0013672738321371947,0.45739991478234293,4.0,5.0,6.0,0.1715757019817829,0.8,0.2,0.3153528207913041,19.0
2025-10-05 17:00:00+00:00,123057.05,48094655.4635003,-0.0016913891749469334,0.00018189994738881943,-0.6140198709430548,49.79101339413549,174.69773870127392,337.4710597606113,-0.0034061028585926634,0.3897088230729338,6.0,6.0,7.0,0.06651846940318744,1.0,0.33333333333333337,0.06651846940318744,17.0
2025-10-05 18:00:00+00:00,122999.44,72176577.4316762,-0.00046815684270018476,0.0015982486445587085,0.5007192948175292,49.13771296410266,140.043091831918,297.9854661748726,-0.004159877920779875,0.3605249067740479,6.0,6.0,7.0,-0.17335102365662655,1.0,-0.16666666666666666,-0.17335102365662655,16.0
2025-10-05 19:00:00+00:00,122591.79,48452014.1943386,-0.0033142427315117073,-0.005465842278385313,-0.3287016935625099,44.671244377952966,78.7769942353334,254.14377178696478,-0.0075410036372941525,0.2440090919688892,3.0,3.0,5.0,0.7167710562547048,1.0,1.0,0.7167710562547048,15.0
2025-10-05 20:00:00+00:00,122705.32,42696264.7695621,0.0009260815915976828,-0.0028582677709241278,-0.1187927792163701,46.13958533194388,38.935271112801274,211.10207165213208,-0.006842055692611981,0.2586905329019715,4.0,4.0,4.0,0.23881847877055407,1.0,0.5,0.23881847877055407,13.0
2025-10-05 21:00:00+00:00,122729.99,29418203.5383806,0.0002010507775864756,-0.002190660380242404,-0.3109888254357872,46.47201524607983,9.244516289021703,170.73056057951004,-0.006783974339562238,0.25497971298107125,3.0,3.0,5.0,-0.14207329352696738,1.0,0.0,-0.14207329352696738,10.0
2025-10-05 22:00:00+00:00,123237.4,40494160.1388637,0.00413436031405201,0.00526633961377021,0.37650010089952635,52.90978752720855,26.3543292756367,141.85531431873537,-0.0023571226906112797,0.41449394971717973,2.0,3.0,5.0,0.05960624727110068,0.6666666666666666,0.3333333333333333,0.08536429330706596,9.0
2025-10-05 23:00:00+00:00,123482.31,61402213.2304858,0.0019873025558800883,0.006332162289296006,0.5163226751690522,55.68044169471916,58.99609923067328,125.28347130112296,-0.00025557047430202484,0.4907097548432683,1.0,1.0,1.0,0.5168074369430542,1.0,1.0,0.5168074369430542,6.0
2025-10-06 00:00:00+00:00,123347.29,161392189.4693081,-0.0010934359747563072,0.00502974048967153,1.6284425426733304,53.801044197861266,73.12698909026221,114.85217485895082,-0.0006101840318945007,0.4752144332948529,1.0,2.0,2.0,-0.07675556465983391,0.5,-0.5,0.0002573952078819275,4.0
2025-10-06 01:00:00+00:00,124035.32,89209351.604866,0.005577990404167066,0.006474657855488841,-0.44725112226183095,61.02108530017528,138.25042713875882,119.53182531491242,0.005409451223266082,0.7494315978985724,1.0,1.0,2.0,0.08583191782236099,1.0,0.0,0.08583191782236099,3.0
2025-10-06 02:00:00+00:00,124110.61,86215370.5974392,0.000607004520970289,0.005088178217592443,-0.033561290980882896,61.725983107939896,193.70360022930254,134.36618029779046,0.00638250632805204,0.837565137426629,3.0,3.0,3.0,0.12907321006059647,1.0,0.6666666666666666,0.12907321006059647,5.0
2025-10-06 03:00:00+00:00,123839.09,37618117.1282491,-0.0021877259325371323,0.003987116376857669,-0.5636727318160313,57.67523706312522,213.28265492725768,150.1494752236839,0.004536997432750045,0.7771392404259398,6.0,6.0,7.0,0.10486443185557921,1.0,0.16666666666666666,0.10486443185557921,10.0
2025-10-06 04:00:00+00:00,123580.26,46372446.0585638,-0.002090050887809336,-0.0036687936952153333,0.2327157656633667,54.03492178116065,205.5443911729235,161.22845841353183,0.00285059967243817,0.7130665020834155,7.0,8.0,10.0,0.2132548801600933,0.875,0.375,0.19315954617091588,16.0
2025-10-06 05:00:00+00:00,123586.0,69011972.8783178,4.644754752902713e-05,-0.004226955294152512,0.4882107532383029,54.104105740117056,197.59715442894958,168.50219761661538,0.0026671167605112345,0.6974318447715726,0.0,3.0,0.0,-0.16970584789911905,0.0,-0.3333333333333333,0.0,13.0
2025-10-06 06:00:00+00:00,123947.9,65402914.4978977,0.0029283252148302186,0.0008786401773461794,-0.0522961194977517,58.35963257833888,217.98838314032764,178.39943472135784,0.005228142683307846,0.8674281122295264,8.0,9.0,10.0,0.12812362280156878,0.8888888888888888,0.2222222222222222,0.1498140934854746,15.0
2025-10-06 07:00:00+00:00,123390.47,92622920.966496,-0.004497292814158116,-0.0015357630741349437,0.4161895028313036,50.58022240539747,187.01286850518954,180.12212147812417,0.0007374358142906434,0.5519511071548643,9.0,9.0,16.0,0.31116842954523033,1.0,0.33333333333333337,0.31116842954523033,17.0
2025-10-06 08:00:00+00:00,123846.55,68875776.9600702,0.003696233590811282,0.0021082485071124424,-0.25638517721780485,55.774682928296635,196.99555226962548,183.49680763642442,0.0041266579760468325,0.7826335581186284,8.0,8.0,12.0,0.24613101687282324,1.0,0.375,0.24613101687282324,25.0
2025-10-06 09:00:00+00:00,123955.3,98047707.1385917,0.0008781027812241327,5.970250403608546e-05,0.4235441176283725,56.936979802824396,211.246993369743,189.04684478308815,0.004685032207329742,0.8090489889806378,15.0,15.0,20.0,0.22082989265521366,1.0,0.4666666666666667,0.22082989265521366,32.0
2025-10-06 10:00:00+00:00,123978.0,57054052.3294432,0.00018313053173191207,0.004761550871797526,-0.4180990663168027,57.189894280179224,221.8161054183147,195.60069691013348,0.004485011234403924,0.7894544346270395,16.0,18.0,32.0,0.10499090763429801,0.8888888888888888,0.16666666666666669,0.13944146200083196,39.0
2025-10-06 11:00:00+00:00,124215.0,119226028.2224862,0.0019116294826502234,0.002975052595328709,1.089703068487541,59.841757240536914,246.47491280203394,205.7755400885136,0.005829938996371631,0.870859350881651,1.0,4.0,3.0,-0.007719501852989197,0.25,0.5,0.1277058720588684,32.0
2025-10-06 12:00:00+00:00,124556.64,121617936.2527827,0.0027503924646781197,0.004851264931793997,0.020061961854780597,63.364729549414456,290.2389936547843,222.66823080176775,0.008069414346898895,0.966828804204283,12.0,14.0,17.0,0.1544605525476592,0.8571428571428571,0.2857142857142857,0.14649072786172232,29.0
2025-10-06 13:00:00+00:00,125031.33,175415278.0790812,0.0038110372919499813,0.008496104147510009,0.44234710342790895,67.61576065183769,359.0865328567452,249.95189121276326,0.011103415577023767,1.0635257297442513,21.0,23.0,32.0,0.2604828679367252,0.9130434782608695,0.5217391304347826,0.27272927282111986,34.0
2025-10-06 14:00:00+00:00,124530.0,166413512.4904903,-0.0040096350250773405,0.002535925612848766,-0.051316884636084636,59.73253238401972,368.94262160066864,273.7500372903443,0.006426416148465286,0.8218650547156259,10.0,11.0,14.0,0.29713952067223465,0.9090909090909091,0.5454545454545454,0.27958143427968024,43.0
2025-10-06 15:00:00+00:00,125000.0,106592526.8597981,0.0037741909580020216,0.0035595051375822973,-0.3594719246978857,63.97325649211572,409.9530316239543,300.9906361570663,0.009242733769218914,0.9632440107550185,18.0,20.0,26.0,0.20942446887493132,0.9,0.55,0.1827726943625344,49.0
2025-10-06 16:00:00+00:00,125455.24,114024503.6320104,0.003641919999999965,0.0033904302225691296,0.06972324412561903,67.5391829938176,473.72730692285404,335.5379703102239,0.011795086220172557,1.061075419559034,6.0,9.0,8.0,0.16216952560676468,0.6666666666666666,0.2222222222222222,0.13801848205427328,34.0
2025-10-06 17:00:00+00:00,125284.0,182138838.9070419,-0.001364948965065227,0.006054765919858651,0.5973657688075178,64.93555216274618,504.6341344997927,369.35720314813767,0.009374479676233616,0.9531994784788598,2.0,3.0,2.0,0.15093968311945596,0.6666666666666666,0.3333333333333333,-0.20511078834533691,26.0
2025-10-06 18:00:00+00:00,126011.18,180991852.6968343,0.005804252737779736,0.008089440000000003,-0.006297318117817752,70.19082172166473,581.106730071464,411.707108532803,0.014100014844382613,1.1002391315516773,10.0,12.0,15.0,0.16058254893869162,0.8333333333333334,0.5,0.24248819537460803,18.0
2025-10-06 19:00:00+00:00,125410.81,115491453.0375476,-0.00476441852222953,-0.00035415021325535534,-0.36189695106884967,61.93725465339293,586.5060943504359,446.66690569632954,0.008485833597639214,0.8527399272489461,4.0,5.0,5.0,0.02080383449792862,0.8,0.2,-0.017885779961943626,16.0
2025-10-06 20:00:00+00:00,125211.02,64166975.9753632,-0.0015930843601120737,-0.0005825165224608853,-0.4444006522759586,59.43272350258482,568.1148715564777,470.9564988683592,0.006125285193736341,0.7601941587216572,11.0,11.0,12.0,0.25199315967884933,1.0,0.2727272727272727,0.25199315967884933,25.0
2025-10-06 21:00:00+00:00,125097.85,113370787.7659322,-0.0009038341832851016,-0.0072480076767790225,0.7668089549593349,58.00198715201622,538.2037440505956,484.4059479048065,0.004786976580370528,0.7016167894683818,9.0,12.0,12.0,0.03689993297060331,0.75,-0.08333333333333331,0.2578486055135727,24.0
2025-10-06 22:00:00+00:00,125039.13,52116220.8560384,-0.0004693925595044002,-0.0029636998596850317,-0.5403029132721677,57.23212448312411,503.95150746847503,488.31505981754026,0.003940973464280129,0.6653484832428634,6.0,6.0,8.0,0.11746818820635478,1.0,0.3333333333333333,0.11746818820635478,26.0
2025-10-06 23:00:00+00:00,124658.54,45440217.860669,-0.0030437671791223586,-0.004412391177709529,-0.12809837101985277,52.379386886427085,441.012216613919,478.85449117681605,0.0005560591614712784,0.523913991761019,4.0,5.0,4.0,0.264230877161026,0.8,0.6000000000000001,0.18039891868829727,19.0
2025-10-07 00:00:00+00:00,124900.93,49810872.6640102,0.0019444315648169397,-0.0015741277727795433,0.09618472377801335,54.996572595549786,406.0109805698594,464.28578905542474,0.0019705179871041256,0.5891828003499833,5.0,5.0,7.0,0.19281427562236786,1.0,0.6000000000000001,0.19281427562236786,15.0
2025-10-07 01:00:00+00:00,124699.99,58658654.9810833,-0.0016087950666179296,-0.0027122709507015896,0.17762753077534188,52.42434748382171,357.93205226674036,443.01504169768793,-8.823600588081515e-05,0.49572426298279876,3.0,3.0,3.0,0.4073295593261719,1.0,0.3333333333333333,0.4073295593261719,12.0
2025-10-07 02:00:00+00:00,124259.9,65322358.5183569,-0.003529190339149224,-0.0031978555179612567,0.11360136947263033,47.21575831225511,281.0774839122605,410.6275301406025,-0.003741736104811766,0.31430645796062706,4.0,5.0,5.0,-0.45857868492603304,0.8,-0.39999999999999997,-0.40109944716095924,12.0
2025-10-07 03:00:00+00:00,124329.74,47128687.6047887,0.0005620477724512796,-0.004573144491398007,-0.2785213413330049,48.09706367317212,223.23191059847886,373.1484062321778,-0.0035569836181036374,0.30109947483898775,7.0,8.0,10.0,0.28673808788880706,0.875,0.5,0.32414475695363115,14.0
2025-10-07 04:00:00+00:00,124500.0,54519478.5299459,0.0013694229554408466,-0.0016037691743199245,0.15682148815886476,50.27665727290984,188.94934563073912,336.3085941118901,-0.0024536435400701606,0.3529074884548431,6.0,6.0,9.0,0.5072561961909136,1.0,0.8333333333333334,0.5072561961909136,17.0
2025-10-07 05:00:00+00:00,124414.17,52795455.4981537,-0.0006893975903614624,0.0012415107367702571,-0.031622148235428305,49.156003823967055,153.08967968016805,299.66481122554575,-0.003324571399168974,0.2890291822832519,13.0,13.0,20.0,0.2650546431541443,1.0,0.6923076923076923,0.2650546431541443,26.0
2025-10-07 06:00:00+00:00,123890.84,106975526.7979304,-0.004206353665342166,-0.003530128833214019,1.026226041399935,42.88002878761902,81.50276556298195,256.032402093033,-0.0074822902502107436,0.032662175010971156,12.0,13.0,18.0,0.13849270429748756,0.9230769230769231,0.15384615384615385,0.14672184300919375,31.0
2025-10-07 07:00:00+00:00,123667.99,90331875.2230581,-0.001798760909200281,-0.006682811244979825,-0.15558373090614497,40.50827254815033,6.71013751605642,206.1679491776377,-0.009050464286273763,-0.017958667573474484,9.0,9.0,11.0,0.4252273456917869,1.0,0.8888888888888888,0.4252273456917869,34.0
2025-10-07 08:00:00+00:00,123861.75,145042135.1407068,0.0015667756870634264,-0.004440169475872335,0.605658409974903,43.437670936830045,-36.50790596820298,157.63277814846955,-0.00722147205823398,0.11192002705315075,11.0,13.0,15.0,0.25950987522418684,0.8461538461538461,0.6153846153846154,0.23618244312026285,32.0
2025-10-07 09:00:00+00:00,124117.48,52571494.220473,0.0020646406174624765,0.0018293523556704994,-0.6375432961637466,47.137421444351425,-49.55203797476133,116.19581492382338,-0.004807266574697433,0.2473614164487416,21.0,21.0,27.0,0.2056208766464676,1.0,0.2857142857142857,0.2056208766464676,41.0
2025-10-07 10:00:00+00:00,124282.19,47919450.7492786,0.0013270491795354111,0.004966523673587631,-0.08848984683000982,49.431701689165486,-46.06784466964018,83.74308300513067,-0.0033875845234704327,0.3238677145781789,19.0,22.0,31.0,0.36722946471788664,0.8636363636363636,0.5,0.37832707205885335,51.0
2025-10-07 11:00:00+00:00,124453.38,57512954.6530164,0.0013774298634421367,0.004776535128883541,0.20020062320689758,51.77441288869993,-29.156891571110464,61.16308808988245,-0.0017960485856340913,0.4063831315725692,17.0,18.0,23.0,0.4178862533428603,0.9444444444444444,0.7222222222222222,0.440326601595563,57.0
2025-10-07 12:00:00+00:00,124917.99,93225061.9610549,0.0037332051568226277,0.006449615316070023,0.6209402303097551,57.52565848359542,21.48760890860285,53.22799225362653,0.0021463702126884865,0.616522108881202,19.0,21.0,27.0,0.28208836256748154,0.9047619047619048,0.47619047619047616,0.2761200805635829,55.0
2025-10-07 13:00:00+00:00,123891.68,215208321.137062,-0.008215870268165615,-0.003142123581826195,1.3084813955604133,44.812390702847686,-20.949407626190805,38.392512277663066,-0.005531733983980436,0.2016082622843454,19.0,24.0,28.0,0.3103349516168237,0.7916666666666666,0.4583333333333333,0.3524284596113782,55.0
2025-10-07 14:00:00+00:00,122725.36,255738157.9213035,-0.009414030062389944,-0.013884878016169666,0.18832839069651408,35.27228759179485,-146.9988147958793,1.3142468629545938,-0.013592863463158245,-0.18929521287609674,16.0,18.0,17.0,0.38302901045729715,0.8888888888888888,0.7222222222222222,0.404050363576971,54.0
2025-10-07 15:00:00+00:00,121846.01,341115318.7821575,-0.0071651857448208345,-0.024591974302500486,0.3338459991845506,30.07385124579828,-314.2278510137694,-61.79417271239021,-0.019255632584854188,-0.2562613820127235,9.0,12.0,11.0,0.08049122896045446,0.75,0.33333333333333337,0.09278292871183819,44.0
2025-10-07 16:00:00+00:00,121684.17,249430743.3592359,-0.0013282338912862235,-0.017818064941891087,-0.26877882749520554,29.22029434998656,-454.577120403701,-140.35076225065237,-0.019166105431621228,-0.13615192800079118,9.0,13.0,12.0,-0.14561548485205725,0.6923076923076923,-0.15384615384615385,-0.25974974367353654,34.0
2025-10-07 17:00:00+00:00,121130.02,150695089.1292264,-0.00455400238173953,-0.012999269262685353,-0.39584396414121314,26.451908671694895,-603.5627061604464,-232.9931510326112,-0.022068984080491738,-0.12126545141526303,10.0,11.0,14.0,0.11951900646090508,0.9090909090909091,0.2727272727272727,0.11631987430155277,28.0
2025-10-07 18:00:00+00:00,120895.37,132922707.6430065,-0.0019371746161687131,-0.007801978907639229,-0.11793603619676973,25.356420102714722,-732.1296157287143,-332.8204439718319,-0.022328044146531112,-0.05649833621078345,10.0,11.0,17.0,0.1777632717381824,0.9090909090909091,0.18181818181818177,0.26332634016871453,29.0
2025-10-07 19:00:00+00:00,121637.17,162139487.4508711,0.006135884277454151,-0.0003862458033777605,0.2198027735511736,34.580238540138254,-765.3403897126409,-419.3244331199937,-0.01512596140960143,0.13852049560577395,4.0,4.0,5.0,0.510036401450634,1.0,0.75,0.510036401450634,24.0
2025-10-07 20:00:00+00:00,121943.61,60249554.7571275,0.0025192957054163134,0.006716666933597404,-0.6284091204162505,37.98925086777662,-758.1930429511849,-487.09815508623205,-0.01146125028429068,0.22664785346200894,9.0,9.0,12.0,0.05018350895908144,1.0,0.3333333333333333,0.05018350895908144,23.0
2025-10-07 21:00:00+00:00,122016.0,48554951.8991815,0.0005936350416393399,0.009269420326022404,-0.19410272665230832,38.80055724470041,-738.1781924349198,-537.3141625559697,-0.009797185905863315,0.26531230123566685,0.0,1.0,0.0,0.6609833836555481,0.0,1.0,0.0,13.0
2025-10-07 22:00:00+00:00,122011.17,49306954.2738143,-3.958497246259185e-05,0.0030747180323251744,0.015487655640031184,38.764115343506646,-714.4700537975732,-572.7453408042904,-0.008932071433259137,0.2866871663168307,6.0,8.0,8.0,0.2081609470769763,0.75,0.0,-0.007204181204239528,15.0
2025-10-07 23:00:00+00:00,121332.95,70230506.9757055,-0.0055586713904964835,-0.005007724471991604,0.4243529743430774,33.943253592235465,-741.8562123717566,-606.5675151177837,-0.013240096155718972,0.18986024615974678,7.0,7.0,9.0,0.2323534275804247,1.0,0.4285714285714286,0.2323534275804247,13.0
2025-10-08 00:00:00+00:00,121914.09,79312470.8722857,0.004789630516689902,-0.0008352183320220474,0.12931650770685543,40.74351413832052,-708.4996561279258,-626.9539433198122,-0.00747021923364799,0.3209732131359534,5.0,5.0,7.0,0.413222473859787,1.0,0.6000000000000001,0.413222473859787,18.0
2025-10-08 01:00:00+00:00,121950.01,63323723.2518273,0.0002946337047669001,-0.0005012655808480648,-0.20159184860353874,41.146805257675815,-671.4261188300152,-635.8483784218528,-0.006180922576394687,0.3472210998466737,4.0,5.0,5.0,0.3511663734912872,0.8,0.6,0.3026377186179161,16.0
2025-10-08 02:00:00+00:00,122048.28,65175580.1055572,0.0008058219921425192,0.005895595549271659,0.02924428253160971,42.30371617428715,-626.889118168343,-634.0565263711509,-0.004632771864769514,0.3834120036746318,3.0,4.0,4.0,-0.2348618544638157,0.75,0.0,-0.35348151127497357,12.0
2025-10-08 03:00:00+00:00,121374.75,85260832.8822083,-0.00551855380510069,-0.004423934920073647,0.3081714461784826,36.94343229797046,-638.580310035497,-634.9612831040201,-0.009199233661068673,0.26937898177905034,6.0,6.0,13.0,-0.09648605684439342,1.0,-0.3333333333333333,-0.09648605684439342,13.0
2025-10-08 04:00:00+00:00,121900.0,86592679.2182484,0.004327506338839049,-0.00041008606723358376,0.015620845950216067,43.00821607071345,-598.5625223526586,-627.6815309537478,-0.004114127900045728,0.39391377851473797,9.0,11.0,13.0,-0.3343289721418511,0.8181818181818182,-0.3636363636363636,-0.3422175492677424,18.0
2025-10-08 05:00:00+00:00,121374.01,86121873.4316012,-0.004314930270713724,-0.005524616979444508,-0.005437016049134824,38.96644349290431,-602.3476457082434,-622.6147539046469,-0.007298819817729063,0.3039998484604667,11.0,13.0,18.0,0.030765363230155066,0.8461538461538461,0.07692307692307693,0.11453178999098865,26.0
2025-10-08 06:00:00+00:00,121784.29,67073760.124134,0.003380295336703476,0.003374177907678355,-0.2211762534705587,43.43203070324253,-565.7199486710742,-611.2357928579324,-0.002924685341733957,0.4144011765896101,7.0,7.0,10.0,-0.08714850459780012,1.0,0.0,-0.08714850459780012,27.0
2025-10-08 07:00:00+00:00,121597.06,84776449.0978538,-0.0015373904138209493,-0.002485151763740756,0.2639286800226688,41.924528824906865,-545.511810551674,-598.0909963966808,-0.003292162143089028,0.38882338624000773,6.0,6.0,10.0,0.17694402734438577,1.0,0.3333333333333333,0.17694402734438577,24.0
2025-10-08 08:00:00+00:00,122381.85,178628250.7493318,0.006454021174525204,0.008303589870681582,1.1070503972530026,49.79118868547587,-460.8582344119495,-570.6444439997346,0.004184373357458249,0.7065871650294839,9.0,11.0,13.0,-0.14988391710953278,0.8181818181818182,-0.09090909090909088,-0.16309764236211777,22.0
2025-10-08 09:00:00+00:00,122516.98,58089330.7846667,0.0011041669986193714,0.006016293234538006,-0.6748032265837771,51.021420117441465,-378.5026606909523,-532.2160873379781,0.005860459733976864,0.9062696209057205,17.0,19.0,27.0,0.0024450986989234622,0.8947368421052632,0.05263157894736842,0.017552407458424568,32.0
2025-10-08 10:00:00+00:00,122934.6,80373017.7004257,0.0034086703736904145,0.010999772527395146,0.38361066679117295,54.71443348734584,-276.35122645722004,-481.04311516182656,0.009202423379267577,1.105350227628734,15.0,17.0,21.0,0.11462690012858194,0.8823529411764706,0.23529411764705885,0.09984263194104036,41.0
2025-10-08 11:00:00+00:00,122884.14,100607964.8521149,-0.00041046214816664595,0.004104285071683478,0.251762938989188,54.182830975592296,-197.19404890706937,-424.27330191087515,0.008358508213389237,0.9911060324049455,14.0,14.0,20.0,-0.05898479758096593,1.0,0.0714285714285714,-0.05898479758096593,46.0
2025-10-08 12:00:00+00:00,122631.52,57008867.632915,-0.0020557575615535173,0.0009348908208479667,-0.4333563180935709,51.485848291913015,-153.08111437168554,-370.03486440303726,0.005894589812192486,0.8311547882102961,17.0,18.0,24.0,0.14454124288426506,0.9444444444444444,0.2222222222222222,0.15165676198461475,46.0
2025-10-08 13:00:00+00:00,122599.04,108456310.808876,-0.0002648584964127787,-0.0027295814197143553,0.9024463265475733,51.13343328605344,-119.36618145226385,-319.9011278128826,0.0050226564498780935,0.788533460215896,19.0,25.0,26.0,0.25577482804656027,0.76,0.44000000000000006,0.2794028283341935,50.0
2025-10-08 14:00:00+00:00,122320.0,179601439.5800304,-0.0022760373980089676,-0.004590828401451974,0.6559796128095106,48.08807075672654,-113.85065074385784,-278.69103239907764,0.00215000173360802,0.6389893705099551,11.0,13.0,15.0,0.23856854553406054,0.8461538461538461,0.5384615384615385,0.1841677115722136,47.0
2025-10-08 15:00:00+00:00,122189.72,68406315.8252153,-0.001065075212557165,-0.0036026626759581015,-0.6191215616914171,46.68992267660466,-118.62462924019201,-246.67775176730052,0.0008560947355100712,0.5564728365890916,20.0,21.0,27.0,0.19255170705063002,0.9523809523809523,0.3333333333333333,0.1635932123288512,50.0
2025-10-08 16:00:00+00:00,123051.03,78779346.2187664,0.007048956327913691,0.0036867335992190053,0.15163848934731705,55.832786307258246,-52.30458812773577,-207.80311903938758,0.0074541609430531786,0.9492914682908788,22.0,24.0,35.0,0.07961926112572353,0.9166666666666666,0.16666666666666666,0.07933986186981201,53.0
2025-10-08 17:00:00+00:00,124033.19,165313096.7052705,0.007981729206167687,0.014005804447351222,1.098431944918711,63.51658312130702,78.60056759428699,-150.52238171265267,0.014657517842927126,1.1872679761972065,10.0,11.0,15.0,0.044886890798807144,0.9090909090909091,0.18181818181818182,0.030201662704348563,52.0
2025-10-08 18:00:00+00:00,123460.22,142551229.8623421,-0.004619489347972072,0.010397765049302121,-0.1376894347548855,57.25838525831594,134.5588455235993,-93.50613626540228,0.009372063408352282,0.9089158622117446,9.0,10.0,11.0,0.13798238821327685,0.9,0.30000000000000004,0.14983908376759952,41.0
2025-10-08 19:00:00+00:00,123450.0,82081688.2767109,-8.277970021441927e-05,0.003242313371940142,-0.4241951587792333,57.15022100099023,176.05209637392545,-39.59448973753674,0.008415807846151369,0.8655730390011537,6.0,9.0,10.0,0.14821658242079946,0.6666666666666666,0.2222222222222222,0.22052131065477928,25.0
2025-10-08 20:00:00+00:00,122856.69,83031052.6269751,-0.004806075334143345,-0.009485364360942383,0.011566091904247289,51.11356653527507,159.22518924670294,0.16944605931119483,0.0031830731297621817,0.6390891920322753,9.0,10.0,11.0,0.23905661161988973,0.9,0.4,0.3268205728381872,24.0
2025-10-08 21:00:00+00:00,123277.33,32257472.7529681,0.0034238265738724127,-0.0014813678446384815,-0.6115010982952623,54.76191412467583,177.78251056585577,35.69205896062011,0.006072597365115007,0.7615089264107118,4.0,7.0,5.0,0.27037019389016287,0.5714285714285714,0.2857142857142857,0.2298390120267868,19.0
2025-10-08 22:00:00+00:00,123200.82,16309410.9110017,-0.0006206331691317457,-0.002018469015795832,-0.49439898668127913,53.97291585325729,184.1923490858171,65.39211698565951,0.004975558455572404,0.7128573198501852,8.0,10.0,12.0,0.1187485970556736,0.8,0.3,0.039773604832589626,21.0
2025-10-08 23:00:00+00:00,123306.0,35710678.1702904,0.0008537280839526762,0.0036571878991693563,1.189574986194097,54.934183496050814,195.505671583378,91.41482790520321,0.005041881859701114,0.7291286029206839,5.0,5.0,10.0,0.13347827978432178,1.0,0.2,0.13347827978432178,17.0
2025-10-09 00:00:00+00:00,122839.15,47153599.0682719,-0.0037861093539649504,-0.003554424807870271,0.32043415259196806,49.947899919065485,164.89980548793392,106.11182342174936,0.0008536157374383624,0.5402495162824174,3.0,3.0,4.0,0.08260740339756012,1.0,0.3333333333333333,0.08260740339756012,16.0
2025-10-09 01:00:00+00:00,122548.23,79593603.4284253,-0.0023683003342175324,-0.005296961497496588,0.6879645456794243,47.08007679871083,115.83435705999727,108.05633014939895,-0.001994110531933546,0.3933106619993132,4.0,4.0,7.0,0.6513390243053436,1.0,1.0,0.6513390243053436,12.0
2025-10-09 02:00:00+00:00,121617.81,101407662.8985774,-0.007592276118553509,-0.013691061262225745,0.2740679970566786,39.306966964587815,1.85117829668161,86.81529977885548,-0.009504102255549318,0.004977763873052019,9.0,11.0,10.0,0.38445025953379547,0.8181818181818182,0.6363636363636364,0.5363525127371153,16.0
2025-10-09 03:00:00+00:00,122038.01,55423421.6652814,0.0034550860601749722,-0.006521862126203204,-0.4534592349227792,43.818389652042086,-53.95275011668855,58.661689799746675,-0.006260291748544811,0.1515165042153401,9.0,10.0,14.0,0.25416833311319353,0.9,0.5,0.1832770456870397,22.0
2025-10-09 04:00:00+00:00,122144.7,40096346.1144057,0.0008742358221016655,-0.003292826016336625,-0.2765450975481176,44.93752536336055,-88.54804730533215,29.21974237873091,-0.005295486111933978,0.21124073541839158,3.0,3.0,6.0,-0.7949105501174927,1.0,-1.0,-0.7949105501174927,21.0
2025-10-09 05:00:00+00:00,122100.92,48156459.749768,-0.0003584273406869176,0.003972362271611463,0.20101865672160302,44.54539711331096,-118.13595197100949,-0.25139649121717156,-0.0054835318924937315,0.20995470173309175,10.0,12.0,14.0,0.09328380692750216,0.8333333333333334,0.08333333333333337,0.19096000976860522,22.0
2025-10-09 06:00:00+00:00,121957.32,41049285.5656313,-0.0011760763145763908,-0.000661187444796818,-0.14758506379138336,43.21340744289437,-151.42635076069564,-30.486387345112867,-0.006257650623475275,0.18282607449449717,12.0,12.0,15.0,-0.012385395045081774,1.0,0.0,-0.012385395045081774,25.0
2025-10-09 07:00:00+00:00,121906.1,47730522.0502198,-0.00041998299077083967,-0.0019534208197325986,0.16276133415053606,42.72269565926469,-179.86884154165455,-60.362878184421206,-0.006279040327156538,0.19410497616552827,6.0,6.0,9.0,0.08807271222273509,1.0,0.5,0.08807271222273509,28.0
2025-10-09 08:00:00+00:00,121261.62,115537435.3816511,-0.005286691970295299,-0.006873822080947445,1.4206195620506326,37.02547356024065,-251.51456689377665,-98.5932159262923,-0.010980328795303085,0.019972730651566534,14.0,16.0,25.0,0.048567984136752784,0.875,0.0625,0.031171617630336965,32.0
2025-10-09 09:00:00+00:00,121813.04,60293499.9138798,0.0045473580181429885,-0.001183036819766281,-0.4781474963961748,43.91669003609437,-260.7930745982303,-131.0331876606799,-0.006164344137256417,0.2384719524466899,14.0,14.0,25.0,0.12170174238937241,1.0,0.21428571428571427,0.12170174238937241,34.0
2025-10-09 10:00:00+00:00,122170.27,56463364.3232502,0.002932608856982988,0.0021669957450858313,-0.06352485087282,47.894675402624074,-236.59357978435582,-152.1452660854151,-0.003188927587090107,0.36533154945452867,18.0,19.0,24.0,0.047718029959421406,0.9473684210526315,0.15789473684210525,0.035730481872128114,46.0
2025-10-09 11:00:00+00:00,122737.57,95619191.7608863,0.0046435192457214836,0.012171617037608495,0.6934731556814568,53.53153727291829,-169.68293763918336,-155.65280039616877,0.0012160112798833556,0.5516633438243232,12.0,16.0,22.0,-0.023495188797824085,0.75,0.1875,-0.013308539831389984,44.0
2025-10-09 12:00:00+00:00,123563.38,182838674.9616508,0.0067282576964819985,0.014369069189965389,0.9121545747727418,60.269536488365944,-49.4497799740202,-134.41219631173908,0.007741861309389364,0.8181189860357162,18.0,19.0,25.0,0.05591069926556788,0.9473684210526315,0.2631578947368421,0.04583513053754965,48.0
2025-10-09 13:00:00+00:00,122415.74,151683394.7356423,-0.009287865061638811,0.0020092449660624734,-0.17039764826857928,49.52256688492423,-46.23611194604018,-116.7769794385993,-0.0009589723918681514,0.45626872872859753,22.0,27.0,31.0,0.1544546255910838,0.8148148148148148,0.25925925925925924,0.20761929723349484,52.0
2025-10-09 14:00:00+00:00,121315.0,317903488.2862938,-0.008991817555487613,-0.011590338638772235,1.0958357956079774,41.819992891852195,-130.99969269966823,-119.6215220908131,-0.009074748306088898,0.09528967816071204,11.0,13.0,12.0,0.033997208453141727,0.8461538461538461,0.30769230769230765,-0.009573605250228535,51.0
2025-10-09 15:00:00+00:00,121147.14,149733306.0628728,-0.0013836706095701201,-0.019554660935950485,-0.5289975996487722,40.778371797394534,-209.30757286047447,-137.55873224474539,-0.009514299639929003,0.08314388079216795,20.0,21.0,22.0,0.13466515134842622,0.9523809523809523,0.38095238095238093,0.13373666098341347,53.0
2025-10-09 16:00:00+00:00,119819.77,341484350.6052772,-0.010956676319391456,-0.021206178225120387,1.2806171825384554,33.64254749317372,-374.16169466328574,-184.87932472845347,-0.019149027714667977,-0.17108971946252458,15.0,16.0,19.0,0.05443097685929388,0.9375,-0.0625,0.05668988488614559,46.0
2025-10-09 17:00:00+00:00,120974.0,201081966.9173949,0.009633051373742374,-0.0028108642789432814,-0.4111532005464398,42.98550904904739,-406.9816283302789,-229.29978544881857,-0.008765945024693078,0.19194644585335421,19.0,20.0,24.0,-0.08537726923823356,0.95,0.0,-0.05001579068208996,54.0
2025-10-09 18:00:00+00:00,120649.32,115413353.3637546,-0.0026838824871459055,-0.004109217931186793,-0.42603827119332505,41.22707826824608,-453.9576831596496,-274.2313649909848,-0.010391842377342586,0.13853816241490446,6.0,7.0,9.0,0.17935491699193204,0.8571428571428571,0.2857142857142857,0.20466235528389612,40.0
2025-10-09 19:00:00+00:00,120951.72,86448379.5836301,0.0025064376657903953,0.009447105431766412,-0.25096726622987897,43.54355357300875,-461.46590066800127,-311.6782721263881,-0.006952632572801654,0.24766902041747327,5.0,9.0,5.0,0.12199578517013127,0.5555555555555556,0.22222222222222227,-0.10839746296405792,30.0
2025-10-09 20:00:00+00:00,121109.09,89991918.7410206,0.0013010976611163017,0.0011166862300990843,0.040990232257187564,44.763666636556096,-449.53580440625956,-339.2497785823624,-0.00495388551851339,0.3153014726719841,10.0,11.0,14.0,0.03860559517687017,0.9090909090909091,0.2727272727272727,-0.03267854750156403,21.0
2025-10-09 21:00:00+00:00,121461.02,52931107.4517038,0.0029058925304450423,0.006727762742467114,-0.4118237704873331,47.49638438982702,-406.99175970653596,-352.79817480719714,-0.0016164783419297946,0.43812231747020236,14.0,17.0,20.0,0.2171160138266928,0.8235294117647058,0.29411764705882354,0.1944775908653225,29.0
2025-10-09 22:00:00+00:00,121686.19,56904857.2855456,0.0018538457852568246,0.006072422946941103,0.07507399760089273,49.227158257522476,-351.05916901920864,-352.45037364959944,0.00020626149874569677,0.5078960865171527,8.0,8.0,12.0,0.17978585604578257,1.0,0.5,0.17978585604578257,32.0
2025-10-09 23:00:00+00:00,121662.4,86498897.6516984,-0.00019550287505931685,0.004568690921548546,0.5200617623492392,49.04320876570504,-305.1344421955873,-342.9871873587971,0.00016511112861872235,0.5063574521660074,5.0,5.0,7.0,0.13855772316455842,1.0,0.0,0.13855772316455842,27.0
2025-10-10 00:00:00+00:00,121745.27,35652349.4609657,0.0006811471744763153,0.0023402569812109864,-0.5878288576054973,49.74763882388237,-259.06550303523545,-326.20285049408477,0.0010107188856680605,0.5393058585095591,4.0,5.0,8.0,0.1322830595076084,0.8,0.39999999999999997,0.13861282635480165,17.0
2025-10-10 01:00:00+00:00,121623.97,42994752.5483503,-0.0009963426094500294,-0.0005113152116933417,0.20594443840015342,48.68669055940355,-229.6956446841359,-306.901409332095,0.00020948860991865104,0.5082264903610378,4.0,4.0,5.0,0.032953325659036636,1.0,0.25,0.032953325659036636,13.0
2025-10-10 02:00:00+00:00,121059.73,98467192.2867231,-0.004639217088539427,-0.004953625770985903,1.2902141877893256,43.98734641225331,-249.07805600811844,-295.3367386672997,-0.00406312055691449,0.34130318978426244,3.0,5.0,6.0,0.2146324910223484,0.6,0.2,0.05820572872956594,11.0
2025-10-10 03:00:00+00:00,121026.01,77160741.4056474,-0.0002785401883846905,-0.005907909194336702,-0.21638121679182454,43.71578152151928,-264.11512407097325,-289.0924157480344,-0.003979952614860061,0.34534314217818696,11.0,12.0,16.0,0.10023027875771125,0.9166666666666666,0.16666666666666669,0.13320321623574605,18.0
2025-10-10 04:00:00+00:00,121234.51,58204132.5551849,0.001722770171469712,-0.0032021648364216615,-0.2456768624189899,45.93826732467658,-256.25396515642933,-282.52472562971343,-0.0022529086233210593,0.4125058813240279,7.0,8.0,12.0,-0.664525518193841,0.875,-0.625,-0.762129932641983,21.0
2025-10-10 05:00:00+00:00,121583.89,61049726.1324892,0.0028818527001923666,0.0043297634977379484,0.04888988895429902,49.534313079640164,-219.30389517886215,-269.8805595395432,0.0007168131206616302,0.5279382831600179,11.0,12.0,17.0,0.26937098645915586,0.9166666666666666,0.4166666666666667,0.2869025668637319,29.0
2025-10-10 06:00:00+00:00,121378.18,83647289.6345911,-0.0016919182302853608,0.0029098703658825276,0.3701501207894202,47.52964769870829,-204.26513499497378,-256.7574746306293,-0.0006505584127807218,0.47414623919372056,13.0,15.0,15.0,0.01900706042846044,0.8666666666666667,-0.13333333333333336,0.021376606936638173,31.0
2025-10-10 07:00:00+00:00,120932.05,108449962.6907803,-0.0036755370693479783,-0.0024948341854146294,0.29651496377872366,43.4250829585883,-225.7435407199082,-250.55468784848512,-0.003583093346878119,0.3473840392486632,6.0,6.0,7.0,-0.12631499643127123,1.0,-0.33333333333333337,-0.12631499643127123,30.0
2025-10-10 08:00:00+00:00,121631.54,52521354.0808088,0.005784157301558901,0.0003919104743235202,-0.5157088782910773,50.62481040856617,-184.19900343068002,-237.28355096492413,0.002978576944053124,0.6769619695873516,13.0,13.0,23.0,0.03772292257501529,1.0,0.0,0.03772292257501529,32.0
2025-10-10 09:00:00+00:00,121314.73,57542235.3382148,-0.0026046698085052666,-0.0005227463453479908,0.09559694995069856,47.66609136980827,-174.823323179211,-224.79150540778153,0.0008204700172425028,0.5567614046755396,13.0,14.0,14.0,0.25063185420419487,0.9285714285714286,0.2857142857142857,0.2722138943007359,32.0
2025-10-10 10:00:00+00:00,121496.33,35160537.4819241,0.0014969328126930304,0.004666091412491635,-0.3889612164827845,49.48844518165419,-150.99880647873215,-210.03296562197167,0.0022436665216656326,0.6538864144876684,11.0,13.0,16.0,0.17710913287905547,0.8461538461538461,0.23076923076923078,0.20982192134992642,37.0
2025-10-10 11:00:00+00:00,121554.55,43471194.0333406,0.0004791914290744881,-0.0006329772688892232,0.23636318289187064,50.08850035849065,-125.96775998713565,-193.21992449500448,0.002555463995549845,0.6732116700387321,8.0,12.0,13.0,0.2594359473635753,0.6666666666666666,0.5833333333333333,0.2612903208937496,32.0
2025-10-10 12:00:00+00:00,121597.21,35041642.1989805,0.0003509535430801236,0.0023284888817707294,-0.19391120998183264,50.55203501112948,-101.51793427451048,-174.8795264509057,0.002172724880037391,0.7118595911593886,9.0,10.0,11.0,-0.3884208522737026,0.9,-0.3,-0.35319896125131184,28.0
2025-10-10 13:00:00+00:00,121684.2,177202298.9476427,0.0007153947035460906,0.0015463018512575921,4.056906235769915,51.54034920112922,-74.26581516319129,-154.75678419336282,0.002596249883068502,0.7553233054763564,13.0,16.0,16.0,-0.0005191062809899449,0.8125,0.0,-0.09320709754068118,30.0
2025-10-10 14:00:00+00:00,120493.17,161937499.7058658,-0.009787877144279977,-0.008731717570424236,-0.08614334764520826,39.80862513292648,-147.07904588607198,-153.22123653190465,-0.007153170622249738,-0.16165316075561656,18.0,20.0,23.0,0.1872353283688426,0.9,0.45,0.16286330732206503,40.0
2025-10-10 15:00:00+00:00,119018.98,560411074.4669878,-0.012234635373938652,-0.021203035826233285,2.4606627586870684,30.541904974390178,-320.0495366702671,-186.58689655957716,-0.018518760260976652,-0.43030379953537007,22.0,23.0,27.0,-0.015441151578789171,0.9565217391304348,0.043478260869565244,-0.018009809438477863,53.0
2025-10-10 16:00:00+00:00,118205.61,246481738.7379317,-0.006833952030172008,-0.02858703101963933,-0.5601768951972215,26.83081032340189,-516.8046558126516,-252.63044841019206,-0.024057790474111718,-0.3095141065102577,14.0,16.0,17.0,0.07306757615879178,0.875,0.25,0.028783805136169707,54.0
2025-10-10 17:00:00+00:00,117623.8,259220194.4043463,-0.0049220168145995835,-0.02381354893393539,0.051681133586770844,24.53435370135692,-711.480208920635,-344.4004005122807,-0.027320608056971785,-0.2035752558701972,6.0,7.0,9.0,-0.0038149282336235046,0.8571428571428571,0.0,0.079327542334795,42.0
2025-10-10 18:00:00+00:00,117237.7,170295848.54873,-0.0032824989500425117,-0.014966352425470286,-0.34304559511635535,23.120130242204453,-886.6957538466086,-452.85947117914634,-0.028726945849715246,-0.11595692722981533,15.0,16.0,19.0,0.06553791696205735,0.9375,0.125,0.030947330097357433,35.0
2025-10-10 19:00:00+00:00,116661.5,318809847.8798729,-0.0049148012968524,-0.01306291638780932,0.8720940680397491,21.1598666364616,-1059.8327676336485,-574.2541304700468,-0.03149426662313681,-0.07826772699377524,13.0,15.0,26.0,0.04715148657560349,0.8666666666666667,0.13333333333333333,0.04959299243413485,34.0
2025-10-10 20:00:00+00:00,114266.82,513614429.9700123,-0.020526737612665658,-0.028539972352534027,0.6110369029865774,15.339072720160601,-1374.4321628498874,-734.289736946015,-0.048420592381703154,-0.19442835099516673,10.0,12.0,13.0,-0.049692475236952305,0.8333333333333334,0.0,-0.11843214444816112,38.0
2025-10-10 21:00:00+00:00,113451.86,2527603344.6880045,-0.007132079110979128,-0.03229200163428658,3.9212078111504383,13.93423571175299,-1670.2611800381273,-921.4840255644374,-0.05198146892724653,-0.11994245491933839,4.0,7.0,5.0,-0.3529352716037205,0.5714285714285714,-0.2857142857142857,-0.6587257385253906,27.0
2025-10-10 22:00:00+00:00,113700.0,1059509554.2738702,0.0021871831806019593,-0.025385409925296698,-0.5808244373071713,16.443532733887636,-1863.2070917378733,-1109.8286387991247,-0.04697748868627316,-0.0002515068570897479,12.0,12.0,20.0,-0.31600136930743855,1.0,-0.33333333333333337,-0.31600136930743855,26.0
2025-10-10 23:00:00+00:00,112774.5,565301963.5698924,-0.008139841688654337,-0.013059959137744492,-0.4664493951096841,14.719736222195422,-2066.9714716537565,-1301.2572053700512,-0.051454711778830986,0.007897469612398718,2.0,4.0,3.0,-0.5614758469164371,0.5,-0.75,-0.5044503584504128,18.0
2025-10-11 00:00:00+00:00,112514.58,406962567.644147,-0.002304776345716464,-0.00826147759939766,-0.2800970209369683,14.267377487170094,-2223.7950573809794,-1485.7647757722368,-0.05015767027875129,0.05671456351263343,4.0,4.0,9.0,-0.44412804767489433,1.0,-0.25,-0.44412804767489433,18.0
2025-10-11 01:00:00+00:00,111095.37,312065373.1527493,-0.012613565281939465,-0.022907915567282333,-0.23318408629261678,12.083759452998578,-2434.533478593119,-1675.5185163364135,-0.05796802578008886,0.029109625511433534,6.0,6.0,9.0,0.244552252193292,1.0,0.16666666666666669,0.244552252193292,12.0
2025-10-11 02:00:00+00:00,113196.48,328762276.109851,0.01891266935786784,0.0037418033332001777,0.05350450384294625,29.32872265404785,-2404.288042464832,-1821.2724215620974,-0.036810544332220085,0.20600302592261105,1.0,1.0,1.0,0.8256274461746216,1.0,1.0,0.8256274461746216,11.0
2025-10-11 03:00:00+00:00,112300.01,245890823.7683516,-0.007919592552701249,-0.0019070417362799796,-0.2520710506147279,26.90389960614357,-2424.705458119686,-1941.9590288736154,-0.04091637417536664,0.18135479214976913,3.0,3.0,5.0,0.19634936253229776,1.0,0.3333333333333333,0.19634936253229776,10.0
2025-10-11 04:00:00+00:00,112945.79,162483221.1215759,0.00575048924750754,0.01665613967530777,-0.3392058368365637,31.30961431340704,-2361.554824138526,-2025.8781879265975,-0.03181018139817382,0.24998127622599,2.0,2.0,3.0,-0.4457835704088211,1.0,-0.5,-0.4457835704088211,6.0
2025-10-11 05:00:00+00:00,112389.48,141222112.2903879,-0.004925460258412451,-0.0071291969502939034,-0.1308511037904625,29.651603690102803,-2329.543531712945,-2086.611256683867,-0.032879304250204355,0.23900157994984136,3.0,4.0,5.0,-0.5382694378495216,0.75,-0.75,-0.6872620582580566,8.0
2025-10-11 06:00:00+00:00,112045.99,135744670.3004462,-0.0030562469014002724,-0.0022619766463065627,-0.03878600809113164,28.64302365422668,-2305.316866345762,-2130.352378616246,-0.03189871803423394,0.24041102794338254,7.0,7.0,10.0,-0.2287386613232749,1.0,-0.4285714285714286,-0.2287386613232749,12.0
2025-10-11 07:00:00+00:00,110384.61,358510333.9882137,-0.014827661391541125,-0.02267618828466289,1.6410637942153907,24.33200720246434,-2392.5961813276517,-2182.8011391585273,-0.04162874357470714,0.15498566704982558,5.0,6.0,8.0,-0.15991222858428955,0.8333333333333334,-0.16666666666666669,-0.37789379358291625,15.0
2025-10-11 08:00:00+00:00,111328.38,219643242.8890268,0.008549833169678278,-0.009441275108666658,-0.38734473719173823,30.711738086564168,-2358.4248619393475,-2217.9258837146917,-0.029106825063656694,0.24237177065039361,4.0,4.0,8.0,-0.3974931687116623,1.0,-0.75,-0.3974931687116623,16.0
2025-10-11 09:00:00+00:00,111642.78,181663129.1114452,0.0028240777419019647,-0.003598611605823754,-0.17291728749775737,32.74601113691921,-2279.695482225565,-2230.2798034168663,-0.02208308538382997,0.28032115499875104,13.0,14.0,25.0,-0.1074849683791399,0.9285714285714286,0.0,-0.05042335362388538,22.0
2025-10-11 10:00:00+00:00,112114.64,151293630.0058543,0.00422651603623625,0.015672746409123528,-0.16717481006814572,35.79284192512959,-2154.392230515601,-2215.1022888366133,-0.014332979934475354,0.33713880219294895,13.0,14.0,20.0,0.045884319714137485,0.9285714285714286,0.0714285714285714,-0.0032764398134671724,30.0
2025-10-11 11:00:00+00:00,112280.0,108751283.9162427,0.0014749188865967877,0.00854786533317009,-0.2811905966428687,36.87216916554017,-2018.4775776885363,-2175.777346606998,-0.009946344611770908,0.3721615138992761,10.0,10.0,15.0,0.08630129657685756,1.0,0.2,0.08630129657685756,36.0
2025-10-11 12:00:00+00:00,112380.14,111967714.8844786,0.0008918774492341353,0.006604636681386777,0.029576027541091898,37.55673793112027,-1881.0007690327038,-2116.8220310921392,-0.00651169420605946,0.40404822319485717,14.0,14.0,21.0,-0.11972172584916864,1.0,0.0,-0.11972172584916864,37.0
2025-10-11 13:00:00+00:00,112267.86,109263053.3349435,-0.0009991089172873835,0.001366636863838755,-0.02415572696402346,37.07132226285503,-1760.8119215783518,-2045.6200091893818,-0.005149047743029267,0.41045473505384195,6.0,9.0,9.0,-0.33446787546078366,0.6666666666666666,-0.5555555555555556,-0.20311486348509789,30.0
2025-10-11 14:00:00+00:00,111991.97,118639512.9758089,-0.0024574263729619794,-0.002565283220520076,0.08581546419101138,35.84535997366443,-1668.588956517764,-1970.2137986550583,-0.005281870127430088,0.3837900411453174,6.0,6.0,8.0,0.29926108103245497,1.0,0.33333333333333337,0.29926108103245497,26.0
2025-10-11 15:00:00+00:00,111793.2,73045738.9798805,-0.0017748593939369561,-0.00522280894115279,-0.3843051345400008,34.94861577512677,-1593.1755342450197,-1894.8061457730507,-0.004895916151524293,0.34416558198704195,7.0,7.0,9.0,-0.07323339421834264,1.0,-0.14285714285714285,-0.07323339421834264,19.0
2025-10-11 16:00:00+00:00,111846.18,93278171.9563927,0.00047391075664715565,-0.003756017082716334,0.276983069225776,35.41241548438428,-1511.7087728148763,-1818.186671181416,-0.003350594001502172,0.3777527821987959,5.0,7.0,6.0,-0.0493809421147619,0.7142857142857143,-0.14285714285714285,-0.2581305682659149,18.0
2025-10-11 17:00:00+00:00,112005.57,76011964.622766,0.0014250821977113137,0.00012143727804780902,-0.18510447805193486,36.87068831323216,-1417.939215878825,-1738.137180120898,-0.001286729013919241,0.4496210276227748,4.0,6.0,5.0,0.12367324406901996,0.6666666666666666,0.33333333333333337,0.02682825457304716,16.0
2025-10-11 18:00:00+00:00,111955.27,32769682.1151342,-0.000449084808907263,0.0014497303950509188,-0.5688878418316858,36.58992339650666,-1332.3267229417106,-1656.9750886850604,-0.0009581248487453564,0.4568482765024519,2.0,2.0,2.0,-0.6579926908016205,1.0,-1.0,-0.6579926908016205,11.0
2025-10-11 19:00:00+00:00,111178.31,148374697.5251706,-0.006939914485490584,-0.0059713259764436755,3.52780399284514,32.47614053088597,-1312.047912544338,-1587.9896534569161,-0.007184320099856811,0.17971145126400284,5.0,6.0,8.0,-0.1894086798032125,0.8333333333333334,-0.16666666666666669,-0.0361102819442749,11.0
2025-10-11 20:00:00+00:00,110244.98,193553687.3771136,-0.008394892852751634,-0.01571877184322179,0.30449254896899625,28.35240324165686,-1355.6615179305227,-1541.5240263516375,-0.014520246097254441,-0.06405498277731578,8.0,8.0,8.0,0.22677501384168863,1.0,0.625,0.22677501384168863,15.0
2025-10-11 21:00:00+00:00,110893.54,121281121.6574943,0.0058828982507865835,-0.009483519623506909,-0.37339803079445255,34.569745889089475,-1322.6456074162124,-1497.7483425645526,-0.008633339865053213,0.17019743142954594,1.0,3.0,1.0,-0.42299549529949826,0.3333333333333333,-0.6666666666666666,-0.8235205411911011,14.0
2025-10-11 22:00:00+00:00,111043.27,63386544.4990942,0.0013502139078616082,-0.0012146254067002538,-0.4773585234633475,35.95157699288494,-1269.7612831395818,-1452.1509306795583,-0.006338419400774842,0.2411977303687585,5.0,5.0,6.0,0.13626578450202942,1.0,0.39999999999999997,0.13626578450202942,14.0
2025-10-11 23:00:00+00:00,110644.4,66504919.0045676,-0.0035920231815941284,0.003623022109487506,0.0491961587449834,33.897791895635024,-1245.6761711491854,-1410.855978773484,-0.009173715799517201,0.14052969120964817,3.0,4.0,5.0,0.1661570444703102,0.75,0.25,0.3433927595615387,9.0
2025-10-12 00:00:00+00:00,109641.54,129006412.4861787,-0.009063811634389074,-0.01129010761131799,0.9398025652406019,29.356902687008116,-1292.610557240463,-1387.2068944668797,-0.01669959900982776,-0.09886218599057334,0.0,0.0,0.0,0.0,0.0,0.0,0.0,8.0
2025-10-12 01:00:00+00:00,109978.56,132543059.4328023,0.003073834971672351,-0.009588244294318815,0.027414505050301408,32.62337368150823,-1287.7671211895795,-1367.3189398114196,-0.012609632975650209,0.06999411197264853,1.0,2.0,2.0,0.04305651783943176,0.5,0.0,0.921750545501709,4.0
2025-10-12 02:00:00+00:00,110119.02,115296194.9649641,0.0012771580206178967,-0.004748365032482327,-0.1301227279771835,33.99324301227742,-1258.0922112216358,-1345.473594093463,-0.010492636447850479,0.1548615358015461,0.0,0.0,0.0,0.0,0.0,0.0,0.0,1.0
2025-10-12 03:00:00+00:00,110676.0,150888798.1108627,0.005057981809136969,0.009434927674310423,0.30870579169342394,39.266398049229444,-1176.073951717146,-1311.5936656181996,-0.0056179093105763744,0.3122403951519902,0.0,0.0,0.0,0.0,0.0,0.0,0.0,1.0
2025-10-12 04:00:00+00:00,111524.87,98849635.735587,0.007669865192092118,0.014060104078467583,-0.3448841996676314,46.306660203106446,-1030.6959540801035,-1255.4141233105804,0.0019204283346214712,0.5640801926005822,0.0,0.0,0.0,0.0,0.0,0.0,0.0,0.0
2025-10-12 05:00:00+00:00,111700.38,59938865.4719777,0.001573729698138182,0.014360461980137407,-0.3936359499360398,47.65766911841069,-891.049192921957,-1182.5411372328558,0.003471217026324025,0.6156575528821359,2.0,3.0,3.0,0.095841433852911,0.6666666666666666,0.3333333333333333,0.14692466333508492,2.0
2025-10-12 06:00:00+00:00,111686.01,85423227.7253561,-0.00012864772707132932,0.009125826737504061,0.42517258297611105,47.552170268665954,-772.6312553431053,-1100.5591608549057,0.003535335362756298,0.6199928390686056,3.0,3.0,5.0,0.2852960800131162,1.0,0.3333333333333333,0.2852960800131162,5.0
2025-10-12 07:00:00+00:00,111525.2,60505020.8832043,-0.001439840137542725,2.9589812569064122e-06,-0.29170294199449165,46.31653039981639,-683.8769024782669,-1017.222709179578,0.0024303352951104973,0.5855366137263878,3.0,3.0,4.0,0.018608637154102325,1.0,0.0,0.018608637154102325,8.0
2025-10-12 08:00:00+00:00,111310.9,63976532.5605454,-0.0019215388091660124,-0.003486827887246302,0.05737559671357384,44.65139185715077,-623.641704051639,-938.5065081539904,0.0009851364081665537,0.5366466823719662,6.0,6.0,8.0,0.20932641128698984,1.0,0.5,0.20932641128698984,12.0
2025-10-12 09:00:00+00:00,111837.04,66468243.6096964,0.004726760811385011,0.0013522732166724172,0.03894726627756717,49.45589718758058,-527.3705747538334,-856.2793214739589,0.005911410507396075,0.7275538913977045,7.0,7.0,14.0,-0.23289190285972186,1.0,-0.2857142857142857,-0.23289190285972186,16.0
2025-10-12 10:00:00+00:00,111651.64,59994072.7870895,-0.0016577691970387498,0.0011337347971580591,-0.09740246576430456,47.878730150840475,-460.7242988110811,-777.1683169413834,0.00439756848860795,0.6729662417751274,6.0,6.0,7.0,-0.1416776441037655,1.0,-0.16666666666666666,-0.1416776441037655,19.0
2025-10-12 11:00:00+00:00,111848.36,123488909.1197235,0.0017619087368532238,0.004828457949760612,1.0583518234871003,49.711271289579564,-387.56537265866064,-699.247728084839,0.006142262487933259,0.7407233401774989,5.0,5.0,10.0,-0.46912541836500166,1.0,-0.6,-0.46912541836500166,18.0
2025-10-12 12:00:00+00:00,111789.6,113556678.4434884,-0.0005253541491354596,-0.00042418862301785154,-0.08043014346013633,49.155332043581254,-330.5178336770332,-625.5017492032778,0.005639273517975774,0.7218222734175718,5.0,6.0,5.0,0.12113947669665019,0.8333333333333334,0.3333333333333333,0.11412041783332824,16.0
2025-10-12 13:00:00+00:00,111297.52,129934595.4788524,-0.004401840600556817,-0.003171650680634852,0.144226806030739,44.65183025664186,-321.31012839311734,-564.6634250412457,0.0015315720673747535,0.562513252419627,9.0,11.0,16.0,-0.009750549088824879,0.8181818181818182,0.0,-0.030101549294259813,19.0
2025-10-12 14:00:00+00:00,112338.1,313768481.0171882,0.009349534473005239,0.004378606892403214,1.4148186236378888,54.206359965062546,-227.42522962772637,-497.2157859585418,0.01072133092279648,0.9204896065658088,8.0,9.0,15.0,-0.32615090389218593,0.8888888888888888,-0.5555555555555556,-0.3186331985052675,22.0
2025-10-12 15:00:00+00:00,113198.2,456844580.3576644,0.00765635167409795,0.012600456571988827,0.4559925805060021,60.30581576608406,-82.66497869043087,-414.30562450491965,0.017535173939010384,1.0819913194767095,0.0,0.0,0.0,0.0,0.0,0.0,0.0,17.0
2025-10-12 16:00:00+00:00,114069.35,410206269.6794865,0.007695793749370683,0.024904687903198663,-0.10208791497901692,65.34115449906983,101.18667066148191,-311.20716547163937,0.023606481322574924,1.1532675294695787,3.0,4.0,4.0,0.07557057868689299,0.75,0.25,-0.16424227381745973,11.0
2025-10-12 17:00:00+00:00,113799.99,184234181.3014358,-0.002361370517145911,0.013013305370128236,-0.5508742919863545,62.69298602204861,222.5894538214052,-204.44784161303045,0.019859411292376672,0.9942604959636646,8.0,9.0,17.0,-0.15218190290033817,0.8888888888888888,-0.3333333333333333,-0.17190657672472298,11.0
2025-10-12 18:00:00+00:00,113878.93,93138171.7537617,0.0006936731716760125,0.006013611523858042,-0.4944576999999085,63.16415656211707,321.46617049856286,-99.2650391907118,0.019271733796480284,0.9417318400013887,4.0,4.0,7.0,-0.13805753085762262,1.0,-0.25,-0.13805753085762262,15.0
2025-10-12 19:00:00+00:00,114342.28,68810505.5105247,0.004068794815687227,0.0023926672677629934,-0.261199739968639,65.88747388346732,432.23264458468475,7.034497564367513,0.021728092613721106,0.9615662088504884,1.0,2.0,2.0,-0.19895963370800018,0.5,0.0,-0.6620684862136841,13.0
2025-10-12 20:00:00+00:00,114927.97,208931024.6815091,0.005122252241253289,0.009911951661858653,2.036324513697297,69.00664725140246,560.8114759104647,117.78989323358694,0.02454177934626367,1.0043078786959416,7.0,7.0,10.0,0.5300629309245518,1.0,0.8571428571428571,0.5300629309245518,12.0
2025-10-12 21:00:00+00:00,114882.06,185182971.6678947,-0.0003994675969652972,0.008808741002396259,-0.1136645601093258,68.47807864348515,651.4965263689955,224.53121986066867,0.021898997111470253,0.9433061041216094,3.0,4.0,4.0,0.20614692568778992,0.75,0.75,0.13983534773190817,11.0
2025-10-12 22:00:00+00:00,115221.4,201126227.8586277,0.002953811935475281,0.007688494579607852,0.08609461251829087,70.28955253093136,742.1914630374231,328.06326849601953,0.022596879937029746,0.95121547619754,1.0,1.0,1.0,0.6545578837394714,1.0,1.0,0.6545578837394714,11.0
2025-10-12 23:00:00+00:00,114958.8,126433868.1017345,-0.002279090516171367,0.00026825497744376037,-0.37137055943491726,67.07709078403866,783.842579082062,419.219130613228,0.01833094559871573,0.8653537943222186,0.0,1.0,0.0,0.7151248455047607,0.0,1.0,0.0,4.0
2025-10-13 00:00:00+00:00,115280.84,170571146.5985363,0.0028013514406899365,0.0034712121283340114,0.34909379234752924,68.95118734126027,833.2323414636776,502.02177278331794,0.019487668111709988,0.8746130288239271,3.0,4.0,4.0,0.04590529203414917,0.75,0.25,0.06499553720156352,4.0
2025-10-13 01:00:00+00:00,115713.32,94019638.58352,0.003751534079730945,0.004269345798610491,-0.448795177505556,71.31287107000207,896.9323280422832,581.0038838351111,0.021499736724847063,0.8950775614009261,2.0,2.0,3.0,-0.011708289384841919,1.0,0.0,-0.011708289384841919,5.0
2025-10-13 02:00:00+00:00,115319.97,113379577.9803905,-0.0033993493575329436,0.0031417342560986494,0.20591378236018842,66.36822985476556,905.2399263241823,645.8510923329254,0.016396998883483338,0.7987403579047959,1.0,1.0,1.0,0.5038492679595947,1.0,1.0,0.5038492679595947,6.0
2025-10-13 03:00:00+00:00,114821.12,97353257.1090527,-0.004325790233903115,-0.003987826598071287,-0.141351036551835,60.62695758332088,861.6383018860943,689.0085342435592,0.010532516090221433,0.6971808208095669,4.0,4.0,6.0,0.028034217655658722,1.0,0.25,0.028034217655658722,7.0
2025-10-13 04:00:00+00:00,114708.15,124565471.4053425,-0.0009838782272808544,-0.008686726817621504,0.2795203273559441,59.374322951334776,808.6463932592596,712.9361060466994,0.008031320954826615,0.6590137951661852,7.0,7.0,11.0,0.057882462229047506,1.0,-0.14285714285714285,0.057882462229047506,12.0
2025-10-13 05:00:00+00:00,114611.82,95695199.7872376,-0.0008397833981280689,-0.0061407404112227,-0.2317678510135408,58.26877485384482,750.2287281725876,720.394630471877,0.005958319124321099,0.6235393215520053,10.0,10.0,15.0,-0.04138693138957024,1.0,0.0,-0.04138693138957024,21.0
2025-10-13 06:00:00+00:00,115221.22,68929407.5064518,0.0053170781163758285,0.0034845505774547814,-0.2796983792321359,62.966612305948196,744.5233925272187,725.2203828829454,0.009725316784599647,0.7141731642233102,6.0,6.0,6.0,0.11656778554121654,1.0,0.33333333333333337,0.11656778554121654,23.0
2025-10-13 07:00:00+00:00,115399.67,105726868.6393954,0.0015487598551724435,0.006028516718297627,0.5338427017452507,64.23624683642265,745.8041307819658,729.3371324627494,0.009717946166051261,0.7287440835028935,7.0,7.0,10.0,-0.14323535987309047,1.0,-0.14285714285714285,-0.14323535987309047,23.0
2025-10-13 08:00:00+00:00,115254.23,74352329.0376148,-0.0012603155624275608,0.005605093785265636,-0.29675086385836635,62.35977596593481,726.7063145338761,728.8109688769748,0.006919163486280189,0.6824494211201382,10.0,10.0,20.0,0.21975239403545857,1.0,0.3,0.21975239403545857,23.0
2025-10-13 09:00:00+00:00,115127.04,119344910.6608493,-0.001103560363901579,-0.0008173841589249609,0.6051267284508706,60.69009584358871,693.3158737180493,721.7119498451897,0.004128230532906452,0.6453959269840729,11.0,11.0,16.0,0.17106547545302997,1.0,0.09090909090909094,0.17106547545302997,28.0
2025-10-13 10:00:00+00:00,114810.62,103043688.9321753,-0.0027484420688658195,-0.005104434007480285,-0.13658916528915355,56.627952610043025,634.0127548598539,704.1721108481227,0.0002898742677877042,0.5134899766029156,18.0,18.0,32.0,0.0668069582639469,1.0,0.16666666666666663,0.0668069582639469,39.0
2025-10-13 11:00:00+00:00,114180.0,226354806.9336243,-0.005492697452552653,-0.00932052558938612,1.1966877280821535,49.51481704787855,530.0191118244111,669.3415110433804,-0.005629705193592072,0.18951382925176116,21.0,22.0,35.0,0.18052488734776323,0.9545454545454546,0.40909090909090906,0.1508109246691068,50.0
2025-10-13 12:00:00+00:00,114412.26,138355197.9687777,0.0020341565948502893,-0.006208619625763023,-0.3887684567293125,51.91072337707811,461.0303702801175,627.6792828907278,-0.003755756160676138,0.2845745877004964,21.0,22.0,35.0,0.17509622584012421,0.9545454545454546,0.3181818181818182,0.14971414190672694,60.0
2025-10-13 13:00:00+00:00,115345.79,208431841.8298717,0.008159352852570079,0.0046613283684036055,0.5064980925176954,60.10581852068397,476.19508422372746,597.3824431573278,0.0036974614215974366,0.7359288813420327,5.0,11.0,8.0,0.5722414119677111,0.45454545454545453,0.6363636363636364,0.6802492350339889,47.0
2025-10-13 14:00:00+00:00,114036.63,164444093.5325268,-0.011349872414068929,-0.0012556489753020594,-0.21104140284500794,47.80287783225486,378.2151298009121,553.5489804860447,-0.007762456532909856,-0.015095758466056366,21.0,24.0,34.0,-0.08402823773212731,0.875,0.041666666666666685,-0.09875838236794585,47.0
2025-10-13 15:00:00+00:00,114312.1,123314088.5649789,0.0024156273295694586,-0.0008754306575186055,-0.25011542880019855,50.11661791574768,319.11487913003657,506.6621602148431,-0.005352520810545269,0.14653096380339678,21.0,21.0,35.0,0.18649476305359886,1.0,0.19047619047619047,0.18649476305359886,47.0
2025-10-13 16:00:00+00:00,114669.24,112938015.2709827,0.003124253687929901,-0.005865406964571385,-0.08414345363732423,53.02394202437408,297.6644277026644,464.8626137124074,-0.002132667302003677,0.36034033986304226,24.0,28.0,31.0,0.02038484133247818,0.8571428571428571,0.14285714285714285,-0.010078636696562171,66.0
2025-10-13 17:00:00+00:00,115040.55,76765974.4010096,0.0032380959357540817,0.008803487090069284,-0.3202822431683623,55.90162520049996,307.0865021945792,433.3073914088418,0.001029491781088021,0.567302718822675,12.0,13.0,15.0,0.10635629410927112,0.9230769230769231,0.07692307692307693,0.12865147615472475,57.0
2025-10-13 18:00:00+00:00,115160.63,83384229.1607741,0.0010438058580213294,0.007422923732483211,0.08621338830654435,56.82279491537553,320.5479394495487,410.7555010169832,0.0021008673920459575,0.6379277195495693,10.0,10.0,12.0,0.28558593019843104,1.0,0.4,0.28558593019843104,46.0
2025-10-13 19:00:00+00:00,115792.84,114296593.9204255,0.005489810189471811,0.0097986173100999,0.3707219587057513,61.39509683005157,377.87438813137123,404.17927843986087,0.007236703831707825,0.9357278183188534,14.0,14.0,19.0,-0.15201960943107093,1.0,-0.0714285714285714,-0.15201960943107093,36.0
2025-10-13 20:00:00+00:00,115713.37,48481108.3437385,-0.0006863118652241651,0.005848546447317915,-0.5758306815556415,60.52741789152706,412.142524413357,405.77192763456014,0.006356109137050314,0.8650082215788883,18.0,20.0,21.0,0.02411630842834711,0.9,0.30000000000000004,0.05646244788335429,42.0
2025-10-13 21:00:00+00:00,115700.0,25649513.2873119,-0.00011554412424419347,0.004683631897463458,-0.47093797638756696,60.37282847150841,433.2274457235908,411.2630312523663,0.006245658962081846,0.8593560425573843,6.0,7.0,7.0,-0.21664018716130937,0.8571428571428571,-0.5714285714285714,-0.1866133213043213,38.0
2025-10-13 22:00:00+00:00,115507.19,38505391.8936591,-0.0016664649956784627,-0.0024669055530548434,0.5012133549023967,58.06948642052003,429.42905135726323,414.8962352733457,0.004487007654110364,0.7541513672483464,8.0,9.0,13.0,-0.06442244061165386,0.8888888888888888,-0.1111111111111111,-0.0765608730725944,32.0
2025-10-13 23:00:00+00:00,115166.0,63929309.6375022,-0.0029538420941588317,-0.004730395459055403,0.6602690296999627,54.133661773351605,394.3418870946771,410.785365637612,0.001369746971021879,0.5776289877651866,0.0,0.0,0.0,0.0,0.0,0.0,0.0,14.0
2025-10-14 00:00:00+00:00,114959.03,87397971.6299788,-0.001797144990709043,-0.006404235090751942,0.36710332280374613,51.8383852728841,345.84759159441455,397.79781082897256,-0.0005388711087799258,0.4691834237429549,3.0,4.0,7.0,0.32673531398177147,0.75,1.0,0.4020119905471802,11.0
2025-10-14 01:00:00+00:00,114274.57,80816891.1134546,-0.005953947245379454,-0.010671370327682617,-0.07530015163723547,45.03747566938642,249.31140461735777,368.1005295866496,-0.006343936339201051,0.15029748045817024,2.0,2.0,2.0,0.27675066888332367,1.0,0.0,0.27675066888332367,5.0
2025-10-14 02:00:00+00:00,113647.05,96982662.4786208,-0.0054913354738503894,-0.013189222513589005,0.20002961190961832,39.87265891810855,120.77790878497763,318.6360054263152,-0.011123651077065033,-0.03596961112198865,0.0,1.0,0.0,0.06578514724969864,0.0,0.0,0.0,5.0
2025-10-14 03:00:00+00:00,113500.0,129477050.5313356,-0.0012939183199212057,-0.012691738961262966,0.33505357784828793,38.75118794408476,6.968156679460662,256.3024356769443,-0.0115862727952043,-0.003211330229312891,4.0,5.0,8.0,0.46574911177158357,0.8,0.8,0.5515306442975998,6.0
2025-10-14 04:00:00+00:00,113062.09,134653654.7956957,-0.0038582378854625787,-0.010610234630504478,0.03998086335081652,35.54495328131641,-117.21142866453738,181.59966280864796,-0.014459097888483319,-0.048183664669544476,11.0,12.0,15.0,0.013998642874260744,0.9166666666666666,0.16666666666666669,0.007092533125118775,15.0
2025-10-14 05:00:00+00:00,112493.11,202937572.4560696,-0.005032456060205415,-0.0101537171444398,0.5071077926847081,31.85679777242828,-258.5561017555301,93.56850989581235,-0.018291814154993147,-0.08777171421318272,6.0,7.0,9.0,-0.3049604208873851,0.8571428571428571,-0.42857142857142855,-0.33006948698312044,21.0
2025-10-14 06:00:00+00:00,111987.38,207788972.970967,-0.004495653111554976,-0.013327048458149693,0.023905876354895383,28.978633497150554,-406.69285586664046,-6.483763256678202,-0.021499822476133135,-0.08364280111223013,11.0,12.0,14.0,-0.16603318074097237,0.9166666666666666,-0.08333333333333337,-0.1038943390277299,28.0
2025-10-14 07:00:00+00:00,111724.41,161708452.0903579,-0.0023482110216347385,-0.011831375132018151,-0.22176595909662455,27.583135353430436,-539.0974027529446,-113.0064911559315,-0.022749155278190214,-0.0375355213616913,8.0,8.0,11.0,-0.1910556722432375,1.0,0.0,-0.1910556722432375,25.0
2025-10-14 08:00:00+00:00,111803.33,109565216.2071013,0.0007063809958809397,-0.006131753313602939,-0.3224521366027331,28.69294731346143,-630.3939861794934,-216.48399016064388,-0.02094172608988809,0.04982246530190636,11.0,11.0,17.0,0.03342399864711545,1.0,0.09090909090909094,0.03342399864711545,30.0
2025-10-14 09:00:00+00:00,111287.89,104596634.1188837,-0.004610238353365714,-0.006246150235856951,-0.04534817034291194,25.901030631656965,-735.8563921555178,-320.3584705596187,-0.023720818757860362,0.03114727757511874,4.0,6.0,5.0,-0.48015643904606503,0.6666666666666666,-0.6666666666666667,-0.5595251731574535,23.0
2025-10-14 10:00:00+00:00,110623.58,214344621.5502731,-0.0059692927954694275,-0.00985308403060714,1.0492497044087545,22.819223162354533,-863.0911957873905,-428.9050156051731,-0.028093514163589406,0.005826374793852047,16.0,16.0,24.0,-0.30178646417334676,1.0,-0.1875,-0.30178646417334676,31.0
2025-10-14 11:00:00+00:00,111313.98,158709707.7228361,0.006240984065061017,-0.004376882155477935,-0.25955824515236636,31.889438439743344,-897.8661422706064,-522.6972409382598,-0.02073814367516047,0.15373144984011805,15.0,17.0,19.0,0.07561830212088193,0.8823529411764706,0.11764705882352938,0.13807111084461213,35.0
2025-10-14 12:00:00+00:00,110803.28,108494534.4780509,-0.00458792327792068,-0.004354561848553318,-0.3163963563746135,29.15958376142251,-955.6189790620701,-609.281588563022,-0.02357050415069839,0.12740175799758213,18.0,21.0,25.0,-0.10850542428947631,0.8571428571428571,0.0,-0.21611711465650135,49.0
2025-10-14 13:00:00+00:00,111014.38,267590577.4565777,0.0019051782582610866,0.0035327007135368405,1.4663968442641955,31.759976146328512,-973.1367972996959,-682.0526303103568,-0.019971674582290766,0.1915254668290572,21.0,25.0,28.0,-0.16746923685073853,0.84,-0.2,-0.12821629519263902,54.0
2025-10-14 14:00:00+00:00,111435.21,235361558.6975974,0.003790770168693447,0.001089081533155234,-0.12044153073442998,36.744878096539516,-942.2012213057897,-734.0823485094434,-0.014636290923437878,0.27286163340132447,0.0,2.0,0.0,-0.3339530397206545,0.0,-0.5,0.0,39.0
2025-10-14 15:00:00+00:00,112900.43,188303922.7978651,0.01314862690167673,0.01892678628286082,-0.19993764555321447,50.34545391860116,-790.3429640877148,-745.3344716250976,-0.00040182100064389825,0.4933769994415455,0.0,1.0,0.0,0.010570980608463287,0.0,0.0,0.0,21.0
2025-10-14 16:00:00+00:00,112328.83,273666036.7903348,-0.005062868228225437,0.011840357978849303,0.4533209543600518,46.17447820816621,-707.9566604087449,-737.8589093818272,-0.003970301034203261,0.42979360701488645,0.0,2.0,0.0,0.6043871343135834,0.0,1.0,0.0,0.0
2025-10-14 17:00:00+00:00,112774.97,228641270.8189154,0.003971731923140265,0.01202277089978998,-0.16452449306274153,49.678709747569364,-599.7515887467744,-710.2374452548166,0.00128415226109313,0.5249905055326937,6.0,9.0,6.0,0.23631451630757916,0.6666666666666666,0.4444444444444444,0.4419548229003946,6.0
2025-10-14 18:00:00+00:00,112861.36,145767633.000337,0.0007660387761574405,-0.0003460571407920554,-0.36246141180790836,50.352736073375375,-501.2492495387123,-668.4398061115958,0.0032295317063468776,0.5703940750064525,20.0,21.0,28.0,-0.00861739677687486,0.9523809523809523,0.19047619047619047,-0.011042213719338178,26.0
2025-10-14 19:00:00+00:00,112613.7,190148677.6334073,-0.0021943736988461193,0.002536036385316187,0.3044643294233067,48.353208194670735,-438.11916326984647,-622.375677543246,0.0021649022982728194,0.553477847660067,8.0,10.0,9.0,0.04423823170363903,0.8,0.0,0.12177853798493743,34.0
2025-10-14 20:00:00+00:00,112992.87,63650233.6524565,0.003366997088276147,0.001932166330880003,-0.6652607083854167,51.52692206679634,-353.4182790048508,-568.584197835567,0.006419661386819264,0.6831408760805663,17.0,19.0,27.0,-0.08639522171334217,0.8947368421052632,-0.15789473684210525,-0.10160764109562426,45.0
2025-10-14 21:00:00+00:00,113128.7,63335078.3204547,0.0012021112482585306,0.0023687469298614428,-0.004951361745545335,52.649446736546004,-272.1941870136943,-509.30619567119254,0.00814395495105158,0.7552886038473829,7.0,10.0,10.0,0.1370750904083252,0.7,0.3,0.09348256034510476,32.0
2025-10-14 22:00:00+00:00,113211.87,66657021.8207782,0.000735180374211053,0.005311698310241031,0.05245029434582138,53.36163416922571,-198.82050597202033,-447.20905773135814,0.00908078826634462,0.7945769638641995,11.0,13.0,13.0,0.016125624283001974,0.8461538461538461,0.07692307692307693,-0.03298475627194752,35.0
2025-10-14 23:00:00+00:00,113028.14,57544825.6761495,-0.0016228863634175639,0.000312143589237035,-0.13670271931933597,51.518198555492674,-153.7247671961086,-388.51219962430827,0.007655063876981227,0.7572200808921725,9.0,11.0,14.0,-0.2522890835323117,0.8181818181818182,-0.09090909090909088,-0.3074345679746734,27.0
2025-10-15 00:00:00+00:00,112993.86,122045363.6071078,-0.0003032873052675189,-0.001191916816864258,1.1208746776635334,51.16305759517228,-119.37608562302194,-334.68497682405103,0.007380093144750299,0.7490246194176678,3.0,3.0,6.0,0.18311775227387747,1.0,0.0,0.18311775227387747,23.0
2025-10-15 01:00:00+00:00,112738.17,98072155.6254331,-0.0022628663185769726,-0.004184190226696138,-0.19642866613802712,48.47865135943098,-111.50123726091988,-290.0482289114248,0.004990741659994802,0.6671101012762115,0.0,2.0,0.0,-0.503479415550828,0.0,-0.5,0.0,12.0
2025-10-15 02:00:00+00:00,112809.94,91861280.1745407,0.0006366078143720255,-0.001930492707391207,-0.06332965163541016,49.283027090584206,-98.3355727349408,-251.705697676128,0.005261966854318345,0.6742275110963154,0.0,1.0,0.0,0.7376399636268616,0.0,1.0,0.0,3.0
2025-10-15 03:00:00+00:00,112024.29,85554053.6287014,-0.0069643685653941745,-0.008580731731795077,-0.06866033799937554,41.622319779514854,-149.57289457088336,-231.2791370550791,-0.0018724110163724772,0.4375331301832381,1.0,2.0,1.0,0.04005691409111023,0.5,0.0,0.9092370867729187,1.0
2025-10-15 04:00:00+00:00,112344.81,128434509.2337069,0.0028611651990833042,-0.0034891465774191666,0.5012089291654569,45.354290807106345,-162.44301401988196,-217.51191244803968,0.0007419907123469294,0.5249265388005602,6.0,8.0,9.0,-0.1377377207390964,0.75,-0.125,-0.276615251476566,7.0
2025-10-15 05:00:00+00:00,112431.95,70085321.7213957,0.0007756477580049825,-0.003350679913489918,-0.45431082238291287,46.3583076677582,-163.72389946829935,-206.75430985209164,0.0010081489891673456,0.5351470543522585,12.0,13.0,16.0,0.10675694377949604,0.9230769230769231,0.23076923076923073,0.10311251366510987,19.0
2025-10-15 06:00:00+00:00,112460.47,83103582.7553866,0.00025366454997888255,0.0038936198569079483,0.18574875186763506,46.703451939335686,-160.58654305931123,-197.52075649353557,0.0004439929823141231,0.5176879473045499,17.0,17.0,22.0,-0.29171982911579747,1.0,-0.23529411764705882,-0.29171982911579747,35.0
2025-10-15 07:00:00+00:00,112584.5,104885327.8097707,0.0011028764151528314,0.0021335208987403043,0.26210356199080054,48.26252105123915,-146.404323159848,-187.29746982679805,0.0009816794555606023,0.5418537840105003,7.0,7.0,11.0,0.05415741194571767,1.0,-0.14285714285714285,0.05415741194571767,36.0
2025-10-15 08:00:00+00:00,112944.85,139852767.3212868,0.0032007070245017033,0.00456187053591095,0.33338733111399654,52.600820961667026,-104.87860303166963,-170.8136964677724,0.0032304249116628103,0.6673993083571184,12.0,13.0,16.0,-0.027796380508404512,0.9230769230769231,-0.23076923076923078,-0.02197107393294573,36.0
2025-10-15 09:00:00+00:00,112564.01,95647302.3874061,-0.003371911158410623,0.0009206790617182214,-0.3160857363110058,48.01811367705836,-101.52940802488592,-156.9568387791951,-0.000840028732282061,0.44197840146314454,17.0,17.0,22.0,0.09846205888863872,1.0,0.2352941176470588,0.09846205888863872,36.0
2025-10-15 10:00:00+00:00,112266.71,95254768.4606035,-0.0026411639030982093,-0.002822679853798693,-0.004103972793845112,44.74113490583991,-121.46460386829858,-149.8583917970158,-0.0038465896005360767,0.1527062724343006,19.0,23.0,27.0,0.12357295830936535,0.8260869565217391,0.3913043478260869,0.13015543914547092,48.0
2025-10-15 11:00:00+00:00,111905.73,85851681.9151108,-0.0032153788064156474,-0.009200242419198479,-0.09871512678529826,41.075692954305815,-164.49526039668126,-152.78576551694889,-0.006611214235634932,-0.027748640014242074,0.0,0.0,0.0,0.0,0.0,0.0,0.0,36.0
2025-10-15 12:00:00+00:00,111711.25,112311551.952492,-0.0017378913483696579,-0.007575778439307457,0.30820444570374783,39.211834207121505,-211.84822194573644,-164.5982568027064,-0.008065713601425939,-0.06342844186941124,0.0,2.0,0.0,-0.20724564790725708,0.0,0.0,0.0,19.0
2025-10-15 13:00:00+00:00,111389.0,219457054.203397,-0.002884669180588384,-0.007818078930076466,0.9540025080966539,36.274632435664714,-272.24044855032116,-186.12669515222936,-0.01031813248953417,-0.1025524033967991,4.0,8.0,4.0,0.12197301676496863,0.5,0.25,0.09825882315635681,4.0
2025-10-15 14:00:00+00:00,111059.76,198331215.9327355,-0.0029557676251694698,-0.00755966651573603,-0.09626411120547385,33.512598104251154,-342.7179998952197,-217.44495610082743,-0.012453015723452032,-0.10920458613126828,13.0,14.0,20.0,-0.08115208827491317,0.9285714285714286,-0.0714285714285714,-0.07752725410346802,17.0
2025-10-15 15:00:00+00:00,110798.01,203593123.2002369,-0.0023568392368217284,-0.008175004755564097,0.026530908121321417,31.46159832020743,-414.9101783005317,-256.9380005407683,-0.013984535627031724,-0.07985447923269619,15.0,15.0,20.0,0.012247122451663017,1.0,0.13333333333333336,0.012247122451663017,32.0
2025-10-15 16:00:00+00:00,110748.0,92008929.0690959,-0.0004513618972037392,-0.0057546077260770545,-0.5480744750960781,31.070344641048337,-470.7320824266353,-299.6968169179417,-0.013444135312085659,-0.004889844828579349,13.0,17.0,21.0,0.26788934879004955,0.7647058823529411,0.4117647058823529,0.16052814587377584,41.0
2025-10-15 17:00:00+00:00,111186.78,147535359.2612428,0.003961967710477854,0.0011437085763557064,0.6034895825213689,38.318197403411496,-474.100331158741,-334.5775197661016,-0.008677996512218011,0.17722742873932312,10.0,10.0,15.0,0.06249813921749592,1.0,0.0,0.06249813921749592,38.0
2025-10-15 18:00:00+00:00,111444.76,62566845.9305818,0.0023202398702435456,0.005837198700590296,-0.5759196558447127,42.16847296747501,-450.7568185567361,-357.81337952422854,-0.005594536560705743,0.28485349863355536,1.0,4.0,1.0,0.07675788132473826,0.25,0.25,0.0769982784986496,24.0
2025-10-15 19:00:00+00:00,111271.73,65657474.5995791,-0.0015526077672920469,0.004729024451908703,0.04939722664662316,40.34923258434251,-441.13387485368,-374.47747859011884,-0.006359832221996875,0.2505229867414086,8.0,8.0,9.0,-0.04231792036443949,1.0,-0.125,-0.04231792036443949,19.0
2025-10-15 20:00:00+00:00,111109.76,94735652.4957911,-0.0014556257910253168,-0.0006927082518263239,0.4428768860445693,38.66753997911243,-441.4880485922622,-387.87959259054753,-0.006970827812570191,0.22078313615193512,6.0,6.0,8.0,0.3336462502678235,1.0,0.3333333333333333,0.3336462502678235,15.0
2025-10-15 21:00:00+00:00,110854.19,86461203.873504,-0.0023001579699208907,-0.00529921729832783,-0.08734249888292822,36.110129967259844,-457.12168273396674,-401.72801061923144,-0.00842014919649059,0.16599741299928564,9.0,13.0,12.0,-0.2472886682416384,0.6923076923076923,-0.23076923076923078,-0.19342348414162794,23.0
2025-10-15 22:00:00+00:00,110667.97,46941074.4185509,-0.0016798643334997587,-0.00542599634246721,-0.4570851166122153,34.32853015148113,-479.01604928106826,-417.1856183515988,-0.009136636014833721,0.13815940666162857,2.0,4.0,2.0,0.11119212955236435,0.5,0.0,0.029575645923614502,17.0
2025-10-15 23:00:00+00:00,110763.28,39392041.7751115,0.0008612247970212206,-0.0031183579192322064,-0.16081934077878846,36.06713974890615,-483.10780598569545,-430.37005587841816,-0.0077231184421722165,0.20402999145629647,3.0,3.0,5.0,-0.13989335671067238,1.0,-0.3333333333333333,-0.13989335671067238,14.0
2025-10-16 00:00:00+00:00,110431.27,83362054.0932499,-0.0029974735309390432,-0.003815101621327921,1.1162156196208985,32.80868606401701,-507.2932244182739,-445.7546895863893,-0.009848757863140878,0.13516148743317927,4.0,4.0,6.0,0.04971176013350487,1.0,0.0,0.04971176013350487,9.0
2025-10-16 01:00:00+00:00,111299.99,86126102.8267674,0.007866612418746977,0.005710956837827741,0.033157157217186484,46.442903433440684,-451.1611935672263,-446.83599038255676,-0.001552939663892472,0.44028591651433147,5.0,5.0,8.0,0.18024305403232574,1.0,0.6000000000000001,0.18024305403232574,12.0
2025-10-16 02:00:00+00:00,111510.43,60622449.5611315,0.0018907459021333395,0.006745466548119472,-0.2961199035898968,49.13546307050642,-385.25443214755796,-434.519678735557,0.0007613241549635497,0.5307931582507319,5.0,6.0,6.0,-0.04221982881426811,0.8333333333333334,0.0,-0.05478457659482956,14.0
2025-10-16 03:00:00+00:00,111329.48,71504562.2688403,-0.0016227181618795328,0.008133656345707063,0.17950631798101968,46.949733560371634,-343.66247454356926,-416.3482378971595,-0.00029963314156622456,0.48687075260310325,3.0,4.0,5.0,0.055805861949920654,0.75,0.0,-0.23496204614639282,13.0
2025-10-16 04:00:00+00:00,110966.03,63818459.9285283,-0.0032646339496061882,-0.003000539353148257,-0.10749107604370844,42.82869244704281,-336.1529638903594,-400.3091830957995,-0.002677211397942414,0.3584166238578499,3.0,4.0,6.0,-0.04427882004529238,0.75,-0.25,-0.0569780170917511,11.0
2025-10-16 05:00:00+00:00,110951.14,92350265.7218851,-0.0001341852096538032,-0.005015584640826853,0.4470776296593524,42.66347164900122,-327.62644740834367,-385.77263595830834,-0.0020877557709031436,0.3670511070033442,7.0,8.0,14.0,0.02172954799607396,0.875,0.0,0.1622085959783622,13.0
2025-10-16 06:00:00+00:00,111666.83,64160696.9652214,0.00645049703860634,0.003030194697756672,-0.3052462116520295,52.20700291067719,-260.1204137268942,-360.64219151202553,0.0046202914436090925,0.8399670879943554,3.0,5.0,3.0,-0.031522853672504424,0.6,0.0,-0.04320081075032552,13.0
2025-10-16 07:00:00+00:00,110584.2,123809367.3199663,-0.009695179848841495,-0.0034409629685769882,0.9296761596445522,41.07052715635139,-290.6303826234507,-346.63982973431064,-0.004527911691854514,0.14593973050354878,6.0,6.0,10.0,0.3854025087008874,1.0,0.5,0.3854025087008874,16.0
2025-10-16 08:00:00+00:00,110817.5,99415024.1396624,0.0021097046413502962,-0.0012044941584196112,-0.1970314824181313,43.8501567504243,-292.61135104527057,-335.83413399650266,-0.0020263006403434813,0.3290748232431853,14.0,14.0,21.0,-0.17466815933585167,1.0,-0.07142857142857145,-0.17466815933585167,23.0
2025-10-16 09:00:00+00:00,111146.31,287629364.7809812,0.00296713064272347,-0.004661366316210502,1.8932182763131191,47.601511148553556,-264.5989319906221,-321.58709359532656,0.00104420978652775,0.5904471445377075,7.0,7.0,11.0,0.1473866520183427,1.0,0.2857142857142857,0.1473866520183427,27.0
2025-10-16 10:00:00+00:00,111469.63,113801350.4107289,0.002908958471045997,0.008006840036822727,-0.6043472456388996,51.06364162429009,-213.84459874848835,-300.0385946259589,0.003770934174042395,0.8129940470961626,0.0,2.0,0.0,0.21015968173742294,0.0,0.5,0.0,21.0
2025-10-16 11:00:00+00:00,111404.72,84865385.6637363,-0.0005823110743258253,0.005298982561418475,-0.2542673232132806,50.34445755814374,-176.82083796050574,-275.3950432928683,0.0029124640353184184,0.7395217770412564,0.0,2.0,0.0,-0.4355336166918278,0.0,-0.5,0.0,7.0
2025-10-16 12:00:00+00:00,111519.07,103286259.2505594,0.0010264376590147783,0.003353777556807769,0.21705991721775098,51.636727365241434,-136.67662836353702,-247.65136030700205,0.0035935689868140663,0.7923884351522947,0.0,1.0,0.0,0.08260460197925568,0.0,0.0,0.0,0.0
2025-10-16 13:00:00+00:00,110860.0,138419023.3504425,-0.005909930920334983,-0.005469023266696071,0.3401494482887162,44.4556089456856,-156.24242849851726,-229.3695739453051,-0.002190882261318805,0.32392968224563307,6.0,11.0,9.0,0.13056978447870773,0.5454545454545454,0.2727272727272727,0.18390675634145737,6.0
2025-10-16 14:00:00+00:00,110529.34,245121923.2664636,-0.0029826808587407605,-0.007857656300379379,0.7708687529594538,41.34868992381612,-196.16865449033503,-222.72939005431107,-0.004757020618756269,0.13085290143870676,19.0,22.0,28.0,-0.16793001942675223,0.8636363636363636,-0.1363636363636364,-0.1298505823667112,25.0
2025-10-16 15:00:00+00:00,108549.21,421968747.2820837,-0.01791497171701184,-0.026630960964792894,0.7214647374620016,28.502322366013615,-383.1734337774833,-254.81819879894553,-0.021387261493244325,-0.4131814339847039,0.0,1.0,0.0,-0.9553501605987549,0.0,-1.0,0.0,25.0
2025-10-16 16:00:00+00:00,109232.43,396026572.5105305,0.006294103844698418,-0.01468130976005777,-0.06147890083957097,35.90202778731505,-470.8186205833481,-298.01828315582605,-0.014393709382146902,-0.03586722147993026,6.0,7.0,7.0,-0.43914560441459927,0.8571428571428571,-0.4285714285714286,-0.5301336646080017,25.0
2025-10-16 17:00:00+00:00,108276.7,167543484.9805292,-0.008749507815581814,-0.020380470922924165,-0.5769387798439354,31.059459821141346,-610.3616174188937,-360.48695000843963,-0.021879885004871813,-0.15196590230294285,9.0,10.0,12.0,-0.017847635224461554,0.9,-0.10000000000000003,-0.11256074450082248,15.0
2025-10-16 18:00:00+00:00,108656.19,132779865.5727658,0.0035048168257807433,0.000985543791613086,-0.2074901295732472,34.81894136319143,-682.461781692662,-424.88191634528414,-0.017559035495043673,0.028671470768577848,0.0,2.0,0.0,0.2726120129227638,0.0,1.0,0.0,15.0
2025-10-16 19:00:00+00:00,108197.66,197535838.3797101,-0.004220008082374327,-0.00947310244768873,0.48769421875530417,32.51193796126597,-767.7510638821841,-493.4557458526642,-0.020568918468306996,0.007676656979734689,7.0,9.0,13.0,-0.23480340672863853,0.7777777777777778,-0.1111111111111111,-0.2428060578448432,16.0
2025-10-16 20:00:00+00:00,107838.01,101502899.1591203,-0.003324009040491349,-0.004051564186939638,-0.48615451255985265,30.788791067492653,-854.5138796844403,-565.6673726190195,-0.022677433188735163,0.014589505089700265,12.0,13.0,14.0,0.20150948974948663,0.9230769230769231,0.3076923076923077,0.20658783397326866,19.0
2025-10-16 21:00:00+00:00,108443.7,53046654.330465,0.005616665218507011,-0.001955617991022951,-0.47738779118705976,36.85826406708937,-864.4352438635833,-625.4209468679322,-0.015914427549847843,0.17084371977794774,8.0,8.0,12.0,-0.05907522700726986,1.0,0.125,-0.05907522700726986,27.0
2025-10-16 22:00:00+00:00,107798.85,48750876.6608523,-0.005946403525515898,-0.0036859392338060015,-0.08098112357569753,33.490869861565244,-913.798304187847,-683.0964183319152,-0.020116014774771984,0.10291379315549924,3.0,5.0,6.0,-0.30547508746385577,0.6,-0.39999999999999997,-0.49533271541198093,23.0
2025-10-16 23:00:00+00:00,108194.28,40149266.337698,0.0036682209504088625,0.003303751617820039,-0.1764401157951181,37.275240644187896,-910.515137157694,-728.580162097071,-0.015118188879550298,0.20604056235333043,8.0,8.0,14.0,0.0036976193077862263,1.0,0.125,0.0036976193077862263,19.0
2025-10-17 00:00:00+00:00,108800.0,71234768.5398954,0.005598447533455619,0.003285575833358756,0.7742483247573018,42.65762912846947,-849.2470702576393,-752.7135437291847,-0.008627026931179782,0.331668986619888,2.0,2.0,3.0,-0.4152212142944336,1.0,0.0,-0.4152212142944336,13.0
2025-10-17 01:00:00+00:00,108839.84,72181257.3366451,0.0003661764705882309,0.009656782052869683,0.013286893691801804,43.00405640868356,-788.3888745922741,-759.8486099018027,-0.007309144083019192,0.3559628962557396,0.0,1.0,0.0,0.3832806348800659,0.0,1.0,0.0,10.0
2025-10-17 02:00:00+00:00,108972.97,60839819.9813766,0.0012231734262013738,0.007197145727112497,-0.15712440838171238,44.21683323458572,-721.1034064830164,-752.0995692180454,-0.004872408043280929,0.39869436605381087,0.0,0.0,0.0,0.0,0.0,0.0,0.0,2.0
2025-10-17 03:00:00+00:00,109176.74,58660103.7888722,0.0018699132454589318,0.0034626838235294333,-0.03582713086875711,46.10707642567561,-643.9140123064426,-730.4624578357249,-0.002370491672279318,0.44990621122513746,0.0,3.0,0.0,0.5616412361462911,0.0,1.0,0.0,0.0
2025-10-17 04:00:00+00:00,108787.26,53173732.3625262,-0.0035674265415875928,-0.00048309516074263037,-0.09352815750364829,43.100796528992745,-607.1695694352529,-705.8038801556305,-0.005006514609314894,0.39152442010649396,5.0,8.0,7.0,0.0638835309073329,0.625,0.25,-0.007774579524993897,5.0
2025-10-17 05:00:00+00:00,108381.76,86941124.5612108,-0.0037274585277724537,-0.005425290326582899,0.6350389694006493,40.164533636545976,-603.80945528335,-685.4049951811745,-0.00746048281547107,0.33107956804506666,7.0,7.0,12.0,0.023448624781199863,1.0,0.14285714285714285,0.023448624781199863,12.0
2025-10-17 06:00:00+00:00,106741.28,304789408.183953,-0.015136126226405588,-0.022307498831710904,2.5056989396239793,30.971862433200798,-725.1603692066856,-693.3560699862768,-0.020362706404356223,0.03789311912003314,0.0,4.0,0.0,0.12091135513037443,0.0,0.75,0.0,12.0
2025-10-17 07:00:00+00:00,105633.75,413019031.7590499,-0.01037583585282098,-0.028987861262430914,0.3550964064662505,26.553249871983198,-900.3219072468492,-734.7492374383913,-0.02795308191888335,-0.09815958036825408,0.0,1.0,0.0,0.0708731934428215,0.0,0.0,0.0,7.0
2025-10-17 08:00:00+00:00,104884.38,486860500.9474041,-0.007094039547019704,-0.032269082915796776,0.17878466489513345,24.052843933007964,-1087.075455201426,-805.2144809909984,-0.031893543565867155,-0.14146409226660828,0.0,1.0,0.0,-0.9126091599464417,0.0,-1.0,0.0,0.0
2025-10-17 09:00:00+00:00,104531.35,213811149.0752107,-0.0033658968094200103,-0.02070361157370415,-0.5608369365369632,22.956134465049146,-1249.1659505481657,-894.0047749024319,-0.0323257619873345,-0.09943241781439055,0.0,2.0,0.0,-0.11695753037929535,0.0,0.0,0.0,0.0
2025-10-17 10:00:00+00:00,104751.99,377428039.1373801,0.002110754333508602,-0.008347332173666011,0.7652402167513499,25.25013180580585,-1344.3235072950483,-984.0685213809552,-0.027683144989390285,0.003872209929951503,3.0,6.0,4.0,0.01704830800493558,0.5,0.0,0.270552322268486,3.0
2025-10-17 11:00:00+00:00,105683.72,383110975.6274558,0.008894628159331397,0.00762115388392437,0.015057006636454817,34.16476990307112,-1329.2311827258673,-1053.1010536499377,-0.017728438854859974,0.1931554467827507,19.0,19.0,34.0,-0.48979703278133746,1.0,-0.631578947368421,-0.48979703278133746,22.0
2025-10-17 12:00:00+00:00,105350.4,146250649.6235038,-0.0031539389415892183,0.007835448408539447,-0.6182551299033503,32.66398507166409,-1328.8484078329057,-1108.2505244865313,-0.019056777276308945,0.17599500166495496,16.0,18.0,25.0,-0.12843031850126055,0.8888888888888888,-0.05555555555555558,-0.14923753053881228,38.0
2025-10-17 13:00:00+00:00,105835.63,246915903.2500565,0.004605867656886087,0.010344815406370778,0.6883063691388547,37.00243555506889,-1274.697135106704,-1141.539846610566,-0.013417461300485156,0.27519271196831874,0.0,4.0,0.0,-0.08754202164709568,0.0,0.0,0.0,35.0
2025-10-17 14:00:00+00:00,105163.42,199388208.1666206,-0.006351452719655981,-0.004923180221135359,-0.19248535415438062,33.757544694019316,-1271.3680509467813,-1167.505487477809,-0.018085183746295974,0.20305098187220366,2.0,3.0,2.0,-0.15921524415413538,0.6666666666666666,-0.3333333333333333,-0.2908644527196884,18.0
2025-10-17 15:00:00+00:00,106803.53,236173001.1018586,0.015595822197490339,0.013793303110382071,0.18448830687368645,46.16278218233742,-1123.4362835742359,-1158.6916466970945,-0.0021219437128859875,0.46477744764111034,17.0,17.0,26.0,0.04513090125778142,1.0,0.05882352941176466,0.04513090125778142,19.0
2025-10-17 16:00:00+00:00,106372.34,204190669.4548776,-0.004037226110410463,0.005071165542265721,-0.13541908472928033,43.83841928354471,-1029.129556617685,-1132.7792286812125,-0.005469651669925524,0.4089845492359938,10.0,11.0,14.0,-0.08718563684008339,0.9090909090909091,0.09090909090909094,-0.14444019719958306,29.0
2025-10-17 17:00:00+00:00,106453.27,76982675.0330569,0.0007608180848517332,0.012265196396237465,-0.6229863233291928,44.4042404254793,-937.0585932572139,-1093.6351015964128,-0.0037860395416196013,0.4357039987167305,6.0,7.0,11.0,-0.3171803504228592,0.8571428571428571,-0.42857142857142855,-0.23917878419160843,33.0
2025-10-17 18:00:00+00:00,106647.11,81276124.5229871,0.0018208928668888014,-0.0014645583343546598,0.055771632878262034,45.81242033952365,-838.781472752511,-1042.6643758276325,-0.0014339011244458577,0.47543581874090385,0.0,3.0,0.0,0.42172691226005554,0.0,0.3333333333333333,0.0,16.0
2025-10-17 19:00:00+00:00,106454.72,55706128.3996428,-0.0018039869997414915,0.0007744494480426134,-0.31460648835578287,44.60482319792758,-767.5723159724294,-987.645963856592,-0.002422875737304042,0.4576578110247313,0.0,3.0,0.0,-0.1450603436678648,0.0,-0.3333333333333333,0.0,6.0
2025-10-17 20:00:00+00:00,107021.37,53733341.6038874,0.005322920392820452,0.005336613896407272,-0.03541417887817255,48.87902524139124,-657.8315542105847,-921.6830819273906,0.003723619713984272,0.5683390807263767,2.0,3.0,3.0,-0.10141033430894215,0.6666666666666666,0.0,-0.1842949092388153,2.0
2025-10-17 21:00:00+00:00,107301.4,50959672.7996457,0.002616580221314724,0.0061350935810637885,-0.05161913853578459,50.89543733251664,-542.0170935229689,-845.7498842465063,0.007076478281109244,0.637433673709176,5.0,8.0,10.0,-0.052629344165325165,0.625,0.0,-0.2897443249821663,7.0
2025-10-17 22:00:00+00:00,107000.1,50019728.7207874,-0.002807978274281475,0.005123117133744692,-0.018444860950222464,48.67095339124201,-469.1377628586197,-770.427459968929,0.00517924226766131,0.6093945211357417,4.0,4.0,8.0,-0.3395585585385561,1.0,-0.5,-0.3395585585385561,11.0
2025-10-17 23:00:00+00:00,106431.68,38999621.2432976,-0.0053123314838025015,-0.005510021035985635,-0.2203152188010572,44.70152756764181,-452.03631845940254,-706.7492316670238,0.0011302349605131212,0.5274615035196859,5.0,5.0,7.0,0.038033430278301236,1.0,0.2,0.038033430278301236,14.0
2025-10-18 00:00:00+00:00,106845.52,50293915.4899398,0.003888315960060007,-0.0042485932149999295,0.2896001008877289,48.025057922786814,-400.4734623807017,-645.4940778097595,0.00594160289096668,0.6667770972596714,2.0,2.0,3.0,0.31655432283878326,1.0,0.5,0.31655432283878326,11.0
2025-10-18 01:00:00+00:00,107149.3,56214950.1043512,0.0028431702143429938,0.0013943912201950237,0.11772864682996831,50.38245729278075,-331.27825078193564,-582.6509124041947,0.009387287739609729,0.7977678745432105,2.0,2.0,2.0,-0.06765091419219971,1.0,0.0,-0.06765091419219971,9.0
2025-10-18 02:00:00+00:00,106597.98,98683282.4588094,-0.005145343926651891,0.001562504697849354,0.7554633113722364,46.27984655351671,-317.27017046060064,-529.5747640154759,0.004261427656459205,0.6358906043629631,3.0,4.0,4.0,-0.6285007800906897,0.75,-0.75,-0.5673814689119657,7.0
2025-10-18 03:00:00+00:00,107070.4,79951079.1660965,0.00443179129660809,0.0021047209092153185,-0.18982144519292588,50.03442407655654,-264.9936383517488,-476.6585388827305,0.008029935336302696,0.7518207342674526,4.0,4.0,6.0,-0.5325583796948195,1.0,-0.75,-0.5325583796948195,9.0
2025-10-18 04:00:00+00:00,106478.71,78772917.7706753,-0.005526177169413615,-0.006258463657718649,-0.014736028677906798,45.724011926046856,-268.2167127581779,-434.97017365782006,0.0017075991194763773,0.557390749263287,5.0,7.0,8.0,-0.21028843788164003,0.7142857142857143,0.0,-0.17450982108712196,12.0
2025-10-18 05:00:00+00:00,106812.52,38088323.9301864,0.0031349929013977373,0.0020126084940821354,-0.5164794575583755,48.42355991802336,-241.05659484004718,-396.1874578942655,0.003770883992624263,0.6463966284078788,2.0,3.0,3.0,-0.2939195291449626,0.6666666666666666,-0.3333333333333333,0.03603350277990103,11.0
2025-10-18 06:00:00+00:00,106839.96,62202477.9250286,0.0002568987231084119,-0.002152228813939172,0.6331114500874859,48.64965759786339,-214.8412706040108,-359.9182204362146,0.0030446792355984797,0.6410976954132622,4.0,4.0,4.0,-0.8580886125564575,1.0,-1.0,-0.8580886125564575,11.0
2025-10-18 07:00:00+00:00,106665.0,139086748.0536322,-0.0016375895311080413,0.0017495516239818265,1.2360322722395507,47.228036120735624,-205.8107884179044,-329.0967340325526,0.0009410431696539323,0.5462148264515655,1.0,2.0,1.0,-0.438926313072443,0.5,-0.5,0.020184151828289032,7.0
2025-10-18 08:00:00+00:00,106719.2,128636608.6542067,0.0005081329395770773,-0.0008736803513296199,-0.07513396887671786,47.73753040437765,-192.06655549810966,-301.690698325664,0.0008068972317221146,0.5461698069977098,5.0,5.0,7.0,-0.6194452494382858,1.0,-0.8,-0.6194452494382858,10.0
2025-10-18 09:00:00+00:00,106884.41,39659007.8030377,0.0015480813199499899,0.00041604283640683803,-0.6916973463623663,49.34298268782472,-165.9303438885836,-274.53862743824794,0.0018635411488583387,0.6153501003839815,0.0,0.0,0.0,0.0,0.0,0.0,0.0,6.0
2025-10-18 10:00:00+00:00,106924.47,39118295.8520938,0.00037479740965018493,0.002432569258894679,-0.013634026187172688,49.746104689768046,-140.36664141516667,-247.7042302336317,0.0014125254752110905,0.6479882765801224,0.0,0.0,0.0,0.0,0.0,0.0,0.0,5.0
2025-10-18 11:00:00+00:00,107208.6,42246082.120621,0.002657296313930857,0.004585866460768084,0.07995711981813725,52.62569415723232,-96.07283872041444,-217.37795193098827,0.0038831523930724643,0.8813218133169517,1.0,3.0,1.0,-0.08348937580982844,0.3333333333333333,0.0,-0.9297949075698853,1.0
2025-10-18 12:00:00+00:00,107065.17,28399271.013932,-0.001337859089662663,0.0016911727351069938,-0.3277655681100461,51.0358882229515,-71.71657918783603,-188.24567738235785,0.0022150025642255766,0.7276712394880565,8.0,8.0,10.0,-0.07330849091522396,1.0,0.125,-0.07330849091522396,9.0
2025-10-18 13:00:00+00:00,106888.78,28935705.3253931,-0.0016475012368635245,-0.0003337870180698532,0.018889016946876502,49.07251337304088,-65.88775386528869,-163.77409267894402,0.00035994276853834606,0.5391947829559594,8.0,11.0,12.0,0.02107070250944658,0.7272727272727273,0.0,0.08797923289239407,17.0
2025-10-18 14:00:00+00:00,107028.36,59119103.4548794,0.0013058433261190494,-0.0016812084105193303,1.043119488191576,50.68911950018223,-49.435565890496946,-140.9063873212546,0.0014875869615884607,0.6631618738680481,3.0,5.0,4.0,0.14975531101226808,0.6,0.19999999999999996,-0.1911117434501648,19.0
2025-10-18 15:00:00+00:00,106948.75,36057267.0160515,-0.000743821544121559,-0.0010873751006046373,-0.39009110576971195,49.71970473262893,-42.33296202545171,-121.19170226209404,0.0005114034187336802,0.5608495013127279,11.0,11.0,13.0,0.028936949643221768,1.0,0.09090909090909088,0.028936949643221768,22.0
2025-10-18 16:00:00+00:00,106664.01,37678681.4205275,-0.00266239670870394,-0.0021028399800241404,0.04496775653446505,46.30840231724063,-59.00011897418881,-108.753385604513,-0.001985530625447929,0.267264947398007,8.0,9.0,10.0,-0.06862809860871898,0.8888888888888888,0.1111111111111111,-0.09578832169063389,22.0
2025-10-18 17:00:00+00:00,106880.03,26264493.9731404,0.0020252379410825583,-0.001385894355477424,-0.3029348962612213,49.15837854852261,-54.15370212234848,-97.8334489080801,0.00023286196858229857,0.5301822462577037,0.0,1.0,0.0,0.0637427270412445,0.0,0.0,0.0,19.0
2025-10-18 18:00:00+00:00,106843.75,16983541.2745288,-0.0003394460125057952,-0.0009817786556645114,-0.35336499184423054,48.690922361488326,-52.63364672991156,-88.7934884724464,-3.350575068183925e-05,0.4955998748761232,7.0,7.0,10.0,-0.12432882988027164,1.0,-0.2857142857142857,-0.12432882988027164,15.0
2025-10-18 19:00:00+00:00,107080.14,16382296.1862664,0.0022124831822170066,0.003901315917149706,-0.035401632589083354,51.900379070625775,-31.98558456513274,-77.43190769098368,0.0018748827011230151,0.770129359601568,1.0,1.0,1.0,-0.12731297314167023,1.0,-1.0,-0.12731297314167023,8.0
2025-10-18 20:00:00+00:00,107018.51,28142363.1910255,-0.0005755502374203969,0.0012956583189580595,0.7178521784154894,51.004613176005925,-20.360173073466285,-66.0175607674802,0.0012172274723629695,0.6733129531565718,1.0,2.0,1.0,-0.4700605561956763,0.5,-0.5,-0.9639830589294434,9.0
2025-10-18 21:00:00+00:00,107177.05,21242558.3381082,0.0014814259701430021,0.003119508628253831,-0.24517503402548735,53.24037915688856,1.6271455946261995,-52.48861949505893,0.0026874409613866224,0.8785862734022476,3.0,3.0,4.0,-0.5121553838253021,1.0,-1.0,-0.5121553838253021,5.0
2025-10-18 22:00:00+00:00,107125.87,23482049.7608488,-0.00047752760502373093,0.00042706331911768203,0.10542475096905135,52.408954763525855,14.752399302175036,-39.040415735612136,0.0019612138328786166,0.7850687744254665,1.0,1.0,1.0,-0.9637227654457092,1.0,-1.0,-0.9637227654457092,5.0
2025-10-18 23:00:00+00:00,107185.01,13361978.8597328,0.0005520608607425537,0.0015558056265219111,-0.4309705074379415,53.316177147282055,29.585320021171356,-25.315268584255442,0.00246062745883302,0.8456655896324008,2.0,2.0,4.0,-0.3851057216525078,1.0,-0.5,-0.3851057216525078,6.0
2025-10-19 00:00:00+00:00,106898.03,42166870.24809,-0.002677426628966084,-0.0026033558490367037,2.1557354408906177,48.48603230050749,17.976408105605515,-16.656933246283252,-0.00041939210521180215,0.4304272818520559,3.0,3.0,5.0,-0.45352240403493244,1.0,-0.3333333333333333,-0.45352240403493244,6.0
2025-10-19 01:00:00+00:00,106973.26,19684906.17301,0.0007037547838812941,-0.0014245858633400443,-0.5331665343623255,49.77067573571515,14.677500956880976,-10.390046405650406,0.00020889956269476428,0.5352509398493688,4.0,4.0,5.0,0.2186557725071907,1.0,0.0,0.2186557725071907,9.0
2025-10-19 02:00:00+00:00,106847.02,13026954.1913266,-0.0011801080008218001,-0.0031533327281491053,-0.3382262492473612,47.62443684017215,1.8551947753148852,-7.940998169457348,-0.000974752324355177,0.33526459754355215,1.0,2.0,2.0,-0.014871630817651749,0.5,-0.5,-0.10013246536254883,8.0
2025-10-19 03:00:00+00:00,107275.78,38367835.8900678,0.00401284003989999,0.003533741454356143,1.9452652804761734,54.76001171357365,25.991163496029912,-1.1545658363598958,0.0027478503121229902,0.9623591908622641,1.0,1.0,2.0,-0.807401716709137,1.0,-1.0,-0.807401716709137,6.0
2025-10-19 04:00:00+00:00,107046.9,27480125.9835559,-0.0021335664024070278,0.0006883963338126797,-0.2837718014043731,50.7826602009041,26.34668128580961,4.345683588074005,0.0004551945946378311,0.5825425629751299,0.0,0.0,0.0,0.0,0.0,0.0,0.0,2.0
2025-10-19 05:00:00+00:00,106888.59,55276860.8556782,-0.0014788844889482844,0.0003890609209316054,1.0115213768945548,48.17621666306312,13.696255835791817,6.215798037617567,-0.0010263143738107328,0.3136930951194921,1.0,2.0,2.0,0.11481324583292007,0.5,0.5,-0.03282572329044342,2.0
2025-10-19 06:00:00+00:00,106777.75,33692330.9579207,-0.0010369675565932157,-0.004642520427257657,-0.39048038480535885,46.38128267721656,-5.213066164476913,3.9300251971986717,-0.001993792603322775,0.1544698050536297,5.0,5.0,7.0,0.005078710615634918,1.0,0.0,0.005078710615634918,6.0
2025-10-19 07:00:00+00:00,106786.0,16881355.8226063,7.726328752943878e-05,-0.002437249467289515,-0.4989555384669022,46.54093647391843,-19.310534214106156,-0.7180866850622936,-0.0017195298365042522,0.19751833883664624,3.0,4.0,5.0,-0.030465194955468178,0.75,0.0,-0.07376979788144429,9.0
2025-10-19 08:00:00+00:00,106443.95,103367234.778355,-0.00320313524244753,-0.004159845311833554,5.123159529635234,41.07948421067389,-57.421535857371055,-12.058776519524047,-0.0046281297679983124,-0.15645727423186595,2.0,2.0,3.0,0.568078525364399,1.0,1.0,0.568078525364399,10.0
2025-10-19 09:00:00+00:00,107401.47,234415332.4617498,0.008995532390521088,0.005841291842167529,1.2677914618147077,56.47658443666313,-10.242844428503304,-11.6955901013199,0.0040850791900266525,1.0124429213920003,6.0,6.0,7.0,-0.12658369727432728,1.0,0.16666666666666669,-0.12658369727432728,11.0
2025-10-19 10:00:00+00:00,107882.71,95727253.0192423,0.00448075803804171,0.010270166501226807,-0.5916339941848199,61.86971566734753,65.22676104343554,3.68888012763119,0.008181512671447733,1.248218346755378,3.0,3.0,4.0,0.2605755304296811,1.0,0.0,0.2605755304296811,11.0
2025-10-19 11:00:00+00:00,107783.47,109281445.5067811,-0.0009198879041878438,0.012584275574140324,0.14159178353121904,60.21274000553151,115.69546321040252,26.09019674418546,0.006861392821500001,1.044370741550954,0.0,1.0,0.0,0.009882498532533646,0.0,0.0,0.0,9.0
2025-10-19 12:00:00+00:00,107631.43,87852052.9829382,-0.0014106059120198022,0.002141125256479137,-0.1960936042204271,57.664713526906276,141.7894553559163,49.23004846653163,0.0049869961284565445,0.883856747715713,0.0,1.0,0.0,0.678882360458374,0.0,1.0,0.0,3.0
2025-10-19 13:00:00+00:00,108096.34,98213531.1513236,0.004319463190259665,0.001980206096046322,0.11794235668456965,62.84264238176369,197.70446965390875,78.92493270400706,0.008755176221941552,1.0776978738661538,2.0,3.0,4.0,0.2693375622232755,0.6666666666666666,0.6666666666666666,0.4103388488292694,2.0
2025-10-19 14:00:00+00:00,108405.47,146868858.4969284,0.0028597637995884106,0.005770829237544461,0.49540350270716305,65.8348635125198,263.91942991979886,115.92383214716543,0.010903333866035814,1.1074101809551464,6.0,6.0,6.0,-0.09825476538389921,1.0,-0.16666666666666669,-0.09825476538389921,8.0
2025-10-19 15:00:00+00:00,108486.7,59751361.5546482,0.0007493164320950818,0.00794628483520099,-0.5931652076134449,66.59607673469927,319.26950500081875,156.5929667178961,0.01099778466024981,1.0354456509886398,6.0,6.0,9.0,0.15485506566862264,1.0,0.16666666666666666,0.15485506566862264,14.0
2025-10-19 16:00:00+00:00,108624.19,81059666.4063669,0.0012673442919730604,0.004883144054646182,0.3566162225814766,67.89975623285412,369.96441277084523,199.26725592848595,0.011522272100924047,1.0019269136102724,6.0,7.0,11.0,0.3302560445985624,0.8571428571428571,0.14285714285714285,0.3825722175339858,18.0
2025-10-19 17:00:00+00:00,109113.52,91975882.1694099,0.00450479768824974,0.00653149698073352,0.13466889572821605,72.07667394777295,444.5013984850084,248.31408443979046,0.015163670486028291,1.0665129755687737,0.0,1.0,0.0,0.03339686989784241,0.0,0.0,0.0,12.0
2025-10-19 18:00:00+00:00,109383.01,42635024.0053352,0.002469813090073547,0.008261934412236771,-0.5364543073715132,74.07724611011622,519.3315565404482,302.517578859922,0.01660350942544353,1.0421847223174479,3.0,3.0,3.0,0.1231117993593216,1.0,0.3333333333333333,0.1231117993593216,9.0
2025-10-19 19:00:00+00:00,108908.43,49223036.3033093,-0.004338699401305601,0.0026167283733022906,0.15452113495115438,65.21603782762116,534.1826312956837,348.8505893470744,0.011382784687022252,0.8541419193603195,8.0,8.0,13.0,0.2319798581302166,1.0,0.375,0.2319798581302166,11.0
2025-10-19 20:00:00+00:00,108845.06,72017008.266123,-0.000581864966743173,-0.002460373379944203,0.4630752930875426,64.11319282450842,534.6753806760389,386.0155476128673,0.009881304335048524,0.8022464294299144,13.0,13.0,19.0,0.20168901091584793,1.0,0.3076923076923077,0.20168901091584793,24.0
2025-10-19 21:00:00+00:00,108744.82,29679068.0213243,-0.0009209421171708643,-0.00583445271802252,-0.5878880734443752,62.317981890229454,520.9719178751839,413.0068216653307,0.008122746121264734,0.7476812996117356,6.0,6.0,9.0,-0.08148384094238281,1.0,-0.16666666666666669,-0.08148384094238281,27.0
2025-10-19 22:00:00+00:00,109146.8,73497673.5545858,0.0036965438905502968,0.0021887194590906045,1.4764144717003242,66.38310538425716,536.3653653346119,437.67853039918697,0.010771823591262386,0.8254386711114644,4.0,5.0,4.0,0.1801870297640562,0.8,0.39999999999999997,0.13992490759119391,23.0
2025-10-19 23:00:00+00:00,108642.78,47932410.7795578,-0.004617817471515462,-0.0018584215030061912,-0.3478377142922898,57.94264877413079,502.1066091807879,450.56414615550716,0.0054678364747435815,0.6661332943772987,4.0,4.0,5.0,-0.23717840481549501,1.0,-0.25,-0.23717840481549501,14.0
2025-10-20 00:00:00+00:00,108047.46,129413382.9050545,-0.005479609413529318,-0.0064128112033290385,1.6999139162899493,49.87609222549463,422.0537761921005,444.8620721628259,-0.0005045003909387447,0.48412265186845366,7.0,8.0,15.0,-0.1742959739640355,0.875,-0.125,-0.2052419057914189,15.0
2025-10-20 01:00:00+00:00,108053.58,65148819.6394923,5.66417757530413e-05,-0.010016051776140067,-0.49658359763851145,49.95322723689649,355.012795631832,426.89221685662716,-0.0009861941236136706,0.4671885641169626,3.0,3.0,3.0,-0.3111384908358256,1.0,-0.3333333333333333,-0.3111384908358256,14.0
2025-10-20 02:00:00+00:00,108767.02,65723731.0907248,0.0066026502777603024,0.0011435642571002713,0.00882458737416636,58.056524265772126,355.35467359022005,412.5847082033457,0.0046860415352765195,0.6674770116805029,2.0,2.0,7.0,-0.7730356752872467,1.0,-1.0,-0.7730356752872467,12.0
2025-10-20 03:00:00+00:00,110145.44,139890426.875102,0.012673143017065236,0.01941720795657753,1.1284614332378324,68.62619881588513,461.53233098109195,422.374232758895,0.01584242566468208,1.0478374106366433,3.0,4.0,3.0,-0.007906682789325714,0.75,0.25,0.2554531395435333,8.0
2025-10-20 04:00:00+00:00,110422.1,95392928.3087698,0.002511769892607374,0.021919866051638426,-0.3180882320565137,70.24681492922434,561.5300701792876,450.20540024297355,0.016529194187169027,1.0909195942147394,9.0,11.0,12.0,-0.08913552659479054,0.8181818181818182,-0.18181818181818182,-0.12050277491410573,14.0
2025-10-20 05:00:00+00:00,111033.79,109806914.4242572,0.005539561374036328,0.020840600395229947,0.15110120185043385,73.50547354774918,682.2724576402106,496.618811722421,0.02045419258176162,1.1387635177836144,0.0,1.0,0.0,0.07800781726837158,0.0,0.0,0.0,12.0
2025-10-20 06:00:00+00:00,111298.55,133103475.4098173,0.0023844993492523336,0.010468976291710286,0.21215932628386192,74.79236855947443,790.2164653929067,555.3383424565181,0.02128439463170695,1.08081090258468,10.0,11.0,16.0,0.08317821303551848,0.9090909090909091,0.0,0.08849998377263546,19.0
2025-10-20 07:00:00+00:00,111169.92,101674107.756897,-0.0011557203575428554,0.006772376181941819,-0.23612732542220427,72.93875214981203,855.5215829724475,615.3749905597041,0.01852158137421811,0.9740375733147695,8.0,8.0,12.0,0.03828373993746936,1.0,0.125,0.03828373993746936,18.0
2025-10-20 08:00:00+00:00,111097.15,103000201.6214295,-0.0006545835420229684,0.0005706371006519717,0.013042591607522969,71.85380855599831,891.1320131789544,670.5263950835542,0.01624146915550506,0.908367487262994,12.0,12.0,20.0,0.0702846033188204,1.0,0.25,0.0702846033188204,30.0
2025-10-20 09:00:00+00:00,110964.13,121444563.2752875,-0.001197330444570266,-0.0030047112024370604,0.17907112183769347,69.80965473604084,898.2652902560803,716.0741741180595,0.013695099390493848,0.8392035504476985,16.0,16.0,23.0,0.13238949328660965,1.0,0.3125,0.13238949328660965,36.0
2025-10-20 10:00:00+00:00,110731.78,71415572.3775393,-0.0020939199000614694,-0.003941174015417159,-0.41194920174683924,66.26357063603348,875.0823558833945,747.8758104711266,0.01049876556733853,0.7591917715312476,20.0,22.0,33.0,0.07555914780294354,0.9090909090909091,0.13636363636363638,0.03864264478906989,48.0
2025-10-20 11:00:00+00:00,111016.75,87220534.6811233,0.002573515931921344,-0.0007236909317654971,0.22130974768403266,68.38472215807136,869.6792892850353,772.2365062339084,0.011931110030138914,0.7916994117392174,23.0,25.0,33.0,0.05343294352293015,0.92,0.12,0.0943739090276801,59.0
2025-10-20 12:00:00+00:00,110843.81,47173153.7880863,-0.0015577829471679072,-0.001084314363569594,-0.4591508300132474,65.68559281216591,841.7394588813622,786.1370967633992,0.009333693745228189,0.7290195751539177,21.0,22.0,35.0,0.2079329824244434,0.9545454545454546,0.3181818181818182,0.21898905666811125,64.0
2025-10-20 13:00:00+00:00,111161.35,73825497.1233944,0.002864751761961326,0.0038793741056091235,0.564989643368708,68.16982033720382,835.5876321106043,796.0272038328403,0.011282297248492723,0.7712214614334354,27.0,32.0,39.0,0.18380800570594147,0.84375,0.3125,0.14693696803792758,71.0
2025-10-20 14:00:00+00:00,111210.86,101305520.4764049,0.00044538861753662395,0.001748474892302232,0.3722294386596474,68.55210390807774,825.1949743032019,801.8607579269127,0.01089221806171814,0.756214221327347,12.0,13.0,19.0,0.18942990010747543,0.9230769230769231,0.30769230769230765,0.17664458137005568,60.0
2025-10-20 15:00:00+00:00,111144.55,111763911.757935,-0.0005962547182891687,0.0027131871414380893,0.10323614381869706,67.38481232977392,802.3589606443857,801.9603984704073,0.009263752074529119,0.71888279735826,10.0,11.0,20.0,0.2060116170482202,0.9090909090909091,0.3636363636363636,0.21017615124583244,49.0
2025-10-20 16:00:00+00:00,110683.19,190230945.9128184,-0.004150990759331008,-0.004301495079000017,0.7020784519857539,59.7602243950608,738.5201583687158,789.2723504500691,0.004236202231500341,0.6030497429853514,22.0,24.0,32.0,0.2198763790074736,0.9166666666666666,0.41666666666666663,0.1977587981488217,44.0
2025-10-20 17:00:00+00:00,110282.76,118975236.7927981,-0.0036178032093221457,-0.008345407993427978,-0.37457475059119105,54.0444294171016,648.1446846955514,761.0468172991656,-9.455252986911855e-05,0.49758874286082166,8.0,8.0,10.0,0.04107202240265906,1.0,0.125,0.04107202240265906,40.0
2025-10-20 18:00:00+00:00,110937.92,50561095.2854882,0.005940729085851748,-0.0018591105006948716,-0.5750284122271332,60.672226890116235,622.2149012228911,733.2804340839107,0.005029549704664182,0.6313760591097718,10.0,11.0,20.0,0.14261976663361897,0.9090909090909091,0.3636363636363636,0.18962928019464015,40.0
2025-10-20 19:00:00+00:00,110803.22,51440317.2674869,-0.0012141925862680925,0.001084446518030413,0.01738929857105065,58.794750337663885,584.0634765508876,703.4370425773061,0.0028278697840331546,0.5796449245756975,4.0,6.0,7.0,0.3172557515402635,0.6666666666666666,0.3333333333333333,0.31338321417570114,22.0
2025-10-20 20:00:00+00:00,111091.46,53391921.3060987,0.002601368443985619,0.007332968453092947,0.03793919132464829,61.53754281131484,570.510269454011,676.8516879526471,0.004053520202750516,0.6381924444296291,10.0,10.0,15.0,0.33731986302882433,1.0,0.6,0.33731986302882433,24.0
2025-10-20 21:00:00+00:00,110563.2,36800220.136509,-0.004755181001312003,-0.0033777449586218644,-0.31075302711937636,54.39173294643659,511.24971951253247,643.7312942646242,-0.001852941921931417,0.4074862833238492,0.0,1.0,0.0,0.1397569477558136,0.0,1.0,0.0,14.0
2025-10-20 22:00:00+00:00,110794.08,29664869.3518169,0.0020882174177303536,-8.248857749804106e-05,-0.19389424188833093,56.75529760855798,477.41208386592916,610.4674521848852,-0.0006829677663215961,0.4392506988467389,5.0,6.0,8.0,0.008407490327954292,0.8333333333333334,0.16666666666666666,-0.01616741493344307,15.0
2025-10-20 23:00:00+00:00,110532.09,31544838.029137,-0.002364657028606665,-0.0050352205291028795,0.06337357009815903,53.375073552137444,424.56103503893246,573.2861687556947,-0.003219819565186799,0.17663164244478066,5.0,5.0,8.0,-0.5340799510478973,1.0,-0.8,-0.5340799510478973,10.0
2025-10-21 00:00:00+00:00,110446.69,48294500.890717,-0.0007726263024611102,-0.0010537864316516599,0.5309795170325124,52.28200066925804,371.50268014553876,532.9294710336635,-0.004001001439597585,0.09518719045598314,0.0,0.0,0.0,0.0,0.0,0.0,0.0,10.0
2025-10-21 01:00:00+00:00,109863.19,74472966.4298071,-0.005283091779391458,-0.008401983210655328,0.5420589312710349,45.43543199642977,279.15208665189857,482.1739941573105,-0.008739749926989449,-0.18942951441690561,0.0,1.0,0.0,0.6484121084213257,0.0,1.0,0.0,5.0
2025-10-21 02:00:00+00:00,109514.92,84717557.3311127,-0.0031700335662927515,-0.009202485902510271,0.13756120364778845,41.90785807243987,175.83419047709322,420.90603342126707,-0.011086342876151623,-0.20185926794762435,5.0,6.0,6.0,0.12383459446330865,0.8333333333333334,0.3333333333333333,0.13857734724879264,5.0
2025-10-21 03:00:00+00:00,109059.22,56642412.560059,-0.00416107686514311,-0.012562350216199336,-0.33139700500716673,37.775145050637335,56.53117563384876,348.03106186378346,-0.014261904657746127,-0.2054592815581029,2.0,3.0,5.0,-0.2546739603082339,0.6666666666666666,-0.3333333333333333,-0.02216065302491188,7.0
2025-10-21 04:00:00+00:00,107779.7,209512770.5515898,-0.011732341382966083,-0.01896440472919092,2.6988673519059505,29.098326274017865,-139.65404882322764,250.4940397263813,-0.024364200263573665,-0.3143067328163268,9.0,10.0,13.0,-0.005670975893735886,0.9,0.0,-0.01260092275010215,16.0
2025-10-21 05:00:00+00:00,107537.12,165014217.0073291,-0.0022507021266527927,-0.01805963972762803,-0.2123906501122016,27.794826528915323,-311.12003324030957,138.17122513304315,-0.025047830282120098,-0.1671677030341757,0.0,2.0,0.0,0.0039115846157073975,0.0,0.0,0.0,11.0
2025-10-21 06:00:00+00:00,107909.79,81373289.5929647,0.0034655010288540122,-0.010539503216692836,-0.506871037727916,32.77695847057048,-412.1852913079347,28.099921844847586,-0.0204160142694374,0.01212930164003626,7.0,9.0,9.0,-0.00846761092543602,0.7777777777777778,0.1111111111111111,0.06459354023848261,16.0
2025-10-21 07:00:00+00:00,108086.37,76420871.2907608,0.0016363668208416726,0.002845341005773827,-0.060860490303099035,35.06328871586929,-472.5840514314914,-72.0368728104202,-0.017506269266344354,0.1048474652036907,8.0,8.0,12.0,0.3447418271098286,1.0,0.5,0.3447418271098286,15.0
2025-10-21 08:00:00+00:00,107695.79,86659654.0919939,-0.0036135916119673928,0.0014754905096956428,0.1339788807468223,32.43547688984103,-545.6768230219459,-166.76486285272534,-0.01965396191549018,0.08523234509903847,16.0,17.0,25.0,-0.19419181818032966,0.9411764705882353,-0.1764705882352941,-0.16140070685651153,31.0
2025-10-21 09:00:00+00:00,107754.27,58512211.605243,0.0005430110127797594,-0.001441203805511937,-0.32480446387278294,33.242202163922116,-592.0596289914247,-251.82381608046524,-0.01759819442888666,0.14030480852286953,17.0,19.0,26.0,-0.1728102918714285,0.8947368421052632,-0.21052631578947367,-0.13175022919826648,41.0
2025-10-21 10:00:00+00:00,108499.56,118575853.3538815,0.0069165704523819205,0.0038227761742761768,1.026514638582837,42.6417219415672,-562.1989826257341,-313.898849389519,-0.009579228800398965,0.3008390322220009,24.0,24.0,30.0,0.04697432376754781,1.0,0.29166666666666663,0.04697432376754781,57.0
2025-10-21 11:00:00+00:00,108580.01,59236687.7200417,0.000741477661291956,0.008210348798221467,-0.500432119655476,43.565429141208256,-525.9793994888023,-356.31495940937566,-0.007683347745974345,0.335797494552661,5.0,7.0,7.0,-0.08480560992445264,0.7142857142857143,-0.2857142857142857,-0.022299866378307342,46.0
2025-10-21 12:00:00+00:00,108793.4,134092616.6603596,0.0019652788759183526,0.00964351575116229,1.2636751280573661,46.04732691060973,-474.5856018802151,-379.9690879035436,-0.004873834586716419,0.3936689832899181,25.0,27.0,32.0,0.031247287850689004,0.9259259259259259,0.25925925925925924,0.007813009470701217,54.0
2025-10-21 13:00:00+00:00,108426.98,136811525.4777029,-0.003368035193311303,-0.0006689428049293511,0.020276349921859893,42.58413703735414,-458.1415085757035,-395.6035720379756,-0.007382985773890516,0.33834563182323,10.0,13.0,14.0,0.1819081144550672,0.7692307692307693,0.3846153846153846,0.24880488272756338,40.0
2025-10-21 14:00:00+00:00,112170.52,368865650.6529337,0.034525908588434406,0.033067873174813744,1.6961591822397324,68.58202472827384,-141.40700232771633,-344.76425809592376,0.02630897041576774,1.0302682745066596,0.0,3.0,0.0,0.10042095681031545,0.0,0.3333333333333333,0.0,35.0
2025-10-21 15:00:00+00:00,113422.61,471043880.4060935,0.01116238027602967,0.0425504672158421,0.2770066271345484,72.98763894598183,208.24011228057498,-234.16338402062402,0.03652294453454563,1.1246157829851227,0.0,2.0,0.0,0.32612903229892254,0.0,0.5,0.0,10.0
2025-10-21 16:00:00+00:00,112565.88,301126014.9929318,-0.007553432247767833,0.03817223351604926,-0.3607261923595593,66.15221047004252,411.46391874254914,-105.0379234679894,0.028001068075307556,0.9495350996924102,9.0,12.0,18.0,0.13051923954238495,0.75,0.33333333333333337,0.10876968916919497,9.0
2025-10-21 17:00:00+00:00,111973.42,621287252.9641985,-0.005263228964229705,-0.0017571461735222949,1.063213478844668,61.83920444439311,518.734035842499,19.716468394108276,0.02193240255508888,0.8383970842801713,13.0,13.0,15.0,0.06924543329156362,1.0,0.07692307692307693,0.06924543329156362,22.0
2025-10-21 18:00:00+00:00,111990.55,219680496.7758336,0.00015298273465269574,-0.012625877679944053,-0.6464107452265841,61.9165179500802,598.2325716234482,135.41968903997625,0.021531002105042107,0.8216254988564249,7.0,9.0,10.0,0.2519501944382985,0.7777777777777778,0.7777777777777777,0.16273319721221924,29.0
2025-10-21 19:00:00+00:00,111780.39,65268083.8463969,-0.0018765869084490516,-0.006978046989016606,-0.7028954103604483,60.30234694675261,636.9353837410017,235.72282798018136,0.01903385043058403,0.7769138202658741,7.0,8.0,9.0,-0.1291182180866599,0.875,0.0,-0.15010039614779608,27.0
2025-10-21 20:00:00+00:00,110787.56,129494190.3677551,-0.008881969368688014,-0.010590549078522415,0.9840354233856334,53.2408394219169,580.7994629357854,304.73815497130215,0.009825921054055664,0.6423503737893584,11.0,11.0,15.0,0.28885884633795783,1.0,0.36363636363636365,0.28885884633795783,25.0
2025-10-21 21:00:00+00:00,110816.32,109154819.9482015,0.000259595932972978,-0.010485081107289851,-0.15706782182112644,53.411033701629165,532.4937761176116,350.28927920056407,0.009649488294706243,0.6387409824791681,4.0,6.0,5.0,-0.0017219328631957371,0.6666666666666666,0.16666666666666669,0.19333148375153542,22.0
2025-10-21 22:00:00+00:00,109066.98,271723303.1888429,-0.01578594199843497,-0.024274472472318287,1.4893385680796034,43.128261140826616,349.03064512198034,350.03755238484734,-0.006085962393960975,0.41275729219805835,7.0,8.0,14.0,-0.055413500871509314,0.875,-0.125,-0.07705452133502279,22.0
2025-10-21 23:00:00+00:00,108297.67,166497022.2253038,-0.007053555530738942,-0.022474454713146463,-0.3872552693443767,39.524488838442956,139.9447089274181,308.0189836933615,-0.01275402024350869,0.31917345272609754,5.0,6.0,8.0,-0.34555600459376973,0.8333333333333334,-0.5,-0.23031696528196335,16.0
2025-10-22 00:00:00+00:00,107986.14,166322230.5890314,-0.002876608517985657,-0.025539379037311516,-0.00104981839276308,38.13485409276378,-50.31526625552215,236.3521337035848,-0.01568656017249359,0.276450296877909,5.0,6.0,9.0,-0.2342101496954759,0.8333333333333334,0.0,-0.3223371461033821,17.0
2025-10-22 01:00:00+00:00,108364.21,161588295.3361558,0.003501097455655078,-0.006443471708852622,-0.028462432448809305,40.85270910859666,-168.6465258289827,155.3524017970713,-0.012612582371458458,0.31651239522152447,5.0,5.0,8.0,-0.3123608618974686,1.0,-0.39999999999999997,-0.3123608618974686,15.0
2025-10-22 02:00:00+00:00,108198.85,75838477.3447752,-0.0015259650764768429,-0.0009124850054483824,-0.5306684980678416,40.0244830230931,-272.6254155138304,69.75683833489097,-0.014249116691313901,0.29122853834907075,4.0,5.0,7.0,0.24316776990890504,0.8,0.39999999999999997,0.44722282886505127,14.0
2025-10-22 03:00:00+00:00,108216.02,121159587.57706,0.00015868930215057198,0.002128791713455147,0.5976004769484884,40.16014030921203,-349.61382862291066,-14.117295056669356,-0.014150911962392598,0.29203354248800134,6.0,9.0,9.0,-0.49772239186697537,0.6666666666666666,-0.6666666666666666,-0.6081579998135567,15.0
2025-10-22 04:00:00+00:00,108625.6,75548870.6296725,0.0037848370324466973,0.0024121432712884694,-0.37645156986340966,43.44626148304179,-373.2751342938427,-85.94886290410403,-0.010838572323719209,0.33706050991677106,3.0,5.0,4.0,-0.06285828053951263,0.6,0.0,-0.38745194176832837,13.0
2025-10-22 05:00:00+00:00,108166.81,155118825.4772858,-0.004223590019295731,-0.00029612144676216534,1.0532249414773052,40.74697916741911,-424.1579790868127,-153.59068614064577,-0.015201361981084793,0.2687465215174921,2.0,3.0,2.0,-0.1055896778901418,0.6666666666666666,0.0,-0.17692798376083374,11.0
2025-10-22 06:00:00+00:00,107980.02,73007126.3100628,-0.001726869822637811,-0.0021808231350589624,-0.5293470919121077,39.66643280377861,-474.0903733937157,-217.69062359125977,-0.016669417314448487,0.24961532448425988,11.0,14.0,11.0,0.09055823779531888,0.7857142857142857,0.14285714285714288,0.11640376055782492,16.0
2025-10-22 07:00:00+00:00,108321.63,116286860.6999452,0.0031636408291089158,-0.0027983274660853263,0.5928152028073597,42.66116826758998,-480.5575156752602,-270.2640020080599,-0.013442445879817133,0.29915852600492804,9.0,9.0,11.0,-0.150331547897723,1.0,-0.1111111111111111,-0.150331547897723,22.0
2025-10-22 08:00:00+00:00,108229.3,54721320.3111575,-0.0008523690051562838,0.0005777188030229308,-0.5294281745866815,42.05359379162797,-487.5132822414307,-313.7138580547341,-0.014030079228019132,0.2926254715735125,9.0,10.0,17.0,0.17229725420475006,0.9,0.39999999999999997,0.16789757543139988,29.0
2025-10-22 09:00:00+00:00,107963.13,60213175.3156268,-0.002459315545790264,-0.00015641782618669442,0.10036042575802995,40.27293381451097,-508.64018445435795,-352.69912333465885,-0.01624703923067261,0.262393222283269,12.0,12.0,26.0,-0.22969626154129705,1.0,-0.33333333333333337,-0.22969626154129705,30.0
2025-10-22 10:00:00+00:00,107657.98,53612572.6413779,-0.0028264278740345317,-0.006126661867994487,-0.10962057123959512,38.27215205899936,-543.7385815219604,-390.9070149721192,-0.017006611457638376,0.24720238824597374,22.0,25.0,39.0,0.1936403152346611,0.88,0.19999999999999996,0.1756575998257507,43.0
2025-10-22 11:00:00+00:00,107555.05,263791255.7938641,-0.0009560833298190019,-0.006229828706274532,3.920324520861948,37.59370669251743,-573.2518147627125,-427.3759749302379,-0.015308694858634397,0.24739384207468937,24.0,26.0,38.0,-0.08508609958852713,0.9230769230769231,0.0,-0.12504993309266865,58.0
2025-10-22 12:00:00+00:00,108044.96,90887966.4807818,0.004554969757347482,0.0007579439388243348,-0.6554549687128186,42.79185732476582,-550.7607944839547,-452.05293884098126,-0.008772106347760267,0.338839334096464,15.0,15.0,26.0,-0.013430473084251085,1.0,0.2,-0.013430473084251085,61.0
2025-10-22 13:00:00+00:00,108783.36,204511415.0770512,0.006834191988224214,0.010453289203457228,1.2501484299386871,49.60528337901322,-467.9594447557902,-455.234240023943,-0.0005353328673383118,0.4889419663067528,26.0,30.0,32.0,0.0665924426789085,0.8666666666666667,0.13333333333333336,0.10875121525560434,65.0
2025-10-22 14:00:00+00:00,108947.5,350396972.3679356,0.0015088704743078107,0.012946393498027176,0.7133369901915789,51.00226636123415,-384.6599320655514,-441.11937843226474,0.0023739741347905685,0.5584764023058612,18.0,20.0,26.0,0.15278154611587524,0.9,0.2,0.1830558002822929,59.0
2025-10-22 15:00:00+00:00,108416.5,211973139.541348,-0.004873907157116997,0.003438753644778858,-0.3950485984257739,46.51045535424241,-357.37216648698086,-424.369936043208,-0.0009655203153038361,0.469013108421564,29.0,29.0,43.0,-0.02970783399610684,1.0,0.03448275862068967,-0.02970783399610684,73.0
2025-10-22 16:00:00+00:00,108226.0,172266969.9603906,-0.0017571126166220363,-0.0051235777236519064,-0.18731698585429613,44.9799457146878,-347.1168268857,-408.9193142117064,-0.0015425460055260576,0.43739319293866236,6.0,7.0,7.0,0.4402948375791311,0.8571428571428571,0.42857142857142855,0.5084859225898981,53.0
2025-10-22 17:00:00+00:00,107778.45,98645528.0530805,-0.0041353279248979025,-0.010730397668601843,-0.42736829889234074,41.5229051617899,-370.8282636438089,-401.301104098127,-0.004276167837883205,0.19924064152122958,7.0,9.0,12.0,-0.07419780269265175,0.7777777777777778,-0.2222222222222222,0.04065495303698948,42.0
2025-10-22 18:00:00+00:00,108023.33,72142530.3721343,0.0022720683030792443,-0.003626477519565685,-0.26866902336094867,44.05646904625477,-365.64505012218433,-394.1698933029385,-0.0015324599328607746,0.3770186191435417,7.0,8.0,10.0,-0.26438784692436457,0.875,-0.25,-0.4313108505947249,20.0
2025-10-22 19:00:00+00:00,107870.35,90293984.8628304,-0.001416175561334776,-0.003286178921885652,0.2516054593187276,42.80867228864019,-369.62076545285527,-389.26006773292187,-0.0027495207571530678,0.2832089871577822,14.0,17.0,22.0,0.21685446930282257,0.8235294117647058,0.29411764705882354,0.22222421132028103,28.0
2025-10-22 20:00:00+00:00,107696.03,108122581.5818707,-0.0016160140390756306,-0.0007647168798585735,0.1974505471889907,41.37078395444499,-382.4293086270045,-387.8939159117384,-0.004227556574488256,0.17911540745099372,7.0,7.0,10.0,0.11874212537493024,1.0,0.0,0.11874212537493024,28.0
2025-10-22 21:00:00+00:00,107207.98,165823053.1898542,-0.004531736220917404,-0.00754790654944637,0.5336579164482171,37.566317096740924,-427.0390867990209,-395.72295008919497,-0.008209989981770138,-0.0445418010347051,9.0,13.0,12.0,0.10127790157611553,0.6923076923076923,0.38461538461538464,0.15254133608606127,30.0
2025-10-22 22:00:00+00:00,107196.82,79613639.622909,-0.0001040967286203287,-0.006243884440905179,-0.5198879884827732,37.4814379784289,-458.0134818135848,-408.18105643407296,-0.00785337888840587,0.02956827589956568,7.0,8.0,13.0,-0.012924626003950834,0.875,-0.125,-0.02416656645280974,23.0
2025-10-22 23:00:00+00:00,107567.44,68405327.3077804,0.0034573786797034156,-0.0011940087299411317,-0.14078382006169932,42.15569100056483,-447.4965151518991,-416.04414817763825,-0.0041242476640200865,0.2582644853006148,4.0,4.0,7.0,-0.4631999619305134,1.0,-0.5,-0.4631999619305134,20.0
2025-10-23 00:00:00+00:00,107845.3,42663450.7796261,0.002583123666417997,0.0059447067279880805,-0.37631391503080236,45.44868060163108,-411.9915809850063,-415.23363473911184,-0.001191000821244681,0.4268880758627279,0.0,1.0,0.0,0.030735788866877556,0.0,0.0,0.0,11.0
2025-10-23 01:00:00+00:00,108150.0,109536390.0010608,0.0028253433390235116,0.008891868247584034,1.5674526555964814,48.88511617491481,-355.17271141284436,-403.22145007385836,0.0016387745770631845,0.600679576282447,4.0,5.0,11.0,-0.23867023438215257,0.8,-0.2,-0.17974578402936459,8.0
2025-10-23 02:00:00+00:00,108410.29,39049690.1017645,0.002406749884419801,0.007835549493415472,-0.643500300663676,51.685089165330794,-285.84507614790346,-379.7461752886674,0.003849452801191866,0.7311600223978624,3.0,4.0,4.0,-0.43815137073397636,0.75,-0.25,-0.5722887367010117,7.0
2025-10-23 03:00:00+00:00,108377.96,65614604.4071561,-0.00029821892368320224,0.0049391118574477755,0.680284894352881,51.30913572123104,-230.85009038593853,-349.96695830812166,0.003523913979159188,0.7105813194135709,6.0,6.0,12.0,0.009324631653726101,1.0,0.0,0.009324631653726101,13.0
2025-10-23 04:00:00+00:00,108644.32,42899389.5329822,0.002457695273097915,0.004570688858067662,-0.3461914474591654,54.26104509427444,-163.88398939992476,-312.75036452648226,0.005797012561895132,0.8322935006791776,12.0,14.0,20.0,-0.003102102449962071,0.8571428571428571,0.14285714285714285,-0.041843380158146225,21.0
2025-10-23 05:00:00+00:00,108940.58,48781610.3695687,0.0027268797853399196,0.004891509837304353,0.13711665598560763,57.35764710941755,-85.91677079949295,-267.3836457810844,0.008083595539471133,0.9267086061389446,11.0,12.0,17.0,0.06282698595896363,0.9166666666666666,0.08333333333333337,-0.00428366136144508,29.0
2025-10-23 06:00:00+00:00,110246.94,161618518.9163802,0.0119914911413177,0.017245019190248678,2.313103394741602,67.73172389600346,80.3588195090997,-197.8351527230476,0.01895147066644265,1.2442352985463856,13.0,15.0,14.0,0.10466437612970671,0.8666666666666667,0.2,0.1165145025230371,36.0
2025-10-23 07:00:00+00:00,109269.9,109593468.0274592,-0.008862286790000784,0.005758055276152474,-0.32190030720327434,56.63430398870415,131.77543505560607,-131.91303516731688,0.009121531474602707,0.8477742362100049,16.0,17.0,25.0,0.19690189817372492,0.9411764705882353,0.3529411764705882,0.1555513646453619,40.0
2025-10-23 08:00:00+00:00,109505.44,80832050.3024568,0.002155579898947435,0.005185028388870361,-0.2624373353875077,58.403686548119026,189.34690951449738,-67.66104623095403,0.010615228802373089,0.8806106848357228,15.0,15.0,28.0,0.15380584994951885,1.0,0.2666666666666667,0.15380584994951885,44.0
2025-10-23 09:00:00+00:00,109426.99,55000884.0103451,-0.0007164027650132798,-0.007437394634263739,-0.319565892433222,57.56128556224771,226.0368463752675,-8.921467709709724,0.00959137263604215,0.8305955973047889,13.0,14.0,18.0,0.1890980119683913,0.9285714285714286,0.42857142857142855,0.19161425502254412,44.0
2025-10-23 10:00:00+00:00,109439.2,43970371.3914803,0.0001115812470031674,0.0015493745304058226,-0.20055155144033832,57.66363831729083,253.1806220197468,43.498950236181585,0.009475049674163794,0.81681115095092,11.0,12.0,20.0,0.209822545448939,0.9166666666666666,0.41666666666666674,0.2170269028706984,39.0
2025-10-23 11:00:00+00:00,109253.89,61461405.776977,-0.0016932689566443448,-0.002297146150912699,0.3977913725078468,55.476800386266156,256.77929955295986,86.15502009953724,0.007376680703772731,0.740652781487329,7.0,9.0,20.0,0.04974043141636583,0.7777777777777778,0.1111111111111111,0.04606013345931258,31.0
2025-10-23 12:00:00+00:00,109164.94,103904632.0218323,-0.000814158653755892,-0.002394747401897823,0.6905671243327505,54.410139966721964,249.57678993306763,118.83937406624332,0.006120991311516333,0.6968767223098136,23.0,25.0,31.0,0.020211793929338456,0.92,0.07999999999999996,0.024627138982000557,41.0
2025-10-23 13:00:00+00:00,109500.62,140600049.9014778,0.003074979934033717,0.0005612248627548944,0.35316440822325523,57.71438060868895,267.86750986125844,148.64500122524635,0.008414494431354669,0.7677761827152744,23.0,28.0,35.0,0.23351212411320635,0.8214285714285714,0.49999999999999994,0.2291213878956826,53.0
2025-10-23 14:00:00+00:00,109594.9,121444515.6934072,0.0008609996911432827,0.0031212618607905362,-0.13624130447672966,58.621484656076646,286.6661364732572,176.24922827484852,0.008552903608237683,0.7671522962589524,10.0,12.0,16.0,0.2830255643154184,0.8333333333333334,0.75,0.29553542025387286,56.0
2025-10-23 15:00:00+00:00,109908.28,102517928.4337343,0.002859439627209026,0.00680932907580023,-0.15584554931615047,61.57231989230083,323.12652898722445,205.6246884173237,0.01048925592046257,0.8205620689264512,15.0,17.0,30.0,0.2817769661984023,0.8823529411764706,0.47058823529411764,0.31633994927008946,48.0
2025-10-23 16:00:00+00:00,110263.74,97287244.6904234,0.003234151239560834,0.006969092960386947,-0.05102213654943211,64.65156585450345,376.3657934470393,239.77290942326684,0.012562135502105498,0.8754411020527126,0.0,1.0,0.0,0.6559785008430481,0.0,1.0,0.0,25.0
2025-10-23 17:00:00+00:00,111241.71,177667042.8136009,0.008869370837593538,0.015026337904409992,0.8262110657872275,71.43379226157619,491.8030998648901,290.1789475115915,0.01965441671177981,1.0583351508582959,6.0,7.0,12.0,0.2953835794968264,0.8571428571428571,0.42857142857142855,0.2523630441476901,21.0
2025-10-23 18:00:00+00:00,110571.66,84360649.6000106,-0.00602337019091137,0.006035759999155621,-0.5251755853868889,62.57509280711961,523.1895581709978,336.78106964347273,0.011947472688376148,0.8601070843871296,9.0,12.0,11.0,0.23227058878789344,0.75,0.5,0.12766507640480995,15.0
2025-10-23 19:00:00+00:00,110200.0,42921268.3527815,-0.0033612591146773285,-0.0005780685472849267,-0.4912169529716838,58.25935337474129,512.169722847626,371.85880028430336,0.007332567547293056,0.7391207596940244,9.0,10.0,10.0,0.2783094810321927,0.9,0.3,0.2656912689821588,24.0
2025-10-23 20:00:00+00:00,109524.81,69133931.5351445,-0.0061269509981851655,-0.015433959078838377,0.6107150181796595,51.3328513702706,443.8379461942968,386.2546294663021,0.00039277301488849226,0.5141575882564468,10.0,11.0,15.0,-0.09775453094731677,0.9090909090909091,-0.18181818181818182,-0.19987009577453135,28.0
2025-10-23 21:00:00+00:00,109532.97,46467125.8134215,7.450366725136881e-05,-0.009393817547823757,-0.3278680268631943,51.40804162348715,385.89461182267405,386.1826259375765,-0.00016418843333343425,0.49353140098458137,1.0,3.0,2.0,0.5852067271868387,0.3333333333333333,1.0,0.7693583369255066,20.0
2025-10-23 22:00:00+00:00,109943.94,48722366.504129,0.003752020966837577,-0.002323593466424634,0.04853411204650193,55.1650884477561,368.88368475860625,382.7228377017825,0.0028852258558389465,0.6220095738334238,7.0,8.0,10.0,-0.056466526817530394,0.875,-0.125,-0.19101361664278166,18.0
2025-10-23 23:00:00+00:00,110078.18,28533700.4341738,0.001220985895175275,0.005052462542505243,-0.41436136046971983,56.35222538400683,362.060836662713,378.59043749396864,0.0033316987451685875,0.6556070253915055,6.0,6.0,24.0,0.02367494658877452,1.0,0.16666666666666669,0.02367494658877452,14.0
2025-10-24 00:00:00+00:00,110500.28,58596804.8445238,0.0038345474098500087,0.008831222233816938,1.0535999170421122,59.943704721965254,386.2610458563868,380.1245591664523,0.006327841737288509,0.8118784972534604,5.0,8.0,8.0,0.38346601044759154,0.625,0.625,0.39304003715515134,18.0
2025-10-24 01:00:00+00:00,110585.08,41088267.6861367,0.0007674188698889584,0.005831517407871578,-0.29879678942978016,60.64432676287064,407.5841607989423,385.6164794929503,0.0063465398600872636,0.8202217395131302,3.0,4.0,7.0,0.4468246307224035,0.75,0.75,0.3766956403851509,14.0
2025-10-24 02:00:00+00:00,110570.12,33570292.4052714,-0.00013528045555522006,0.004469005574038398,-0.18297133717812797,60.44347167316184,418.4520809300302,392.1835997803663,0.006062459195861125,0.7977246583826886,4.0,6.0,7.0,-0.7433081418275833,0.6666666666666666,-0.8333333333333334,-0.8998432606458664,12.0
2025-10-24 03:00:00+00:00,110441.46,36676450.1751099,-0.0011636055021011504,-0.000532306343477118,0.09252697987673031,58.64453109872202,411.9346727030497,396.133814364903,0.004356484164195429,0.7172303145799611,7.0,8.0,11.0,0.17056651413440704,0.875,0.125,0.06952613592147827,14.0
2025-10-24 04:00:00+00:00,111178.55,106486043.6093601,0.0066740334653307976,0.005366637162987908,1.903390134567215,65.06029415378617,460.9332312408369,409.0936977400898,0.010290999407466472,0.9715678878529408,12.0,13.0,21.0,0.31010969613607114,0.9230769230769231,0.3846153846153846,0.3572153653949499,23.0
2025-10-24 05:00:00+00:00,111261.36,57275241.1958714,0.0007448379206240752,0.006251598533129954,-0.462133822851158,65.70402667260493,500.6755408503086,427.41006636213353,0.01020154441185439,0.9404420075118484,14.0,16.0,21.0,0.44122524047270417,0.875,0.75,0.43004787447197096,33.0
2025-10-24 06:00:00+00:00,111464.36,53511338.1049883,0.0018245327937749245,0.009261920296960824,-0.06571605832284844,67.29477432509921,542.3007060332311,450.38819429635305,0.011115095634107952,0.9516252613694084,18.0,19.0,22.0,0.230808734501663,0.9473684210526315,0.47368421052631576,0.2056594288183583,44.0
2025-10-24 07:00:00+00:00,111054.61,83416967.0583247,-0.0036760629137421175,-0.0011147833822261477,0.5588652800021947,61.131250929530765,536.046340224595,467.51982348200147,0.006576067795218465,0.7744788655746484,7.0,7.0,10.0,0.21965141275099345,1.0,0.5714285714285714,0.21965141275099345,39.0
2025-10-24 08:00:00+00:00,111097.8,69653098.8675604,0.0003889077634868787,-0.0014700521366985964,-0.16500082268803506,61.53120052887931,528.482761995896,479.7124111847804,0.006086249570033342,0.7693447736431539,15.0,17.0,21.0,-0.23445445112884045,0.8823529411764706,-0.23529411764705882,-0.246200468018651,40.0
2025-10-24 09:00:00+00:00,111324.51,49657728.8094034,0.0020406344680092836,-0.0012546611311454736,-0.2870707891428713,63.64581532930533,534.6194142441236,490.69381179664913,0.0073074243222639446,0.8282050801616825,20.0,23.0,33.0,0.13783157633050627,0.8695652173913043,0.26086956521739135,0.11901403162628413,42.0
2025-10-24 10:00:00+00:00,111114.03,38514445.4396166,-0.001890688762070436,0.0005350520793327984,-0.2244017927714137,60.33006899665589,516.5443763845396,495.86392471422727,0.004712396813818076,0.7208695840088842,13.0,15.0,20.0,0.22640630714595317,0.8666666666666667,0.33333333333333337,0.2545374756535658,48.0
2025-10-24 11:00:00+00:00,111066.29,62315839.0697976,-0.00042964871312833885,-0.0002836239781526251,0.6179861441208365,59.57199801429158,492.6881572479906,495.2287712209799,0.003755211000649794,0.6801782169484597,18.0,21.0,26.0,0.19864582527606262,0.8571428571428571,0.380952380952381,0.2391397598096066,51.0
2025-10-24 12:00:00+00:00,111297.01,188816502.6066848,0.0020773179692956667,-0.00024702556516975616,2.0299921404444,62.053610807520656,486.78772165956616,493.5405613086972,0.005370916113485835,0.7537610529037395,26.0,26.0,34.0,0.1396013951072326,1.0,0.3076923076923077,0.1396013951072326,57.0
2025-10-24 13:00:00+00:00,110937.94,133165313.3438949,-0.003226232223129788,-0.0015847683681349256,-0.29473689266829817,56.26506918720861,447.973674156834,484.42718387832457,0.002264867945763749,0.6089153863856036,24.0,27.0,31.0,0.2660856024810561,0.8888888888888888,0.4444444444444444,0.2513118217078348,68.0
2025-10-24 14:00:00+00:00,110219.17,209484551.4970072,-0.006479027824024874,-0.0076271567187486955,0.5731164988589819,46.84487796734001,355.1209170061775,458.5659305038952,-0.0040702542012351905,0.3071796123917171,19.0,20.0,25.0,0.23330660089850425,0.95,0.45,0.22671426989530263,69.0
2025-10-24 15:00:00+00:00,110046.91,81337452.2398064,-0.0015628860206441386,-0.011232107672973335,-0.611725773291839,44.90448468580471,264.5845298709901,419.7696503773142,-0.005557997978510532,0.23986583021140928,13.0,13.0,19.0,0.1846977065388973,1.0,0.4615384615384615,0.1846977065388973,56.0
2025-10-24 16:00:00+00:00,110261.81,48586346.4460354,0.001952803581672491,-0.006094668785088353,-0.4026571387706027,47.808912914778084,207.77927465256653,377.37157523236465,-0.003947729559788615,0.2976076360438362,22.0,25.0,32.0,0.24491115219891071,0.88,0.56,0.27064105758274143,54.0
2025-10-24 17:00:00+00:00,110235.22,40685338.5578466,-0.00024115330593610373,0.00014561895176679052,-0.16261786419697988,47.47542517846373,158.78473823184322,333.6542078322604,-0.00450369180651744,0.24167539874872326,5.0,8.0,9.0,0.3829278275370598,0.625,0.75,0.15076060295104982,40.0
2025-10-24 18:00:00+00:00,110619.39,37131976.3437461,0.003485002343171173,0.00520214515791495,-0.08733765872559496,52.617931229705796,149.2352326232358,296.7704127904555,-0.0013389642887242648,0.41734841031733594,18.0,20.0,41.0,0.011759355664253235,0.9,0.10000000000000003,0.00756448900534047,45.0
2025-10-24 19:00:00+00:00,110615.07,35871793.4729614,-3.9052827899288545e-05,0.0032038291408422737,-0.03393794230392333,52.55561855398984,139.70812443844625,265.3579551200537,-0.0016199217599591753,0.39362632993617885,16.0,16.0,27.0,0.17091336578596383,1.0,0.3125,0.17091336578596383,39.0
2025-10-24 20:00:00+00:00,110893.7,56957297.7810681,0.0025189153702112055,0.005973408498663124,0.5878017870503194,56.16162033128696,152.87864509777864,242.8620931155987,0.0007172409854858675,0.5476761309280604,9.0,11.0,15.0,0.29005208831619134,0.8181818181818182,0.45454545454545453,0.34308106307354236,43.0
2025-10-24 21:00:00+00:00,111085.57,101529366.9911296,0.0017302155126937002,0.004214270210674664,0.7825523847951352,58.50070402089696,176.7610912542732,229.6418927433336,0.0022223717079845606,0.6475752990682178,9.0,10.0,15.0,0.17514583170413972,0.9,0.5,0.18556019994947645,34.0
2025-10-24 22:00:00+00:00,111023.01,22642342.8713139,-0.0005631694557629574,0.003687924258421349,-0.7769872546010052,57.42482048622067,188.46749674718012,221.40701354410294,0.0014533533767107087,0.5972139027143348,9.0,10.0,15.0,0.24675850905478,0.9,0.5,0.2718403252462546,27.0
2025-10-24 23:00:00+00:00,111004.89,15835965.5358737,-0.00016320941037351044,0.0010026719281619467,-0.3006039337061429,57.09727944835848,194.0459341362439,215.93479766253114,0.0010355301458038202,0.5710888808972526,2.0,2.0,4.0,0.06481965072453022,1.0,0.0,0.06481965072453022,20.0
2025-10-25 00:00:00+00:00,110766.6,23349827.6345335,-0.002146662187584636,-0.00287139004643,0.47448083172689515,52.82974626559247,177.1962661745638,208.1870913649377,-0.0009277802713257843,0.4355600396582971,9.0,10.0,11.0,0.17640712782740592,0.9,0.49999999999999994,0.15503638568851683,20.0
2025-10-25 01:00:00+00:00,111070.31,26126794.0229043,0.002741891508812211,0.00042603780963967885,0.1189287746288874,57.21863055771461,186.2032070459245,203.79031450113507,0.0018978907704325643,0.634256169692584,4.0,4.0,4.0,0.2952240761369467,1.0,0.5,0.2952240761369467,15.0
2025-10-25 02:00:00+00:00,111025.77,14877553.2852131,-0.0004010072538735976,0.00018809982154843752,-0.43056337979430037,56.389994597867805,187.5849047992815,200.54923256076438,0.0016942703137756698,0.6272456322960187,7.0,8.0,10.0,0.17968434281647205,0.875,0.25,0.2794154392821448,20.0
2025-10-25 03:00:00+00:00,111029.99,27692352.3114791,3.8009193721322276e-05,0.0023778828636069615,0.8613512437561031,56.4543400882288,186.86634999296803,197.8126560472051,0.001743469570081757,0.6311825560552908,1.0,1.0,2.0,0.9099301099777222,1.0,1.0,0.9099301099777222,12.0
2025-10-25 04:00:00+00:00,111228.0,45744864.3629497,0.0017833920366920886,0.001419731339545205,0.6518952181605544,59.47572842058799,199.9695181647403,198.24402847071218,0.0034710319936053224,0.7572270884561634,0.0,1.0,0.0,0.025346849113702774,0.0,0.0,0.0,8.0
2025-10-25 05:00:00+00:00,111386.79,26162337.8894317,0.001427608156219673,0.0032516775159496802,-0.4280814195479077,61.766722210113294,220.6236867532716,202.71996012722408,0.004875364731711018,0.8572662074579324,7.0,7.0,11.0,0.1069453890834536,1.0,0.2857142857142857,0.1069453890834536,8.0
2025-10-25 06:00:00+00:00,111366.42,37248987.0248542,-0.000182876263872922,0.0030300822327371524,0.42376370117522866,61.288051260657056,232.66654035678948,208.7092761731372,0.004577229021014206,0.8245417499809438,4.0,4.0,7.0,0.19873540988191962,1.0,0.25,0.19873540988191962,11.0
2025-10-25 07:00:00+00:00,111489.6,48694266.3850442,0.0011060784750018815,0.002351925774085606,0.30726417748093926,63.147904020570294,249.27667876004125,216.82275669051802,0.005496398167576633,0.8694482849806308,4.0,4.0,6.0,-0.1034562848508358,1.0,0.0,-0.1034562848508358,15.0
2025-10-25 08:00:00+00:00,111763.8,38952592.3584508,0.0024594222241356434,0.0033846922063200946,-0.20005792775605769,66.95387918380129,281.3230643607676,229.72281822456796,0.007757212491169563,0.9810657755200768,6.0,6.0,8.0,-0.11620524773995082,1.0,0.3333333333333333,-0.11620524773995082,14.0
2025-10-25 09:00:00+00:00,111521.47,52943193.9993483,-0.0021682333635757445,0.0013922509136956585,0.35916997544483653,60.961694355190154,283.8935024882958,240.55695507731355,0.005307683265131979,0.815217960967378,8.0,8.0,14.0,-0.03459354117512703,1.0,0.0,-0.03459354117512703,18.0
2025-10-25 10:00:00+00:00,111559.94,42653554.7858268,0.00034495599815898004,0.0006309108652287065,-0.19435244525761242,61.55000329874007,285.7409568333387,249.5937554285186,0.005047103139807163,0.8072498354083559,15.0,16.0,20.0,-0.03818522486835718,0.9375,0.125,-0.06433164775371551,29.0
2025-10-25 11:00:00+00:00,111563.81,19280329.8759367,3.468987165100579e-05,-0.0017893987140737977,-0.5479783578942572,61.61267562214636,284.2408033220854,256.52316500723197,0.004395674519141135,0.7938453126503916,13.0,13.0,25.0,0.14832269085141328,1.0,0.23076923076923073,0.14832269085141328,36.0
2025-10-25 12:00:00+00:00,111899.03,40611027.0136845,0.00300473782671995,0.0033855364352710637,1.1063450301423585,66.67908265415606,306.5674545218644,266.5320229101585,0.006671718421241923,0.9541635029126136,10.0,11.0,17.0,0.028953821821646256,0.9090909090909091,0.09090909090909088,0.09731271117925644,38.0
2025-10-25 13:00:00+00:00,111680.91,39670703.0642446,-0.0019492572902553018,0.001084349812307206,-0.02315439964428978,61.03442814001802,303.1663128177315,273.85888089167315,0.004056528838989548,0.8097665681854347,7.0,10.0,10.0,0.13248208686709403,0.7,0.3,0.013449710394654955,30.0
2025-10-25 14:00:00+00:00,111591.19,24181327.9170315,-0.0008033602161729991,0.0002454200873922563,-0.3904487178391791,58.82838924168701,289.8895629034523,277.065017294029,0.0028118376923169652,0.7275707477817283,2.0,3.0,3.0,-0.3855247497558594,0.6666666666666666,-0.3333333333333333,-0.6477469801902771,19.0
2025-10-25 15:00:00+00:00,111385.18,35553774.3318909,-0.001846113479030076,-0.004592086276351104,0.47029867234253553,54.00190301458859,259.7501199460821,273.60203782443966,0.0006142918284957055,0.5553916752332066,8.0,8.0,14.0,0.1432306075002998,1.0,0.125,0.1432306075002998,17.0
2025-10-25 16:00:00+00:00,111372.25,47907382.7834138,-0.00011608366570847739,-0.002763766878332241,0.3474626445058464,53.70408815235023,232.1450279430719,265.31063584816616,0.0002831264083764662,0.5268923444389555,8.0,10.0,12.0,-0.02656235694885254,0.8,-0.09999999999999998,-0.01039392501115799,18.0
2025-10-25 17:00:00+00:00,111374.96,14985598.0210685,2.433281180902469e-05,-0.0019376977698687403,-0.687196478905612,53.76164475208829,208.08776181028225,253.8660610405894,0.00017748610491441497,0.517205076563812,5.0,5.0,5.0,0.37984802275896073,1.0,0.39999999999999997,0.37984802275896073,21.0
2025-10-25 18:00:00+00:00,111719.98,25432868.8103818,0.003097823783730025,0.0030057858684611194,0.6971540791782422,60.49543301064924,214.39106883663044,245.97106259979762,0.0029619837345518096,0.7873541014616767,6.0,6.0,9.0,0.10989301092922688,1.0,0.0,0.10989301092922688,19.0
2025-10-25 19:00:00+00:00,111623.45,19047974.9905038,-0.0008640352423979758,0.0022554990134435737,-0.2510489031922212,57.95251652733336,209.18595532351173,238.61404114454047,0.0018172296961418422,0.6827216246460435,7.0,7.0,10.0,0.07511620463005134,1.0,0.42857142857142855,0.07511620463005134,18.0
2025-10-25 20:00:00+00:00,111431.94,17209461.0983213,-0.001715678918721819,0.0005116051220130924,-0.09652017566691862,53.17672937016247,187.44683840783546,228.38060059719948,-0.00020007762916895988,0.4760615416357215,8.0,8.0,16.0,-0.07284663058817387,1.0,0.125,-0.07284663058817387,21.0
2025-10-25 21:00:00+00:00,111477.76,14869053.2476348,0.0004111926975334246,-0.002168099206605656,-0.1359954177132714,54.15027807166838,171.93377713878,217.0912359055156,2.8239613877323322e-05,0.5036505157695634,3.0,3.0,3.0,0.24801124135653177,1.0,0.6666666666666666,0.24801124135653177,18.0
2025-10-25 22:00:00+00:00,111621.69,17804221.9933681,0.001291109545078939,-1.576729620877959e-05,0.19740118599684164,57.1632389032496,169.3019054648612,207.5333698173847,0.0010518149201781402,0.6532645807489319,2.0,2.0,2.0,0.37321770191192627,1.0,1.0,0.37321770191192627,13.0
2025-10-25 23:00:00+00:00,111646.27,13201285.7676064,0.00022020809754819126,0.0019234162126227083,-0.2585306017570579,57.674769188683406,167.27132901988807,199.4809616578854,0.0009956316758845674,0.6741899344758403,0.0,0.0,0.0,0.0,0.0,0.0,0.0,5.0
2025-10-26 00:00:00+00:00,111715.98,41444544.9807233,0.0006243827044110084,0.0021369284779313436,2.13943245455839,59.164111812273006,169.33510725790984,193.4517907778903,0.0014015734241334954,0.7652341079132915,1.0,1.0,2.0,0.2778458595275879,1.0,1.0,0.2778458595275879,3.0
2025-10-26 01:00:00+00:00,111644.42,30237803.3768998,-0.000640552945066597,0.00020363425782199407,-0.2704032969606973,56.94877579266055,163.3137926893396,187.42419116018016,0.0006445808634614192,0.6258177751394798,0.0,1.0,0.0,0.5521796941757202,0.0,1.0,0.0,1.0
2025-10-26 02:00:00+00:00,111448.85,23923752.4448716,-0.0017517221192066001,-0.001768263283672633,-0.20881314867110434,51.29577035374687,141.13408705653274,178.16617033945067,-0.0011451681850491724,0.2685281235512281,0.0,0.0,0.0,0.0,0.0,0.0,0.0,1.0
2025-10-26 03:00:00+00:00,111260.46,19012801.5377634,-0.0016903718611721574,-0.004077482916946984,-0.20527510968125473,46.50670388452798,107.12019703588157,163.95697567873685,-0.0027312019350984595,0.00342110838060578,0.0,0.0,0.0,0.0,0.0,0.0,0.0,0.0
2025-10-26 04:00:00+00:00,111430.4,14412651.0755567,0.0015274069512205557,-0.0019169789229054324,-0.24195016463354113,50.95493246800912,92.80686215318565,149.72695297362662,-0.0010587054346417046,0.30180148054977907,1.0,3.0,2.0,0.5465741157531738,0.3333333333333333,1.0,0.8955249190330505,1.0
2025-10-26 05:00:00+00:00,111615.32,23414714.9554679,0.0016595112285338054,0.0014936897060848775,0.6245945893450757,55.30978210161716,95.28653582456172,138.83886954381364,0.0005569585260492005,0.6038868052209331,2.0,2.0,3.0,-0.42776575684547424,1.0,-0.5,-0.42776575684547424,3.0
2025-10-26 06:00:00+00:00,111635.95,17434191.3915204,0.00018483125793111732,0.003374873697268521,-0.2554173123747937,55.78149946797093,97.78911165455065,130.62891796596105,0.0007077996636517536,0.6310754451459822,2.0,2.0,3.0,0.1088091004639864,1.0,0.5,0.1088091004639864,5.0
2025-10-26 07:00:00+00:00,111723.98,18983540.0603282,0.0007885452670040038,0.002634649072425388,0.08886839854020234,57.82709186168704,105.65774956515816,125.63468428580047,0.0014250123438133144,0.7565111092994108,2.0,4.0,5.0,0.25989797711372375,0.5,0.75,0.32158422470092773,6.0
2025-10-26 08:00:00+00:00,111776.94,26877404.4377445,0.0004740253614310408,0.0014480091084270175,0.415826782166562,59.05431953452116,114.84328924366855,123.4764052773741,0.001954537125475442,0.879448775852901,2.0,2.0,3.0,0.21950767189264297,1.0,0.5,0.21950767189264297,6.0
2025-10-26 09:00:00+00:00,112528.83,149459210.1589745,0.006726700516224593,0.007998140383989272,4.560775427745018,71.66233368438711,180.7110107667977,134.92332637525882,0.008311194252324627,1.408584147881348,13.0,17.0,21.0,0.08698701529818423,0.7647058823529411,0.35294117647058826,-0.015622176516514558,17.0
2025-10-26 10:00:00+00:00,112477.1,37959014.6166376,-0.00045970441530407413,0.006740898417689767,-0.7460242525284194,70.0638599398023,226.13078106819012,153.1648173138451,0.007447804552917159,1.1524299907021789,6.0,6.0,7.0,0.1987333595752716,1.0,0.3333333333333333,0.1987333595752716,21.0
2025-10-26 11:00:00+00:00,113286.09,121956369.6921027,0.007192486292765254,0.013501443142029057,2.212843402911958,78.23877512441646,323.6738970471488,187.26663326050584,0.013830770295184536,1.3169673300957991,1.0,2.0,1.0,-0.317313477396965,0.5,0.0,0.3167056739330292,20.0
2025-10-26 12:00:00+00:00,113575.05,139687655.7270466,0.0025507103299267087,0.009297350732252463,0.1453904054352324,80.30734840010646,419.45891501303413,233.7050896110115,0.015415888371480335,1.2058212914742166,7.0,7.0,12.0,0.5745193902403116,1.0,0.8571428571428571,0.5745193902403116,14.0
2025-10-26 13:00:00+00:00,113711.53,124995222.4518021,0.0012016723743462077,0.010974945122162572,-0.10518061312413973,81.21558942211058,500.61129188074847,287.08633006495893,0.015575313821031056,1.103931846430451,10.0,10.0,17.0,-0.04665863551199436,1.0,0.0,-0.04665863551199436,18.0
2025-10-26 14:00:00+00:00,113575.36,84138204.7296173,-0.0011975038942840799,0.0025534467647352344,-0.3268686348227364,77.38092015541567,547.624677838292,339.1939996196256,0.013519422792188873,0.9739080462146827,2.0,3.0,5.0,0.3162543748815854,0.6666666666666666,0.3333333333333333,0.46663348004221916,19.0
2025-10-26 15:00:00+00:00,113694.97,49674300.5646494,0.001053133355685576,0.0010558657028987284,-0.40961064329479724,78.34798920344787,587.7593286273768,388.90706542117584,0.013649889960851258,0.9413674445558865,6.0,6.0,8.0,0.12258220712343852,1.0,0.16666666666666666,0.12258220712343852,18.0
2025-10-26 16:00:00+00:00,113517.53,63205146.6117552,-0.0015606671077885714,-0.0017060714951245837,0.2723912746289374,73.33860959352924,598.3509857569734,430.79584948833536,0.01112786820249334,0.8478917142009613,6.0,7.0,7.0,0.1537594459950924,0.8571428571428571,0.2857142857142857,0.032313397154212,14.0
2025-10-26 17:00:00+00:00,113442.13,36287841.909352,-0.0006642145931117227,-0.001173053732781426,-0.42587203962591536,71.25378963227344,593.8156631575839,463.3998122221851,0.00957303155699707,0.7944706943150559,5.0,6.0,7.0,0.5530787408351898,0.8333333333333334,0.6666666666666667,0.480683422088623,17.0
2025-10-26 18:00:00+00:00,113575.15,31735590.0311944,0.0011725802398103724,-0.001053872480022755,-0.12544840471718444,72.72678860594253,594.1064997175126,489.54114972125063,0.009879013364044953,0.7978261966073413,5.0,5.0,6.0,-0.2549629628658295,1.0,-0.19999999999999996,-0.2549629628658295,16.0
2025-10-26 19:00:00+00:00,113585.99,23250714.5871671,9.544341345812946e-05,0.0006030786610666805,-0.26736151543699416,72.84888603505512,588.4286480226729,509.3186493815351,0.00910517475701833,0.7716162624305131,4.0,4.0,5.0,0.020149998366832733,1.0,0.0,0.020149998366832733,14.0
2025-10-26 20:00:00+00:00,113320.8,28159853.5781691,-0.0023347069475734283,-0.0010695321041662709,0.21113927370264696,65.1631596453167,556.1196913042368,518.6788577660755,0.006032043696567291,0.6814302674361792,6.0,7.0,12.0,0.25358303423438755,0.8571428571428571,0.42857142857142855,0.2972671656558911,15.0
2025-10-26 21:00:00+00:00,113497.06,52572277.8982129,0.0015554073038666072,-0.000687562376100681,0.8669229849607425,67.60920715899559,538.5294865669421,522.6489835262488,0.006768904435281664,0.7063260040660756,4.0,5.0,8.0,-0.1149075135588646,0.8,0.0,-0.12178860418498516,14.0
2025-10-26 22:00:00+00:00,114681.33,289373807.8621513,0.01043436719858648,0.009643266744428614,4.504304158598919,78.52142855439494,613.0825798745791,540.7357027959149,0.01581754757250331,0.9614884707834488,5.0,5.0,7.0,0.5045990169048309,1.0,0.6000000000000001,0.5045990169048309,15.0
2025-10-26 23:00:00+00:00,114559.4,76912021.195121,-0.0010632070625620216,0.01093003226239131,-0.7342122227186523,75.69396274750731,654.7798173107585,563.5445256988837,0.013257095951301423,0.8920884317657386,3.0,3.0,4.0,-0.39921628559629124,1.0,-0.6666666666666666,-0.39921628559629124,12.0
2025-10-27 00:00:00+00:00,114767.29,131165892.0243273,0.0018146917668913076,0.011191743645165841,0.7054017042611271,77.2013538136937,696.5705324837036,590.1497270558477,0.013600066203062422,0.9061876599095173,6.0,8.0,8.0,0.05469376780092716,0.75,0.0,-0.11202757308880489,14.0
2025-10-27 01:00:00+00:00,115284.01,83572263.2569494,0.004502328145937762,0.005255258201138702,-0.362850646862911,80.4471945890399,762.5942491293681,624.6386314705518,0.016516814054200024,0.9814315263907714,9.0,10.0,18.0,0.6039531964808702,0.9,0.9,0.6187878039975961,18.0
2025-10-27 02:00:00+00:00,114883.39,95109223.6761735,-0.0034750699598321555,0.002828139812184771,0.13804772025561673,71.90025521631149,773.6734089043894,654.4455869573193,0.01153611538969046,0.8510222582711203,8.0,10.0,9.0,0.08602204825729132,0.8,0.2,0.22154853236861527,23.0
2025-10-27 03:00:00+00:00,114958.51,67529560.9976666,0.0006538804260562969,0.0016661541803417723,-0.2899788434022943,72.49044398006677,779.5293499372201,679.4623395532994,0.01075823474202342,0.8487046781392568,6.0,6.0,8.0,0.1771520475546519,1.0,0.3333333333333333,0.1771520475546519,23.0
2025-10-27 04:00:00+00:00,115256.44,46110129.1747106,0.0025916306674469425,-0.00023914851678030757,-0.3171860072316496,74.7551158435685,799.0003082969924,703.369933302038,0.011829997688152627,0.9136309045341351,6.0,8.0,8.0,0.13306962931528687,0.75,0.25,0.25693641416728497,20.0
2025-10-27 05:00:00+00:00,115556.57,95645179.3924769,0.002604019350241904,0.005859680846813431,1.0742769778431702,76.82489176013672,829.0919103361375,728.514328708858,0.013118369816452757,0.9533156257292331,12.0,13.0,17.0,0.18204881308170465,0.9230769230769231,0.23076923076923073,0.19007417870064577,24.0
2025-10-27 06:00:00+00:00,116053.49,207780611.3479915,0.004300231479698713,0.009525001672342492,1.1724107024293455,79.78070925980404,882.8599528416235,759.3834535354111,0.015882350513348076,1.0337237982725231,14.0,16.0,20.0,0.0034804102033376694,0.875,0.1875,-0.015628560313156674,32.0
2025-10-27 07:00:00+00:00,115554.6,284419362.1471941,-0.004298793599399775,0.00258692702984753,0.36884457265768567,70.11233836630186,875.1273371084098,782.532230250011,0.010511966810004214,0.8468851858733947,6.0,6.0,8.0,0.16683063407739004,1.0,0.3333333333333333,0.16683063407739004,32.0
2025-10-27 08:00:00+00:00,115014.88,144016435.3878071,-0.0046706924691877205,-0.004687660770824165,-0.49364756920706754,61.43792095586766,816.041471937293,789.2340785874675,0.005159370493849957,0.6719114340982192,11.0,11.0,17.0,-0.02864372730255127,1.0,-0.09090909090909088,-0.02864372730255127,31.0
2025-10-27 09:00:00+00:00,115254.01,132165638.7447577,0.0020791222840035317,-0.006888892354723786,-0.08228780702103622,63.5874681173225,779.5254069520888,787.2923442603918,0.0065707745658554195,0.7186373991521415,11.0,11.0,17.0,-0.08904072913256558,1.0,0.2727272727272727,-0.08904072913256558,28.0
2025-10-27 10:00:00+00:00,115447.94,64359135.3163291,0.0016826312594242498,-0.0009230268634914385,-0.5130418471277438,65.27786460165206,757.5026733374398,781.3344100758014,0.007440668943116124,0.7489469168735556,14.0,16.0,22.0,0.17084867949597538,0.875,0.3125,0.25380890390702654,36.0
2025-10-27 11:00:00+00:00,115362.02,86084054.0204299,-0.0007442315557990575,0.0030182181644671235,0.3375576535843978,63.863299276055855,724.7618686725473,770.0199017951506,0.0059592010985620725,0.7020320961615486,31.0,31.0,48.0,0.2895572079165328,1.0,0.4516129032258065,0.2895572079165328,56.0
2025-10-27 12:00:00+00:00,115065.67,135095351.664401,-0.0025688697198610333,-0.0016341296931881022,0.5693423503537542,59.10576162819193,667.2103907308629,749.4579995822932,0.002698211058775435,0.5960722057940689,24.0,26.0,42.0,0.38469527067186743,0.9230769230769231,0.5,0.36925060899617773,69.0
2025-10-27 13:00:00+00:00,115264.28,116155980.5272393,0.0017260578241973246,-0.001590846921997957,-0.1401926187972048,61.192314928361185,630.3601970075106,725.6384390673367,0.0036321191328911873,0.6384309061089418,26.0,32.0,37.0,0.33851258299546316,0.8125,0.6875,0.3588709890699157,81.0
2025-10-27 14:00:00+00:00,114810.05,113346382.444974,-0.003940769855153681,-0.004784676967341639,-0.024188148294322365,54.36086200606771,558.0704988253274,692.1248510189348,-0.0008601292990511045,0.46444157564828803,26.0,30.0,36.0,-0.039760626231630646,0.8666666666666667,0.10000000000000003,0.09250866349499959,76.0
2025-10-27 15:00:00+00:00,114969.68,152257758.2777641,0.0013903835073669768,-0.0008342192766965795,0.34329614226268146,56.21100198343724,507.80751023444463,655.2613828620367,-7.297913356019148e-05,0.496644201197327,15.0,19.0,19.0,0.14200371680291077,0.7894736842105263,0.2631578947368421,0.18110006575783094,67.0
2025-10-27 16:00:00+00:00,115497.57,94370882.9849529,0.004591558400441009,0.0020239574654004056,-0.38018998800184667,61.73532192660961,504.75157888562535,625.1594220667545,0.0035682642081895644,0.7032730644615806,13.0,14.0,20.0,0.18224867220435823,0.9285714285714286,0.14285714285714285,0.12780729967814225,54.0
2025-10-27 17:00:00+00:00,115706.06,51083126.1021415,0.0018051462035086896,0.0078042819422166065,-0.4586982288775816,63.68399234235701,513.2368568444363,602.7749090222908,0.0044159041683591305,0.8452674980192134,14.0,19.0,20.0,0.43547844141721725,0.7368421052631579,0.5789473684210527,0.4619631503841707,42.0
2025-10-27 18:00:00+00:00,115342.19,46284593.9921751,-0.003144779106643125,0.003240071643236808,-0.09393575679710087,58.1208755133081,485.0093469050771,579.2217965988481,0.0009701215788082695,0.5799084186029771,12.0,15.0,14.0,0.18669448296229044,0.8,0.26666666666666666,0.2286826396981875,39.0
2025-10-27 19:00:00+00:00,114942.64,68677030.0971352,-0.003464040348115538,-0.004804689830270936,0.4837989096057702,52.679154613481685,425.49366992233263,548.476171263545,-0.0026631293691353752,0.26158088884385133,16.0,18.0,32.0,0.2668603677302599,0.8888888888888888,0.5,0.33271559537388384,42.0
2025-10-27 20:00:00+00:00,114455.17,63187740.8836533,-0.004240984894726685,-0.010810929004064218,-0.07992904186040051,46.908594398671546,335.12915183133737,505.8067673771035,-0.006758324630495083,-0.054567553496722584,8.0,10.0,16.0,0.37449064701795576,0.8,0.6,0.3119970317929983,36.0
2025-10-27 21:00:00+00:00,114302.7,56591774.7878258,-0.001332137290084856,-0.009012227009041585,-0.1043868004075752,45.2393618641498,248.34875558532076,454.31516501874694,-0.007658929717458851,-0.04446229316486647,7.0,9.0,13.0,0.16519839937488237,0.7777777777777778,0.2222222222222222,0.21770259737968445,31.0
2025-10-27 22:00:00+00:00,114112.51,54301780.7853126,-0.001663915200603383,-0.007222124008984032,-0.04046513846047162,43.17545858172045,162.35637954545382,395.92340792408834,-0.008978478336295392,-0.05668998798725948,7.0,11.0,10.0,0.20172360674901443,0.6363636363636364,0.5454545454545454,0.2837830664856093,22.0
2025-10-27 23:00:00+00:00,114107.65,81562856.5145796,-4.2589546054183636e-05,-0.003036297967142998,0.5020291293400916,43.121321080902455,92.74552789544396,335.2878319183595,-0.008654414086011974,0.017067050936512024,3.0,3.0,4.0,0.009833077589670816,1.0,0.0,0.009833077589670816,17.0
2025-10-28 00:00:00+00:00,113961.67,63281962.5098951,-0.0012793182578030304,-0.0029835690670474424,-0.22413258664397973,41.44047575676995,25.505054062610725,273.3312763472097,-0.009365492292433442,0.028105994783816632,8.0,8.0,9.0,-0.12669181800447404,1.0,0.0,-0.12669181800447404,18.0
2025-10-28 01:00:00+00:00,114424.76,55484489.8016703,0.0040635592651459,0.002736334517573935,-0.12321793444704798,48.322188400204936,9.474767680032528,220.5599746137743,-0.004850452125848781,0.25657183768638175,12.0,12.0,19.0,-0.005197831739981969,1.0,0.08333333333333331,-0.005197831739981969,23.0
2025-10-28 02:00:00+00:00,113936.94,78225818.8840238,-0.0042632381313274514,-0.0014960434291653169,0.40986822017544977,42.63792795998835,-42.10696401777386,168.02658688746467,-0.008180161104019534,0.08087036296242282,5.0,6.0,8.0,0.21096745133399963,0.8333333333333334,0.16666666666666669,0.24552364349365235,25.0
2025-10-28 03:00:00+00:00,113908.24,52086227.9801656,-0.000251893722966412,-0.00046884184831608167,-0.33415554195236086,42.32249605031669,-84.32960892040865,117.55534772589002,-0.0077189482130484155,0.11514010771268564,5.0,8.0,6.0,0.16891531459987164,0.625,0.25,0.283738499879837,22.0
2025-10-28 04:00:00+00:00,113964.59,50133981.9228024,0.0004946964328480519,-0.004021594626897218,-0.037481041209331045,43.210820941505155,-111.95385083649307,71.6535080134134,-0.006773703086817906,0.17639876224481205,9.0,9.0,13.0,0.10220220850573646,1.0,0.22222222222222227,0.10220220850573646,19.0
2025-10-28 05:00:00+00:00,113605.31,71514376.3780922,-0.003152558176184317,-0.002910645134054035,0.42646511677871257,39.07821585176583,-160.98146087516216,25.126514235698288,-0.009193072399431013,0.08602945573555398,12.0,14.0,18.0,-0.049931103230587075,0.8571428571428571,-0.0714285714285714,0.010721600769708553,26.0
2025-10-28 06:00:00+00:00,114115.52,61797503.4729902,0.004491075285125268,0.0018197103212198584,-0.13587300060801033,46.85178833752951,-156.85834667897143,-11.270457947235656,-0.004164669703699775,0.307581928121304,7.0,11.0,11.0,-0.3144506197422743,0.6363636363636364,-0.18181818181818182,-0.13067034392484597,28.0
2025-10-28 07:00:00+00:00,114188.37,66164989.5344358,0.0006383881876890207,0.001963592375491263,0.07067415050762516,47.87452387534388,-146.0290310360433,-38.22217256499719,-0.003018389849794967,0.3558779423489568,8.0,9.0,12.0,0.19741907881365883,0.8888888888888888,0.33333333333333337,0.1729003470391035,27.0
2025-10-28 08:00:00+00:00,114427.23,35164965.7971989,0.002091806722523515,0.007234873088238558,-0.46852608842479804,51.19097340751025,-116.82601700199302,-53.942941452396354,-0.0006543675882647593,0.4681109440145439,16.0,17.0,21.0,0.32080125184181857,0.9411764705882353,0.5882352941176471,0.3652855911059305,31.0
2025-10-28 09:00:00+00:00,114528.6,42716448.8697386,0.0008858905349715673,0.0036198406667209415,0.21474450213004959,52.570168309960856,-84.52831635421899,-60.06001643276089,0.0005523722905809159,0.5281781365541737,15.0,16.0,23.0,0.0837474949657917,0.9375,0.25,0.08121436685323716,39.0
2025-10-28 10:00:00+00:00,114595.71,26340048.9074943,0.0005859671732650895,0.00356726346124403,-0.3833745640276234,53.506818103849035,-52.90706010477152,-58.62942516716302,0.0012324050898917527,0.5633892214285546,19.0,20.0,29.0,0.11567289335653186,0.95,0.10000000000000003,0.07705766384146716,50.0
2025-10-28 11:00:00+00:00,114357.73,37331649.8008823,-0.0020766920506885,-0.000607372912898474,0.41729614595592723,49.75452988172884,-46.51380167453317,-56.20630046863705,-0.0005796683071666031,0.4695085012694016,17.0,19.0,21.0,0.07651766507249129,0.8947368421052632,0.2631578947368421,0.1322720287477269,51.0
2025-10-28 12:00:00+00:00,114449.55,48230256.913485,0.0008029190505967065,-0.0006902206086515372,0.29194014115993117,51.177158777591046,-33.65009433829982,-51.69505924256961,0.0006810516000479439,0.5401352976419207,16.0,18.0,20.0,0.16684529961397251,0.8888888888888888,0.2777777777777778,0.17104488553013653,52.0
2025-10-28 13:00:00+00:00,115522.9,120331517.0142258,0.009378368023290617,0.008090966057978877,1.4949383377757117,64.006569480701,62.43514752728515,-28.869017888598663,0.010146691530411589,1.1292239546233385,27.0,32.0,38.0,0.15635703492444009,0.84375,0.28125,0.16536520918210348,60.0
2025-10-28 14:00:00+00:00,115068.17,209915477.2160654,-0.003936275837950753,0.006212435311543807,0.7444762804016578,57.154369535957926,100.72933819088212,-2.9493466727025037,0.006291032460175039,0.9133686425535273,20.0,22.0,25.0,0.17564908779141578,0.9090909090909091,0.2272727272727273,0.18930589389055968,63.0
2025-10-28 15:00:00+00:00,114641.38,82841385.4651055,-0.003709018749494253,0.0016761096919997165,-0.6053583729805825,51.573783824122735,95.53807061177213,16.748136784192425,0.0026907631417798505,0.6834843159518131,17.0,19.0,23.0,0.20351397667668367,0.8947368421052632,0.42105263157894735,0.2207004974650986,64.0
2025-10-28 16:00:00+00:00,115341.59,86821754.1211718,0.0061078294765815055,-0.0015694723730099724,0.04804806961784713,58.69888279266772,146.23929321374453,42.64636807010285,0.00842411589859493,1.0091969028237793,11.0,12.0,14.0,-0.1335904182245334,0.9166666666666666,0.08333333333333337,-0.15761267935687845,48.0
2025-10-28 17:00:00+00:00,115290.0,50429246.8379609,-0.00044728011812567026,0.0019278137472769075,-0.41916346486642175,58.02151995103546,180.18048706755508,70.1531918695933,0.007538219357403841,0.9207734446674711,4.0,7.0,6.0,0.381770876369306,0.5714285714285714,0.8571428571428571,0.42462176363915205,32.0
2025-10-28 18:00:00+00:00,115022.8,42584232.5587273,-0.0023176337930436164,0.0033270709058108583,-0.15556477185632323,54.51282333371187,183.40415191522334,92.80338387871932,0.004803445439730325,0.7629294865103015,12.0,13.0,23.0,0.3889596929343847,0.9230769230769231,0.6153846153846154,0.35541014466434717,27.0
2025-10-28 19:00:00+00:00,113689.99,132030875.8649517,-0.011587354854863507,-0.014319206107701432,2.100463902522367,41.146636470820354,77.51871381107776,89.74644986519101,-0.006658355908471081,0.15034966702469965,17.0,17.0,19.0,0.15917164503651507,1.0,0.4117647058823529,0.15917164503651507,33.0
2025-10-28 20:00:00+00:00,112808.05,196178029.20532,-0.007757411184573071,-0.021527886200017332,0.48584963873133336,35.02650035627097,-76.67755494642188,56.46164890286843,-0.01386712894349007,-0.11437366646501619,10.0,12.0,14.0,-0.19899429846554995,0.8333333333333334,-0.16666666666666669,-0.24177041761577128,39.0
2025-10-28 21:00:00+00:00,112994.4,81861470.446223,0.0016519211173315895,-0.01763476458580393,-0.5827184584439538,37.15357324337208,-181.74725206472795,8.819868709349159,-0.011620191933015445,0.03472460917057461,10.0,15.0,16.0,0.20576821391781172,0.6666666666666666,0.26666666666666666,-0.009231973439455032,37.0
2025-10-28 22:00:00+00:00,113224.08,38004803.4256422,0.002032667105626551,-0.004098074069669666,-0.5357424778900279,39.77074410075611,-243.67357029629056,-41.67881909177879,-0.009302270090842724,0.14519970968891133,8.0,9.0,13.0,0.07031172224216992,0.8888888888888888,0.1111111111111111,0.08201670460402966,28.0
2025-10-28 23:00:00+00:00,112898.45,43282016.9360062,-0.002875978325458717,0.0008013612503716683,0.13885648746188273,37.39319253806169,-315.3906165426888,-96.42117858196079,-0.011714893322261832,0.08433521340774382,5.0,5.0,14.0,0.30591006875038146,1.0,0.39999999999999997,0.30591006875038146,23.0
2025-10-29 00:00:00+00:00,112442.88,56938021.6391438,-0.0040352192612032045,-0.004880949852381966,0.3155122073753731,34.30346874563048,-404.3267568606243,-158.0022942376935,-0.015046828466542594,0.019651213397693948,7.0,9.0,9.0,0.27334735956456924,0.7777777777777778,0.6666666666666667,0.30987183323928286,20.0
2025-10-29 01:00:00+00:00,112500.03,103081074.1032583,0.000508258059558786,-0.006394841097406179,0.8104084254376698,35.028729655567005,-464.8393823876686,-219.36971186768852,-0.014068938901793726,0.08127603191292392,7.0,7.0,14.0,0.6238186976739338,1.0,0.8571428571428571,0.6238186976739338,19.0
2025-10-29 02:00:00+00:00,112666.75,39709974.543523,0.0014819551603675318,-0.0020522868117320847,-0.6147694919850685,37.2065513346141,-493.6526430440281,-274.22629810295643,-0.011980600376208739,0.1613039861357697,6.0,9.0,8.0,-0.16331815222899118,0.6666666666666666,-0.33333333333333337,0.12433645874261856,20.0
2025-10-29 03:00:00+00:00,112523.49,33927017.1784875,-0.0012715375210521351,0.0007168973260023304,-0.14562984316943461,36.08717587108359,-522.0296120136045,-323.78696088508605,-0.012516041180244075,0.1634947876170277,8.0,8.0,13.0,0.18199034966528416,1.0,0.25,0.18199034966528416,21.0
2025-10-29 04:00:00+00:00,112810.55,35115797.567291,0.0025511117723062693,0.0027601770417307048,0.03503934290920463,39.98353681460633,-515.4138513827929,-362.1123389846274,-0.00929406904109098,0.2553601998988531,8.0,13.0,15.0,-0.08467581896827771,0.6153846153846154,0.15384615384615385,-0.2904289406724274,22.0
2025-10-29 05:00:00+00:00,113039.1,72482247.5266358,0.002025962997255215,0.0033048792123675508,1.064092304545866,42.96484601317362,-486.1249921833369,-386.9148696243693,-0.006637234633204203,0.3259366565981136,0.0,0.0,0.0,0.0,0.0,0.0,0.0,16.0
2025-10-29 06:00:00+00:00,113284.2,50181954.5815974,0.0021682762867007987,0.006760455083645089,-0.30766558303594926,46.05940741128285,-438.08585757199035,-397.14906721389355,-0.003909339432122683,0.39650167001327913,0.0,2.0,0.0,-0.2361709624528885,0.0,-1.0,0.0,8.0
2025-10-29 07:00:00+00:00,113577.9,72626563.7956935,0.0025925945542273343,0.0068021120365071575,0.44726454760944945,49.58901927540393,-372.02686769049615,-392.1246273092141,-0.000984371396582473,0.4737173563847916,5.0,6.0,6.0,-0.06685338541865349,0.8333333333333334,0.16666666666666669,-0.16070702224969863,5.0
2025-10-29 08:00:00+00:00,113070.94,57454592.3378987,-0.004463544404325059,0.0002816724478520438,-0.20890388674418392,44.21129088384199,-356.4728799748991,-384.9942778423511,-0.004840153393457336,0.37001454599101424,15.0,16.0,20.0,0.01630318386014551,0.9375,0.125,0.06308447358508905,20.0
2025-10-29 09:00:00+00:00,112974.44,74488830.444785,-0.0008534465177347794,-0.0027343618968929118,0.29648175043529146,43.24982040186204,-347.9223439586931,-377.5798910656195,-0.004573122559542675,0.36634594149791333,15.0,16.0,26.0,0.4702031777705997,0.9375,0.5625,0.4982159800827503,35.0
2025-10-29 10:00:00+00:00,112870.01,48117730.0220587,-0.000924368379254692,-0.006232638567890358,-0.35402758058168105,42.180765846144695,-345.58887734815653,-371.1816883221269,-0.0045292416157913795,0.35872705844888314,4.0,7.0,10.0,0.126986347671066,0.5714285714285714,0.0,0.39969885628670454,34.0
2025-10-29 11:00:00+00:00,113132.36,42773264.734393,0.0023243552472442808,0.0005431988095261353,-0.11107060298180382,45.80499222500556,-318.89412285448634,-360.72417522859877,-0.001550996788618919,0.449071741124918,18.0,18.0,37.0,0.28374803790615666,1.0,0.4444444444444445,0.28374803790615666,37.0
2025-10-29 12:00:00+00:00,113139.13,38860768.7050371,5.984141053905212e-05,0.0014577633666517098,-0.09147059626266851,45.89923296512447,-293.805251124606,-347.3403904078002,-0.0005198635284803244,0.47972991332638826,23.0,25.0,43.0,0.2538074705004692,0.92,0.36,0.20983762812355292,45.0
2025-10-29 13:00:00+00:00,112873.07,130820658.8337727,-0.0023516178708462565,2.711083307249673e-05,2.3663940059120816,42.75279266921416,-292.0246792436519,-336.2772481749706,-0.0018046177701483979,0.4066445258264261,18.0,23.0,30.0,0.2199160352187312,0.782608695652174,0.2608695652173913,0.20161195006221533,59.0
2025-10-29 14:00:00+00:00,112488.44,133377636.6792496,-0.0034076330164494184,-0.005691740188218497,0.019545673200789482,38.630038325430995,-317.9844627643615,-332.6186910928488,-0.0040900514458500625,0.15273642533427415,25.0,31.0,35.0,0.16346110499674274,0.8064516129032258,0.3870967741935484,0.23084021389484405,66.0
2025-10-29 15:00:00+00:00,111509.74,215146574.6159825,-0.0087004495750852,-0.014401648660370636,0.6130633288500471,30.55570911050266,-412.772504408611,-348.64945375600126,-0.011801169553899538,-0.2954680906001018,17.0,20.0,20.0,-0.11811220478266478,0.85,-0.04999999999999999,-0.13184179606683114,60.0
2025-10-29 16:00:00+00:00,111106.35,154393642.5783954,-0.00361753152684241,-0.015652272060997396,-0.28237926699983806,27.961516277346917,-514.5119386950537,-381.8219507438118,-0.014633020710932976,-0.23104195313938292,17.0,21.0,25.0,0.008990172474157242,0.8095238095238095,0.047619047619047616,0.003002405057058615,59.0
2025-10-29 17:00:00+00:00,111883.49,90386761.8386669,0.006994559716883897,-0.0053778859409908675,-0.41456940629681793,38.75030391925265,-526.3648636921716,-410.7305333334838,-0.007251769442214173,0.15490781221397962,11.0,12.0,18.0,0.13701526261866093,0.9166666666666666,0.33333333333333337,0.21365609426390042,45.0
2025-10-29 18:00:00+00:00,110806.38,483530532.8239131,-0.009627068301140795,-0.006307610438334832,4.3495724704351755,31.670669870071563,-615.5761882489751,-451.6996643165821,-0.015753302643718325,-0.12597728376874986,14.0,14.0,17.0,0.01759816998881953,1.0,0.0714285714285714,0.01759816998881953,42.0
2025-10-29 19:00:00+00:00,110640.0,129750614.1463131,-0.001501538088330312,-0.0041973298555844085,-0.7316599359536944,30.736520879053458,-691.7284660271253,-499.70542465869073,-0.016244437116366472,-0.05716109069304818,9.0,11.0,10.0,-0.31711530448360875,0.8181818181818182,-0.2727272727272727,-0.18128272932436731,34.0
2025-10-29 20:00:00+00:00,111433.46,80848048.0824607,0.007171547360809827,-0.004022309279054448,-0.3768966057355805,39.848522721681,-680.2130316250696,-535.8069460519665,-0.008744548836947086,0.21094171935758405,16.0,21.0,20.0,-0.34004550604593187,0.7619047619047619,-0.23809523809523814,-0.34045775420963764,39.0
2025-10-29 21:00:00+00:00,111617.26,45198445.6241346,0.0016494148166985578,0.0073179901734898856,-0.4409457408540699,41.75985884484146,-648.7771439126373,-558.4009856241007,-0.006719562061675455,0.2823835790446126,8.0,12.0,13.0,-0.047220482801397644,0.6666666666666666,0.0,-0.06665513012558222,33.0
2025-10-29 22:00:00+00:00,111028.2,49782298.476745,-0.005277499196808755,0.0035086767895877724,0.10141616131513076,37.63266853955388,-663.7449567429139,-579.4697798478634,-0.01124072238910534,0.1540019220575548,6.0,14.0,6.0,0.13465158588119916,0.42857142857142855,0.14285714285714285,0.3289072097589572,30.0
2025-10-29 23:00:00+00:00,110021.29,117722935.6541092,-0.009068957255904397,-0.012672764535894498,1.3647549280815463,31.83993615448628,-748.2311353792757,-613.2220509541459,-0.01911487067497264,-0.017969620867047537,0.0,2.0,0.0,0.6364747285842896,0.0,1.0,0.0,14.0
2025-10-30 00:00:00+00:00,110559.48,71598919.3824645,0.00489168959934938,-0.009476849727362957,-0.3918014447682924,37.38758024797945,-762.9646242210874,-643.1705656075342,-0.01332659698294647,0.15431914094361923,2.0,4.0,2.0,-0.1525432262569666,0.5,0.0,-0.32971927523612976,8.0
2025-10-30 01:00:00+00:00,110460.76,63620589.0552486,-0.0008929130274490937,-0.005110773659304568,-0.11143087627618431,36.79597351704866,-773.6883020974929,-669.274112905526,-0.013072147405228995,0.16989554442489,6.0,7.0,12.0,0.5459536250148501,0.8571428571428571,0.8571428571428571,0.5613393411040306,8.0
2025-10-30 02:00:00+00:00,110985.92,54079934.7730865,0.004754267488291886,0.008767666694327936,-0.1499617407483751,42.04931351734106,-731.379977902674,-681.6952859049557,-0.0073608699469635,0.3094571367648807,5.0,5.0,8.0,-0.10603926852345466,1.0,0.0,-0.10603926852345466,13.0
2025-10-30 03:00:00+00:00,110751.47,69632396.6844123,-0.002112430117261699,0.0017365313223254297,0.2875828526158959,40.4335567274862,-708.6001799961668,-687.0762647231979,-0.008204165058265933,0.27600398387022557,7.0,10.0,9.0,0.07447312995791436,0.7,0.39999999999999997,-0.050703143434865136,18.0
2025-10-30 04:00:00+00:00,108575.27,385736562.1296048,-0.01964940059034881,-0.01706931945787804,4.539613462937929,29.21277441683452,-856.277544257493,-720.916520630057,-0.025731185244710075,-0.11144718120207191,3.0,10.0,8.0,-0.09482279866933822,0.3,-0.09999999999999998,-0.322311004002889,15.0
2025-10-30 05:00:00+00:00,110248.29,132606255.9599983,0.015408849547415171,-0.006646158359546961,-0.6562258572848392,42.43802446636798,-828.7607493709802,-742.4853663782417,-0.00950733626620448,0.2688645756375394,13.0,14.0,24.0,0.0934111060840743,0.9285714285714286,0.0714285714285714,0.09745347270598778,23.0
2025-10-30 06:00:00+00:00,110768.01,110511148.16608,0.004714086721889332,0.00014934339020511445,-0.16662191111544133,45.82418420117057,-756.2982946949924,-745.2479520415918,-0.0038975087354662374,0.40072934027351376,16.0,21.0,18.0,-0.03774376497382209,0.7619047619047619,0.0,-0.054842215962707996,32.0
2025-10-30 07:00:00+00:00,111366.72,92539784.7267203,0.0054050804018237475,0.02570981403039574,-0.16262036670139113,49.509013488389826,-643.146590379678,-724.8276797092092,0.0022822098987369532,0.5634441607538543,8.0,10.0,12.0,0.10973788462579251,0.8,0.5,0.12109407549723983,37.0
2025-10-30 08:00:00+00:00,110714.31,131877297.2874168,-0.005858213297473491,0.004227004337210127,0.4250875737053452,45.84940678726458,-599.2097668804199,-699.7040971434513,-0.0025009528736268383,0.42174943070721727,15.0,17.0,23.0,0.03501295035376268,0.8823529411764706,0.05882352941176472,0.05812590469916661,39.0
2025-10-30 09:00:00+00:00,110171.69,72756319.4126242,-0.00490108279589152,-0.005383503775142184,-0.44830292317822384,43.00231266200517,-601.2436542598734,-680.0120085667359,-0.006180372662932032,0.283332501692098,9.0,11.0,13.0,0.3667829649692232,0.8181818181818182,0.7272727272727273,0.2585222211976846,32.0
2025-10-30 10:00:00+00:00,110105.75,63074933.817553,-0.0005985203639882197,-0.011322682395602524,-0.13306590648387506,42.65566945364877,-601.2455471724388,-664.2587162878765,-0.005706656772293872,0.27787190771528425,0.0,2.0,0.0,0.18650126457214355,0.0,1.0,0.0,24.0
2025-10-30 11:00:00+00:00,109717.29,60572192.7877297,-0.0035280627941775,-0.009005339960118985,-0.039678853045848395,40.58033290261635,-625.3834912244638,-656.483671275194,-0.008412071753317152,0.17733589023036236,0.0,4.0,0.0,-0.30205464363098145,0.0,-0.5,0.0,9.0
2025-10-30 12:00:00+00:00,108387.86,157844347.9148712,-0.012116868726888885,-0.016191364587399892,1.6058879603058749,34.41009996981654,-743.2195044706459,-673.8308379142843,-0.0192221859416446,-0.11465039465708891,11.0,16.0,17.0,-0.33233843091875315,0.6875,-0.5625,-0.28309998593547125,11.0
2025-10-30 13:00:00+00:00,107627.16,310072970.6751636,-0.007018313674612586,-0.022510995111517773,0.9644223868085069,31.46223150588692,-887.7540504102944,-716.6154804134864,-0.024226516483280225,-0.16037022336838563,30.0,37.0,46.0,-0.045883183342379494,0.8108108108108109,-0.02702702702702703,-0.07556519471108913,41.0
2025-10-30 14:00:00+00:00,108285.54,130336660.4375186,0.006117229145505609,-0.01304944735692981,-0.5796581038530413,36.53023551989302,-938.3561698740086,-760.9636183055909,-0.01713433954790855,0.06871451824678301,22.0,26.0,30.0,-0.11234011701666392,0.8461538461538461,-0.038461538461538436,-0.1267381886189634,63.0
2025-10-30 15:00:00+00:00,107711.56,109935433.3419967,-0.0053006153914917364,-0.00623962868166239,-0.1565271584145117,34.1587842295303,-1013.0957658085681,-811.3900478061863,-0.02104308352802331,0.022278560875269245,0.0,2.0,0.0,-0.34645721316337585,0.0,-0.5,0.0,52.0
2025-10-30 16:00:00+00:00,108144.57,72093366.7652243,0.004020088465899185,0.004807429648798767,-0.3442208342332178,37.457340742771876,-1025.5650701355335,-854.2250522720558,-0.015636375022505367,0.15157442096321924,8.0,11.0,12.0,0.02081354097886519,0.7272727272727273,0.2727272727272727,-0.10582413524389267,30.0
2025-10-30 17:00:00+00:00,107486.69,160101147.903064,-0.006083338257297677,-0.007377254617744855,1.2207472765759646,34.61954650158792,-1076.127572726342,-898.6055563629131,-0.019781896534031618,0.07191977304525572,12.0,15.0,17.0,0.04442093645532926,0.8,0.06666666666666665,0.0583909722045064,20.0
2025-10-30 18:00:00+00:00,106837.09,82194927.0091191,-0.006043538972127727,-0.008118627192847283,-0.48660626056919076,32.03847622405941,-1155.298449995782,-949.944135089487,-0.023840414356127826,0.022220429948284763,10.0,11.0,13.0,-0.24889277632940898,0.9090909090909091,-0.2727272727272727,-0.18023161627352238,30.0
2025-10-30 19:00:00+00:00,106536.39,153809286.8769031,-0.002814565615742559,-0.014870649538853531,0.871274693873002,30.890391437616756,-1228.1485851784237,-1005.5850251072743,-0.02503567905550541,0.043088091659879105,9.0,11.0,15.0,-0.27310797707601026,0.8181818181818182,-0.18181818181818182,-0.3562467015451855,31.0
2025-10-30 20:00:00+00:00,107510.91,128999897.2274309,0.009147296994013177,0.0002253302246073563,-0.1612996858201916,38.57291699601059,-1193.4894194647786,-1043.1659039787753,-0.014743012057978122,0.23419892161242636,18.0,20.0,28.0,-0.17783233802765608,0.9,-0.15000000000000002,-0.09617480614946948,37.0
2025-10-30 21:00:00+00:00,107907.68,91093487.1513225,0.003690509177161516,0.010020770876481233,-0.29384837422992827,41.4278097560664,-1121.0826153362723,-1058.7492462502746,-0.009948697293710285,0.3195488733395156,14.0,18.0,17.0,0.16846474953409699,0.7777777777777778,0.33333333333333337,0.13751158943133696,41.0
2025-10-30 22:00:00+00:00,107912.81,35948241.152016,4.754063844214507e-05,0.012919716915506418,-0.6053697989154859,41.46568920366694,-1051.1685367132304,-1057.2331043428658,-0.008503831365401227,0.3400460072151062,4.0,6.0,4.0,0.0550101064145565,0.6666666666666666,0.33333333333333337,0.09417922794818878,36.0
2025-10-30 23:00:00+00:00,108322.88,86185186.7852287,0.0038000122506309797,0.00755244281719869,1.3974799329061298,44.55256361392446,-951.701283812421,-1036.1267402367769,-0.0036244909009037762,0.4286850081218549,3.0,4.0,3.0,0.5023138672113419,0.75,1.0,0.5996098419030508,21.0
2025-10-31 00:00:00+00:00,109317.21,118016216.8721754,0.009179316502663237,0.01306236961076368,0.3693329593433361,51.26400112441078,-783.6057291600737,-985.6225380214363,0.005178562570934853,0.6015123487396575,5.0,5.0,8.0,-0.466228087246418,1.0,-0.39999999999999997,-0.466228087246418,12.0
2025-10-31 01:00:00+00:00,109619.77,153908398.1543772,0.002767725228260076,0.015817955254802563,0.3041292309943895,53.123331114335585,-618.8411125046987,-912.2662529180888,0.008251969189348118,0.6649661869195806,6.0,7.0,7.0,-0.059247078107936044,0.8571428571428571,-0.2857142857142857,-0.22393942065536976,14.0
2025-10-31 02:00:00+00:00,108857.99,94589925.7506165,-0.006949293909301213,0.0049399535905987335,-0.38541413668837965,48.14316344194599,-543.4684799398965,-838.5066983224503,0.0021255884932611657,0.5451961345769486,0.0,2.0,0.0,0.16374367661774158,0.0,0.5,0.0,11.0
2025-10-31 03:00:00+00:00,109227.86,89451500.1649934,0.0033977294638638522,-0.0008173461433932383,-0.05432318024194671,50.56634317331963,-448.71717545248976,-760.5487937484584,0.0065214570449751985,0.6574601779577578,2.0,4.0,5.0,0.403637851588428,0.5,0.25,-0.09428692795336246,8.0
2025-10-31 04:00:00+00:00,110084.02,124423019.2464421,0.007838293270599594,0.004235093724425765,0.3909550875831449,55.72385166120956,-301.0705730711634,-668.6531496129994,0.01470554021897752,0.873042647042073,7.0,9.0,8.0,0.11129236055745019,0.7777777777777778,0.1111111111111111,0.11751692422798701,9.0
2025-10-31 05:00:00+00:00,109899.15,103155148.4865938,-0.001679353642790371,0.009564387510737404,-0.1709319616953151,54.403943290113254,-196.7094962986448,-574.2644189501285,0.013128747470304347,0.8393455824510726,10.0,14.0,10.0,0.18995401688984462,0.7142857142857143,0.3571428571428571,0.25899401009082795,19.0
2025-10-31 06:00:00+00:00,109650.0,58366252.8251619,-0.002267078498787267,0.003864764905217477,-0.43418962910273684,52.59579995718668,-132.57862992360606,-485.92726114482406,0.011044296589166613,0.7941493849374975,15.0,17.0,19.0,0.16243546850541057,0.8823529411764706,0.3529411764705882,0.09612248738606771,32.0
2025-10-31 07:00:00+00:00,109449.31,108901896.8619071,-0.0018302781577748117,-0.005765686972550643,0.8658367051269582,51.12192975317159,-96.83224025742675,-408.10825696734463,0.009318503066556127,0.7518877299263578,9.0,11.0,18.0,-0.02124170721931891,0.8181818181818182,0.36363636363636365,-0.05785551211900181,34.0
2025-10-31 08:00:00+00:00,110062.44,78929860.1684749,0.005601954000441056,0.001485816769283499,-0.27522052009285203,55.24796105163543,-18.81165302316367,-330.2489361785085,0.014189571464323647,0.8620705878075209,8.0,10.0,14.0,0.10526441130787134,0.8,0.30000000000000004,0.11521651805378497,32.0
2025-10-31 09:00:00+00:00,109848.39,69690862.4719661,-0.001944805148786477,0.0018093023255814078,-0.11705326319834164,53.5484927555539,25.454751824450796,-259.10819857791665,0.01118233083161857,0.7812495804814624,16.0,18.0,24.0,-0.094706146667401,0.8888888888888888,0.05555555555555558,-0.059011650271713734,33.0
2025-10-31 10:00:00+00:00,109819.2,41219739.2341157,-0.0002657298846164835,0.0033795553393620725,-0.40853452271886026,53.3076741193294,57.51777839366696,-195.78300318359993,0.010200542550265812,0.7505456188253044,14.0,14.0,19.0,0.08965930209628173,1.0,0.21428571428571427,0.08965930209628173,38.0
2025-10-31 11:00:00+00:00,110415.61,78254871.9159157,0.005430835409472978,0.0032088149236015884,0.8984805185557241,57.512072797089466,129.55977609440743,-130.71444732799847,0.014425139501749618,0.8440620812450562,16.0,18.0,27.0,0.02174424969901641,0.8888888888888888,-0.05555555555555558,-0.006219711969606578,46.0
2025-10-31 12:00:00+00:00,109653.19,99594155.8266295,-0.006905001928622201,-0.0017769946377912405,0.2726895257542905,51.169004368057934,123.70664294149901,-79.83022927409897,0.006722863120627309,0.6603164120551884,17.0,18.0,21.0,0.15410191545055973,0.9444444444444444,0.33333333333333337,0.14076557470595136,47.0
2025-10-31 13:00:00+00:00,110157.54,127887540.3887058,0.004599501391614691,0.0030808820315573193,0.28408679532691217,54.72621520443283,157.94414097905974,-32.27535522346723,0.010114835089018559,0.745701291061004,6.0,12.0,6.0,-0.07013371742020051,0.5,0.0,0.18654296547174454,39.0
2025-10-31 14:00:00+00:00,110790.14,274389675.6656416,0.005742684522548336,0.003392002272142536,1.1455544053130753,58.78206704186378,233.4322760115756,20.866171023541337,0.014077671322537899,0.8624446296743651,15.0,17.0,21.0,0.05062335532377748,0.8823529411764706,0.0,0.0764020062983036,38.0
2025-10-31 15:00:00+00:00,110202.9,172305156.1476863,-0.005300471684574148,0.005013169247515714,-0.3720421304858085,53.9503583852169,243.06984874632326,65.30690656809773,0.007012809834473277,0.7188952485395468,19.0,19.0,24.0,0.1622012252674291,1.0,0.21052631578947367,0.1622012252674291,40.0
2025-10-31 16:00:00+00:00,108845.4,133983100.2865911,-0.01231818763390069,-0.01191148604081027,-0.22240806205618469,44.785912617997056,139.56002853855898,80.15753096218998,-0.005997821531845471,0.28732071145472127,14.0,17.0,18.0,-0.08535917936002507,0.8235294117647058,0.05882352941176466,-0.08503384196332522,48.0
2025-10-31 17:00:00+00:00,109299.98,109931067.3592221,0.004176382281658286,-0.013450294403455021,-0.17951542303411006,47.973012821744234,93.13495540096483,82.75301584994496,-0.0024806521937839054,0.40046736368901115,9.0,10.0,10.0,-0.14722834676504135,0.9,-0.10000000000000003,-0.17836788131131065,42.0
2025-10-31 18:00:00+00:00,109452.35,88461724.9091816,0.0013940533200464955,-0.006810619321270028,-0.19529822611368874,49.03493389284134,67.8555396333395,79.77352060662388,-0.001791324300944086,0.4136363370062859,19.0,21.0,24.0,0.18664921394416265,0.9047619047619048,0.42857142857142855,0.20361339810647464,42.0
2025-10-31 19:00:00+00:00,109828.78,90551694.5722212,0.003439213502496763,0.009034649144566531,0.023625694221826032,51.65999659493706,77.30505104464828,79.27982669422876,0.0009543804573803882,0.5544313251432268,13.0,17.0,20.0,-0.03120976237251478,0.7647058823529411,0.11764705882352938,0.06381932803644584,41.0
2025-10-31 20:00:00+00:00,109493.85,58319172.159627,-0.003049564968307883,0.0017737423190746782,-0.35595714210391227,49.230289167103614,57.10948248034401,74.84575785145182,-0.0021784124374703007,0.37418732340715843,6.0,8.0,11.0,0.04276204342022538,0.75,0.0,0.03788088168948889,38.0
2025-10-31 21:00:00+00:00,109558.48,36350299.1893791,0.000590261462173336,0.0009696456951358012,-0.37670069990219157,49.72170028790671,45.79159277919098,69.03492483699965,-0.0015615535134024805,0.4099898179872655,8.0,11.0,12.0,-0.4032672386277806,0.7272727272727273,-0.45454545454545453,-0.363465815782547,27.0
2025-10-31 22:00:00+00:00,109580.09,31465744.9311292,0.0001972462560635435,-0.002264342734208613,-0.1343745269551202,49.89632879200306,38.12633340898901,62.85320655139753,-0.0016930935967800487,0.39293336602467394,2.0,2.0,4.0,0.666235089302063,1.0,1.0,0.666235089302063,16.0
2025-10-31 23:00:00+00:00,109608.01,19443414.3526563,0.0002547908109948871,0.0010426156354899074,-0.3820767823799128,50.13729476431702,33.913536655614735,57.06527257224097,-0.001611619021539501,0.3941777712983949,4.0,4.0,6.0,-0.37787074875086546,1.0,-0.25,-0.37787074875086546,14.0
2025-11-01 00:00:00+00:00,109730.78,34464648.8053712,0.0011200823735419974,0.001572676072176371,0.7725615563329671,51.2476032683013,40.02005160204135,53.65622837820105,-0.00033251712319237736,0.477874124963098,11.0,12.0,23.0,-0.06731296020249526,0.9166666666666666,0.08333333333333337,-0.08142312548377297,17.0
2025-11-01 01:00:00+00:00,109734.11,22621363.4692557,3.0347000176345063e-05,0.0014055473033467436,-0.34363574696486576,51.27929296426026,44.61393024552672,51.84776875166618,-0.00022702005081098875,0.4848557504206534,1.0,1.0,1.0,0.38656625151634216,1.0,1.0,0.38656625151634216,16.0
2025-11-01 02:00:00+00:00,109790.27,35343944.9513507,0.0005117825259621789,0.0016628346778670977,0.5624144406408584,51.84776111182216,52.18470205742051,51.91515541281705,0.0002207331136230284,0.5147517453160458,3.0,3.0,4.0,0.5595381160577139,1.0,0.6666666666666666,0.5595381160577139,15.0
2025-11-01 03:00:00+00:00,110226.37,53576137.9113539,0.003972118840767758,0.004516417362566694,0.5158505363535104,56.12849972656038,92.3101249635074,59.994149322955124,0.0038384081496403155,0.7535721862016189,4.0,4.0,6.0,-0.1009950889274478,1.0,-0.25,-0.1009950889274478,8.0
2025-11-01 04:00:00+00:00,110291.67,53649436.9845457,0.000592417222847974,0.005081008995288627,0.0013681290971938598,56.74853278843433,127.90457168522698,73.57623379540951,0.004328266931058478,0.7792515130664283,3.0,3.0,3.0,0.4815192222595215,1.0,0.6666666666666666,0.4815192222595215,10.0
2025-11-01 05:00:00+00:00,110140.79,25507277.1468772,-0.0013680090255230315,0.0031926326440401276,-0.5245564803555189,54.82065388667171,142.29834536538692,87.320656109405,0.002820829903309008,0.6795576342228915,7.0,7.0,8.0,-0.5499382317066193,1.0,-0.8571428571428571,-0.5499382317066193,14.0
2025-11-01 06:00:00+00:00,110004.82,29946862.4871795,-0.0012345108474343114,-0.0020099546052363415,0.17405171531002983,53.07089725272731,141.10727522458183,98.07797993244037,0.001498207535595375,0.5950138812919062,9.0,9.0,9.0,0.10434646407763164,1.0,0.22222222222222227,0.10434646407763164,19.0
2025-11-01 07:00:00+00:00,110071.4,31277798.5835992,0.0006052462064842778,-0.0019971589876189855,0.044443256684719046,53.8477024804879,143.8772655675566,107.23783705946362,0.002261401491268078,0.6491412126761592,7.0,9.0,10.0,0.35794540577464634,0.7777777777777778,0.5555555555555556,0.26429169944354464,23.0
2025-11-01 08:00:00+00:00,110248.88,34219616.457961,0.0016124079461150576,0.0009813802860867415,0.09405450535461823,55.941293948115074,158.56580768166168,117.50343118390323,0.0036052735118190515,0.7333430321944828,6.0,9.0,10.0,0.046671527127424874,0.6666666666666666,0.33333333333333337,-0.023352015763521194,22.0
2025-11-01 09:00:00+00:00,109991.29,38649487.8648992,-0.002336440968833564,-0.00012299461059994687,0.12945415131640425,52.23751240012473,147.71841694277828,123.54642833567826,0.0013361795624611261,0.5873901829827118,15.0,15.0,22.0,-0.19298519442478815,1.0,-0.2,-0.19298519442478815,28.0
2025-11-01 10:00:00+00:00,110147.83,30037078.4762703,0.0014232036009398374,0.0006943674742032613,-0.22283372599228013,54.221134313545846,150.02386958961142,128.8419165864649,0.0030545502362540056,0.7280995081017043,6.0,6.0,8.0,0.13742975456019244,1.0,0.33333333333333337,0.13742975456019244,27.0
2025-11-01 11:00:00+00:00,110137.59,21303237.3918733,-9.296597127705919e-05,-0.0010094433612387599,-0.29076866085018394,54.06296176791511,149.30359608396247,132.9342524859644,0.0029911263213002748,0.7253222531473874,4.0,4.0,7.0,0.2598453760147095,1.0,0.25,0.2598453760147095,25.0
2025-11-01 12:00:00+00:00,110017.27,31921919.588498,-0.0010924517233398268,0.00023620052096862132,0.4984539204672942,52.13835341244636,137.439637114192,133.83532941160993,0.0013610866386286613,0.6281540720542201,10.0,14.0,13.0,0.02231763888682638,0.7142857142857143,0.21428571428571427,-0.06372784040868282,20.0
2025-11-01 13:00:00+00:00,109946.27,30093941.0899177,-0.0006453532249982574,-0.0018299044111899088,-0.05726405310659799,50.98492790599847,120.91443123058707,131.25114977540537,0.00042060947290800677,0.5442360348193622,13.0,14.0,23.0,-0.13819850222872837,0.9285714285714286,-0.14285714285714285,-0.16292948891910222,27.0
2025-11-01 14:00:00+00:00,109933.85,37756719.14027,-0.00011296426881968191,-0.0018498679696913323,0.2546285987420751,50.773327839767354,105.59862113679992,126.12064404768428,8.851560512845857e-05,0.5101263962321203,14.0,14.0,16.0,0.07405466426696096,1.0,0.2857142857142857,0.07405466426696096,37.0
2025-11-01 15:00:00+00:00,110310.65,68247233.1954758,0.0034275157287768643,0.0026666722415489286,0.8075520000011251,56.651258576547555,122.45377139224729,125.38726951659689,0.0032964291866370843,0.8577786219950607,14.0,14.0,20.0,-0.037429574743977616,1.0,0.0,-0.037429574743977616,41.0
2025-11-01 16:00:00+00:00,110464.33,73995208.2148697,0.0013931565084603914,0.004711937931136667,0.08422282853475349,58.81144713477387,146.52326208933664,129.61446803114484,0.0042509669889072565,0.9592905225495516,8.0,9.0,11.0,-0.32794057577848434,0.8888888888888888,-0.33333333333333337,-0.38260293379426,36.0
2025-11-01 17:00:00+00:00,110208.97,32816808.8275473,-0.0023116964544119822,0.002502595879249059,-0.5565008921624657,53.99640373675433,143.34074611595133,132.35972364810613,0.0016332746101668238,0.6892259812015353,10.0,13.0,13.0,0.08858046508752383,0.7692307692307693,0.23076923076923078,0.3340217873454094,32.0
2025-11-01 18:00:00+00:00,110341.27,18681689.529649,0.0012004467512944927,0.00027757972598307923,-0.4307280263653456,56.006064757034814,149.76765529789554,135.84130997806403,0.002488922211525413,0.8072015155864541,3.0,3.0,4.0,0.32451455295085907,1.0,0.6666666666666666,0.32451455295085907,21.0
2025-11-01 19:00:00+00:00,110299.99,12127241.9830933,-0.00037411206160664623,-0.0014877200631190357,-0.35084875680828465,55.19584663516318,149.80323764501372,138.633695511454,0.0017989695365894232,0.7455601904357029,3.0,3.0,4.0,0.3080164852241675,1.0,0.3333333333333333,0.3080164852241675,16.0
2025-11-01 20:00:00+00:00,110406.2,23320362.7614458,0.0009629193982700901,0.0017896002476023298,0.9229733185795199,56.92258650574647,156.5965487415233,142.22626615746788,0.0024561429409832858,0.8503260365263625,4.0,5.0,6.0,0.05174548029899597,0.8,0.19999999999999996,-0.09510410577058792,10.0
2025-11-01 21:00:00+00:00,109862.85,30094091.6987368,-0.00492137216931654,-0.00433582103958019,0.2904641324229147,46.95311762756456,116.79020787708578,137.13905450139146,-0.002535614710476586,0.11496785553356607,4.0,4.0,4.0,0.2236745348200202,1.0,0.5,0.2236745348200202,11.0
2025-11-01 22:00:00+00:00,110092.78,28539147.3386008,0.002092882170815713,-0.001878603978114679,-0.051669423211110566,50.87413074780017,102.61395554307092,130.23403470972735,-0.0005852860156866369,0.4011437906013726,3.0,5.0,7.0,-0.09370869994163514,0.6,-0.39999999999999997,-0.012491077184677124,11.0
2025-11-01 23:00:00+00:00,110098.1,14197962.5360387,4.832287821243675e-05,-0.0027906041508537482,-0.5025092246944898,50.96444373623368,90.76220279658446,122.33966832709879,-0.0004787979828386746,0.41897436751950207,1.0,1.0,1.0,-0.9552450776100159,1.0,-1.0,-0.9552450776100159,8.0
2025-11-02 00:00:00+00:00,109974.09,35007028.3041948,-0.0011263591288134256,0.0010125351745380318,1.4656374613847887,48.71620130437826,70.54977881802188,111.98169042528342,-0.001460671511927858,0.2543221643778643,2.0,2.0,3.0,-0.37695610523223877,1.0,0.0,-0.37695610523223877,6.0
2025-11-02 01:00:00+00:00,109978.01,17564068.847,3.5644759597497355e-05,-0.0010424843482016444,-0.49827021321614595,48.793099895058894,54.22255457479332,100.4298632551854,-0.0013512784378723053,0.27751778486902895,5.0,6.0,6.0,0.49326921502749127,0.8333333333333334,0.6666666666666667,0.44691168069839476,8.0
2025-11-02 02:00:00+00:00,110015.77,25650665.7432125,0.00034334136433278317,-0.0007477876548278584,0.460405670613943,49.57742091009418,43.82484265118546,89.10885913438543,-0.00101336752622605,0.33276964905690587,2.0,2.0,3.0,-0.2138009127229452,1.0,-0.5,-0.2138009127229452,9.0
2025-11-02 03:00:00+00:00,110053.23,15984748.3135097,0.0003404966397089204,0.0007196240496283313,-0.3768291055861006,50.38924451915741,38.16732085745025,78.92055147899839,-0.000664971881734977,0.39049498503266816,0.0,0.0,0.0,0.0,0.0,0.0,0.0,7.0
2025-11-02 04:00:00+00:00,110670.27,152153598.7716642,0.005606741392324421,0.006294531061254993,8.518673412146864,61.41059734980347,82.52239841670962,79.64092086654064,0.004745812254047799,1.141163452434515,1.0,1.0,1.0,0.004136551171541214,1.0,0.0,0.004136551171541214,3.0
2025-11-02 05:00:00+00:00,110497.98,139395098.4656787,-0.0015567866600488811,0.0043830988957309636,-0.08385276726271917,57.565122839233425,102.58916974185559,84.23057064160363,0.0029509534856881903,0.8796961066989236,5.0,5.0,9.0,0.4695771485567093,1.0,1.0,0.4695771485567093,6.0
2025-11-02 06:00:00+00:00,110663.89,95880032.8342349,0.001501475411586739,0.0055487694454765535,-0.31217070119691404,60.1527524863939,130.37687753513455,93.45983202030982,0.0042216662727720955,0.9863786909678222,6.0,7.0,14.0,0.1810565683990717,0.8571428571428571,0.2857142857142857,0.33519788676251966,12.0
2025-11-02 07:00:00+00:00,110895.53,101821303.5715531,0.0020931850488898895,0.002035415654086714,0.06196567274429232,63.499363832475716,169.14050184571533,108.59596598539093,0.005977735246013749,1.0830349521205913,3.0,3.0,3.0,0.20887263615926108,1.0,0.3333333333333333,0.20887263615926108,14.0
2025-11-02 08:00:00+00:00,110850.17,57478433.6984645,-0.0004090336192992261,0.00318729808454421,-0.43549697673952326,62.39427830730042,193.96487414778676,125.6697476178701,0.0051865187148032454,0.9650829835861073,4.0,8.0,4.0,-0.21843516011722386,0.5,-0.25,0.23637930443510413,13.0
2025-11-02 09:00:00+00:00,110714.0,62755362.5897907,-0.001228414895529717,0.00045281256605034237,0.09180711010688469,59.07080293312186,200.34117866767338,140.60403382783076,0.0036023908696274365,0.8189327695050909,4.0,7.0,6.0,0.18756084463426045,0.5714285714285714,0.0,0.4784673471003771,11.0
2025-11-02 10:00:00+00:00,110492.0,79208263.6352306,-0.0020051664649457512,-0.003638830167455809,0.2621752208331041,54.01895681943576,185.34436678247584,149.55210041875978,0.0013366864198329775,0.6225912889680472,5.0,5.0,11.0,0.05598504543304443,1.0,0.2,0.05598504543304443,13.0
2025-11-02 11:00:00+00:00,111196.99,69601576.5951837,0.006380461933895631,0.0031287277231961674,-0.12128389891599634,64.42409516834267,227.72105984354857,165.18589230371754,0.0073211127057875025,1.0719451761330117,13.0,14.0,28.0,0.06701122011457171,0.9285714285714286,0.14285714285714285,0.14567558123515204,22.0
2025-11-02 12:00:00+00:00,110736.24,51117924.8300851,-0.00414354741077072,0.0002008779377495884,-0.2655636936588823,55.57294829254796,221.57207509262662,176.46312886149937,0.0030236974024930863,0.731150556101289,7.0,8.0,12.0,0.11993732606060803,0.875,0.375,0.1404038207339389,25.0
2025-11-02 13:00:00+00:00,110568.65,46422542.2961587,-0.0015134160235168448,0.0006937153821091613,-0.09185393478967996,52.73491856664439,200.86045370552165,181.34259383030385,0.0013425915802578459,0.6029744631671905,10.0,11.0,13.0,-0.033526923168789254,0.9090909090909091,0.0,-0.10084277838468551,30.0
2025-11-02 14:00:00+00:00,110422.24,46453720.0953801,-0.0013241547219757788,-0.006967364854030711,0.0006716090433500632,50.317351139496296,170.66496169334278,179.20706740291166,-2.0004627779623974e-05,0.49846366925286967,6.0,6.0,8.0,-0.07490512728691101,1.0,-0.16666666666666666,-0.07490512728691101,23.0
2025-11-02 15:00:00+00:00,110117.48,42798387.5779694,-0.0027599512561963246,-0.005587691978705567,-0.07868761661941093,45.628284896631236,120.75128605194914,167.51591113271917,-0.0026974833796508113,0.2958753520172752,7.0,8.0,12.0,-0.21012989431619644,0.875,-0.25,-0.12364151648112706,23.0
2025-11-02 16:00:00+00:00,110115.34,67542123.7773229,-1.9433790166667464e-05,-0.00409980586721459,0.5781464583046678,45.59615293119645,80.09833464001713,150.03239583417877,-0.0025854934965789944,0.3074505182859653,3.0,7.0,6.0,-0.006431173533201218,0.42857142857142855,-0.14285714285714285,-0.11597437659899394,16.0
2025-11-02 17:00:00+00:00,110190.4,23775836.3223531,0.0006816488965115663,-0.0020995770417264747,-0.6479850648354091,47.00580178470458,53.32262245527818,130.69044115839867,-0.0020536482201436446,0.33954592705580966,5.0,5.0,6.0,0.2609901040792465,1.0,0.39999999999999997,0.2609901040792465,15.0
2025-11-02 18:00:00+00:00,110331.0,15178723.9290055,0.001275973224527771,0.0019390200356927956,-0.3615903254374667,49.638156404697064,42.95278957601113,113.14291084192116,-0.0008880723245071609,0.42916392783561064,5.0,5.0,6.0,0.5185267440974712,1.0,0.6,0.5185267440974712,13.0
2025-11-02 19:00:00+00:00,110180.84,23963679.642574,-0.0013609955497548842,0.0005948308382828227,0.5787677379638649,46.9555519486208,22.360210658342112,94.98637080520535,-0.002285236561908599,0.3158495942284293,6.0,6.0,10.0,0.0803575807561477,1.0,0.0,0.0803575807561477,16.0
2025-11-02 20:00:00+00:00,110086.7,22913771.9882375,-0.0008544135259814789,-0.0009410983170947684,-0.04381245576623505,45.30256873139737,-1.5381370481918566,75.68146923452592,-0.003188520552731555,0.23789713402408696,3.0,3.0,3.0,0.014826086660226187,1.0,-0.3333333333333333,0.014826086660226187,14.0
2025-11-02 21:00:00+00:00,109990.9,21634882.9156283,-0.000870223196807629,-0.0030825425311109544,-0.0558131185588171,43.61973758568027,-27.886550356153748,54.96786531638999,-0.0040617811306086216,0.1652406476257054,6.0,9.0,9.0,-0.03476662147376272,0.6666666666666666,0.1111111111111111,-0.13661852354804674,15.0
2025-11-02 22:00:00+00:00,109899.99,50366030.3333199,-0.0008265229214415859,-0.0025489912765230827,1.3280010587409836,42.02440895440928,-55.464178442402044,32.88145656463159,-0.004832782372249267,0.11120293455793145,1.0,1.0,3.0,0.7105117440223694,1.0,1.0,0.7105117440223694,10.0
2025-11-02 23:00:00+00:00,110540.68,72202726.0637494,0.0058297548525707565,0.0041238405729302485,0.4335599924376674,54.620772368714604,-25.329338014911627,21.23929764872295,0.0007479354302826202,0.5621299325544552,6.0,6.0,15.0,-0.007929270466168722,1.0,0.0,-0.007929270466168722,13.0
2025-11-03 00:00:00+00:00,109757.11,49541362.9148496,-0.007088521619371235,-0.0021255394764475577,-0.31385744533927395,42.467978669963905,-63.93777542338648,4.2038830343010645,-0.005934989742298669,0.0469223423334244,4.0,4.0,5.0,0.2678879629820585,1.0,0.75,0.2678879629820585,11.0
2025-11-03 01:00:00+00:00,109665.5,99232812.9444766,-0.0008346611896030698,-0.002133667164119002,1.0030295314046036,41.31071902505496,-100.76583578131977,-16.790060728823104,-0.006390119595283461,0.05434693246295408,1.0,2.0,2.0,0.3185085002332926,0.5,0.5,0.6444622278213501,11.0
2025-11-03 02:00:00+00:00,109033.83,118715922.0306217,-0.005759970090867261,-0.013631633168893043,0.19633736571638272,34.3583399679833,-178.86103024089243,-49.20425463123697,-0.011383241469085759,-0.14749119858488668,0.0,1.0,0.0,-0.8158102631568909,0.0,-1.0,0.0,5.0
2025-11-03 03:00:00+00:00,107937.45,165113665.854759,-0.010055411242547385,-0.01657897151264276,0.3908300001424361,26.136433240870872,-325.4689343873906,-104.4571905824677,-0.02000996891490625,-0.302603904336785,2.0,3.0,6.0,-0.22212312618891397,0.6666666666666666,-0.3333333333333333,0.10827276110649109,3.0
2025-11-03 04:00:00+00:00,107900.37,114068217.1472923,-0.00034353229578798494,-0.016095581563937644,-0.30915338499218137,25.91060346412145,-439.58157798492175,-171.48206806295855,-0.01903301706711691,-0.13679872242051344,10.0,10.0,18.0,-0.21771314442157746,1.0,-0.19999999999999996,-0.21771314442157746,12.0
2025-11-03 05:00:00+00:00,107606.75,87826084.5482055,-0.0027212140236404503,-0.013088414852527874,-0.23005648072154272,24.132458954367493,-547.3992722224793,-246.66550889486274,-0.020318672711940988,-0.08476805558476709,7.0,8.0,14.0,-0.17969916574656963,0.875,-0.25,-0.2038972665156637,19.0
2025-11-03 06:00:00+00:00,107494.23,119831450.4826681,-0.0010456593104057887,-0.004106267101918748,0.36441754290999584,23.46781217977393,-634.6096107593476,-324.2543292677597,-0.020005760031592046,-0.01351335776449203,9.0,13.0,16.0,-0.17232058770381486,0.6923076923076923,-0.15384615384615385,-0.12959943463404974,26.0
2025-11-03 07:00:00+00:00,107468.23,94051612.1768599,-0.00024187344753290319,-0.004004990900401961,-0.2151341588703951,23.308068414308337,-697.7788547895616,-398.95923437212014,-0.018574663933796032,0.04323584681217531,8.0,8.0,8.0,-0.049574803095310926,1.0,0.0,-0.049574803095310926,24.0
2025-11-03 08:00:00+00:00,107586.97,110848965.025473,0.00110488467149783,-0.00018381746498241647,0.17859718148186987,25.792391800280328,-729.8463952144812,-465.1366665405924,-0.01607542450169941,0.11777456871018356,12.0,14.0,19.0,-0.033323120192757676,0.8571428571428571,0.0,0.04669470355535547,29.0
2025-11-03 09:00:00+00:00,107197.94,72616822.2598982,-0.003615958326552038,-0.002756333991136062,-0.34490301967897563,23.146814724179322,-777.686930929558,-527.6467194183856,-0.018119860787421227,0.08913363094250291,10.0,12.0,14.0,-0.26233520296712715,0.8333333333333334,-0.33333333333333337,-0.36252218410372733,30.0
2025-11-03 10:00:00+00:00,106974.99,105864709.1842353,-0.002079797428943153,-0.0045896354671514095,0.4578537849720514,21.76874479451304,-824.0914881886129,-586.935673172431,-0.018612602024506764,0.09697461601308581,17.0,18.0,20.0,0.025808413616485067,0.9444444444444444,0.05555555555555558,0.041914828340796864,39.0
2025-11-03 11:00:00+00:00,107787.42,83191477.5804592,0.007594578882409664,0.0018631438360983132,-0.21417176487320333,36.58490946569068,-786.2477482840186,-626.7980881947486,-0.01010137708213854,0.2813945748581413,21.0,22.0,34.0,-0.11868681267581203,0.9545454545454546,-0.09090909090909088,-0.08383494455899511,48.0
2025-11-03 12:00:00+00:00,107768.9,80203947.6016683,-0.0001718196798847771,0.005326221753888083,-0.03591149076420119,36.415599440280374,-749.1153851304553,-651.26154758189,-0.009203915674917962,0.2993361136380499,23.0,25.0,28.0,-0.07458189405500888,0.92,0.03999999999999998,-0.08818305680609267,61.0
2025-11-03 13:00:00+00:00,107908.68,69801401.7759802,0.0012970346732683602,0.008728114861239922,-0.12970116978969892,38.720665967747244,-700.3356090399902,-661.0763598735101,-0.00687715839589198,0.34638154052957987,11.0,19.0,12.0,-0.15452111316354653,0.5789473684210527,-0.10526315789473684,-0.19403569569641893,55.0
2025-11-03 14:00:00+00:00,108059.99,99181144.2314262,0.0014022041600361135,0.002528773765992476,0.4209047627687621,41.205387336798395,-642.0664897777751,-657.2743858543631,-0.004444195243252236,0.39595289276749907,18.0,23.0,26.0,0.18907179683446884,0.782608695652174,0.21739130434782608,0.19519143634372288,52.0
2025-11-03 15:00:00+00:00,105745.71,409666876.4509869,-0.021416622377995798,-0.018773412366647424,3.1304915326958014,24.705288577908135,-773.7119776517793,-680.5619042138464,-0.023771162603329676,-0.01687700153677643,18.0,20.0,24.0,-0.24696907885372638,0.9,-0.35000000000000003,-0.27162517979741096,47.0
2025-11-03 16:00:00+00:00,106678.44,384513328.4679647,0.008820499668497073,-0.011400751079523874,-0.061400004317975654,35.85404757008273,-793.6299869245704,-703.1755207559912,-0.013608518019993743,0.1996679745326383,13.0,18.0,25.0,0.07919357675645086,0.7222222222222222,0.1111111111111111,-0.06192199083474966,49.0
2025-11-03 17:00:00+00:00,107481.19,167686322.4360036,0.007524950683568399,-0.005356284041854953,-0.5638998442417473,43.594910837878636,-736.1540114325908,-709.7712188913112,-0.005031519707223264,0.3825336802560397,12.0,13.0,30.0,-0.04438387946440624,0.9230769230769231,0.15384615384615385,0.019273916259407997,43.0
2025-11-03 18:00:00+00:00,106961.62,177088525.7484338,-0.004834055149556926,0.011498433364341532,0.056070186141857103,40.21247635581194,-724.1809364866494,-712.6531624103789,-0.008492757546038288,0.29066891190929817,8.0,12.0,13.0,0.3015506987770398,0.6666666666666666,0.3333333333333333,0.43041531927883625,33.0
2025-11-03 19:00:00+00:00,107090.0,101721104.1936393,0.001200243601396478,0.003857949178859288,-0.4255917837492137,41.42186838662218,-696.3064084066718,-709.3838116096375,-0.005712496917281595,0.33256441125024766,8.0,9.0,10.0,-0.00934949310289489,0.8888888888888888,0.22222222222222227,-0.055111346300691366,28.0
2025-11-03 20:00:00+00:00,106657.55,90740398.5968013,-0.0040381921748061655,-0.007663108307602418,-0.10794913881326729,38.59011260308603,-701.0297108122904,-707.7129914501681,-0.008300656526368466,0.22616977770180233,11.0,15.0,17.0,-0.039403343573212624,0.7333333333333333,-0.06666666666666671,-0.02886606939136982,27.0
2025-11-03 21:00:00+00:00,106888.71,84343098.9854117,0.002167310237296771,-0.0006816463699782505,-0.0705011186893233,40.915323973617674,-678.301247331663,-701.8306426264671,-0.004866692585381194,0.3036987957832071,5.0,12.0,5.0,0.06316258292645216,0.4166666666666667,0.08333333333333331,0.4966427803039551,24.0
2025-11-03 22:00:00+00:00,106489.95,122372162.9008856,-0.0037306091541380315,-0.005603230927257452,0.4508853050568078,38.22644281346993,-684.5740323843638,-698.3793205780464,-0.00740373788960802,0.1583764934999464,7.0,7.0,15.0,-0.09306193249566215,1.0,0.0,-0.09306193249566215,23.0
2025-11-03 23:00:00+00:00,106583.04,67785238.4625676,0.0008741669988576728,-0.000698590957695977,-0.44607305406974185,39.23047487868183,-674.2612111876515,-693.5556986999675,-0.005908547649936313,0.22700016217820176,3.0,3.0,7.0,0.7640489141146342,1.0,1.0,0.7640489141146342,15.0
2025-11-04 00:00:00+00:00,106471.45,127156893.0888427,-0.0010469770800307643,-0.0039036863668764354,0.8758788192367482,38.42424798790601,-667.3992434559041,-688.3244076511548,-0.0062871570930064236,0.20938562757060994,7.0,7.0,15.0,-0.30438173402632984,1.0,-0.42857142857142855,-0.30438173402632984,17.0
2025-11-04 01:00:00+00:00,107040.01,121231340.0576302,0.005340023076608746,0.005165370065438157,-0.0466003288321335,44.66412724993761,-609.0621548517665,-672.4719570912773,-0.0007164238952692692,0.46634201093920474,3.0,3.0,4.0,0.014603433509667715,1.0,0.3333333333333333,0.014603433509667715,13.0
2025-11-04 02:00:00+00:00,106482.6,74966346.2019973,-0.0052074920396587565,-0.0009423638132294299,-0.381625690466176,40.3473053281051,-600.8813343801303,-658.1538325490479,-0.005450549905028579,0.24806080711237435,5.0,5.0,8.0,0.217822128534317,1.0,0.39999999999999997,0.217822128534317,15.0
2025-11-04 03:00:00+00:00,107158.79,113069351.4733894,0.0063502393818331004,0.006455627306662937,0.5082681389956409,47.034952040221846,-533.6831264963112,-633.2596913385007,0.0010097318609252337,0.5472249035663223,11.0,12.0,16.0,-0.15589014207944274,0.9166666666666666,-0.25,-0.09954477457160299,19.0
2025-11-04 04:00:00+00:00,106750.14,79784834.7637385,-0.0038134995738566824,-0.0027080528112805036,-0.29437257997791144,43.83645382227812,-507.5519593338104,-608.1181449375626,-0.0024177064373064328,0.3849092668400227,7.0,8.0,12.0,-0.7930603493005037,0.875,-0.875,-0.7791306993791035,23.0
2025-11-04 05:00:00+00:00,104215.76,343766048.2736002,-0.02374123350095847,-0.021288360727480415,3.3086640373646405,30.1450857938801,-683.467518288162,-623.1880196076825,-0.024742590865389213,-0.30047482878166104,10.0,10.0,16.0,0.024478670209646225,1.0,0.2,0.024478670209646225,28.0
2025-11-04 06:00:00+00:00,104766.14,249454222.8965735,0.005281159010882774,-0.02232807966569983,-0.2743488656039842,34.90025843747691,-769.5993377733248,-652.4702832408109,-0.018577774434118233,-0.02607849899167762,7.0,10.0,11.0,0.10100135188549757,0.7,0.39999999999999997,0.044210465624928474,24.0
2025-11-04 07:00:00+00:00,104490.72,170881497.1157101,-0.0026289028115381585,-0.021165499174052638,-0.31497853541425325,33.66525340597306,-850.2819959138724,-692.0326257754232,-0.019644039228435717,-0.007886280644216308,10.0,11.0,14.0,-0.013324143534356897,0.9090909090909091,-0.18181818181818177,-0.0961457572877407,27.0
2025-11-04 08:00:00+00:00,104051.9,187949961.5198455,-0.004199607390972249,-0.0015723149742419285,0.0998848014105218,31.738182228398315,-938.8106654437725,-741.388233709093,-0.02205592056577399,-0.018924192530640312,15.0,16.0,26.0,-0.13820123486220837,0.9375,0.125,-0.1833176553249359,32.0
2025-11-04 09:00:00+00:00,103857.96,151236916.9184321,-0.0018638775457247014,-0.008668640459598809,-0.19533414268636018,30.896419517692934,-1012.94303427267,-795.6991938218084,-0.022017040769681362,0.013885779551956341,20.0,20.0,29.0,-0.08915291111916304,1.0,0.04999999999999999,-0.08915291111916304,45.0
2025-11-04 10:00:00+00:00,103816.39,111391528.7603062,-0.00040025819879385693,-0.006453491755057272,-0.26346337236969763,30.708417553155797,-1062.796565015844,-849.1186680606155,-0.020451346180130003,0.059072254277443996,14.0,14.0,20.0,0.1693719755858183,1.0,0.4285714285714286,0.1693719755858183,49.0
2025-11-04 11:00:00+00:00,104584.76,103067238.9378286,0.007401239823499939,0.005121098221176235,-0.07473000788408168,38.194527849171905,-1028.4494843728753,-884.9848313230675,-0.012660704861332528,0.23510756904906907,19.0,19.0,29.0,-0.055066199385021865,1.0,0.15789473684210525,-0.055066199385021865,53.0
2025-11-04 12:00:00+00:00,103952.54,126729264.0925043,-0.00604504901096492,0.0009106668376692717,0.22957852949712665,34.85753744265165,-1040.2526606853935,-916.0383971955328,-0.01736486079188848,0.15281547479587854,16.0,17.0,25.0,-0.16577238983967724,0.9411764705882353,-0.23529411764705882,-0.1744909097906202,49.0
2025-11-04 13:00:00+00:00,103924.25,105783943.4043208,-0.00027214342237324995,0.001038949630207675,-0.16527611706870438,34.7113953624137,-1039.9021844551899,-940.8111546474643,-0.015978000319169072,0.18101321000908244,32.0,35.0,44.0,-0.2819839164082493,0.9142857142857143,-0.19999999999999996,-0.27815728954738006,67.0
2025-11-04 14:00:00+00:00,104500.01,302284273.3269402,0.005540189128139028,-0.000810347511434717,1.8575629117130568,40.20591850589328,-981.8472850217804,-949.0183807223275,-0.009371848579306952,0.31069542616707063,21.0,22.0,24.0,-0.26742544981905003,0.9545454545454546,-0.3636363636363636,-0.27904913139839965,69.0
2025-11-04 15:00:00+00:00,103197.01,236586744.2044231,-0.012468898328335087,-0.007268028275211003,-0.21733690740656197,33.36294826160744,-1029.1165542973467,-965.0380154373313,-0.019915420808847117,0.10936682497967061,24.0,25.0,34.0,-0.1025225554406643,0.96,0.0,-0.11471810859317581,77.0
2025-11-04 16:00:00+00:00,102257.7,340634523.356896,-0.009102104799354138,-0.016036199443344556,0.43978701977727996,29.469165525743193,-1129.3537703474722,-997.9011664193595,-0.026802936290851842,0.016514580202802758,15.0,19.0,27.0,-0.18482738341155805,0.7894736842105263,-0.10526315789473684,-0.2602967118223508,60.0
2025-11-04 17:00:00+00:00,101114.83,428470955.4694176,-0.011176371070344748,-0.0323940638857354,0.25786121514316385,25.560338405766274,-1286.1861900978693,-1055.5581711550615,-0.03502845902594298,-0.06300907110704389,9.0,14.0,13.0,-0.31661377168659655,0.6428571428571429,-0.2857142857142857,-0.1924078950865401,48.0
2025-11-04 18:00:00+00:00,101363.98,413018514.7446623,0.002464030251546623,-0.01776243323328841,-0.036064149804100776,27.80842925620773,-1374.5279868812504,-1119.3521343002994,-0.030278860701612453,0.04548707693763378,21.0,23.0,25.0,-0.32015062091143237,0.9130434782608695,-0.4347826086956522,-0.3272132383925574,45.0
2025-11-04 19:00:00+00:00,100542.64,183434047.2840239,-0.008102878359748655,-0.016771939912593403,-0.5558696747591881,25.11565054368151,-1493.5975087271363,-1194.2012091856668,-0.03534918727712533,0.009273663584945524,15.0,16.0,27.0,-0.458597794175148,0.9375,-0.5,-0.4895177940527598,45.0
2025-11-04 20:00:00+00:00,100755.43,434923219.2764294,0.002116415483022882,-0.003554374763820589,1.3710059594498674,27.085579479106357,-1552.889840558215,-1265.9389354601765,-0.030649527562598866,0.09101007384614151,20.0,20.0,30.0,-0.17262961640954017,1.0,-0.04999999999999999,-0.17262961640954017,56.0
2025-11-04 21:00:00+00:00,100311.46,409707603.0308254,-0.004406412637016022,-0.010383570179466006,-0.0579771672976086,25.573953119366777,-1617.0636066303414,-1336.1638696942096,-0.03178706076802906,0.0808041777972443,18.0,24.0,24.0,-0.00535708898678422,0.75,0.08333333333333331,-0.0065131597220897675,53.0
2025-11-04 22:00:00+00:00,101295.71,228253667.6440861,0.009811939732509156,0.0074900559603368055,-0.44288642447547444,34.32469556240214,-1570.3984534773772,-1383.0107864508432,-0.019833450555121868,0.23151733712648437,15.0,15.0,25.0,-0.18370353827873867,1.0,-0.26666666666666666,-0.18370353827873867,53.0
2025-11-04 23:00:00+00:00,101497.22,153914699.3699897,0.0019893241283366336,0.007362283104741962,-0.3256857558583133,35.984217027106254,-1499.8662855828734,-1406.3818862772491,-0.01518602905605837,0.274332515453236,9.0,10.0,13.0,-0.1431949518620968,0.9,-0.2,-0.24190753946701685,42.0
2025-11-05 00:00:00+00:00,100564.3,146570803.5415943,-0.009191581798989157,0.002520549496538127,-0.04771406407871215,31.958035612369798,-1501.9345154594484,-1425.4924121136892,-0.021300932759305113,0.15684419043212758,7.0,7.0,11.0,-0.19734517112374306,1.0,-0.2857142857142857,-0.19734517112374306,31.0
2025-11-05 01:00:00+00:00,100761.62,301950510.3594039,0.0019621277133137216,-0.005272582619737953,1.0600999862412266,33.64902156720112,-1470.6982338475354,-1434.5335764604586,-0.017729603000832705,0.21824409803118414,7.0,8.0,10.0,0.023351315408945084,0.875,0.0,0.12972297413008554,23.0
2025-11-05 02:00:00+00:00,101677.93,375285834.3577896,0.009093839499603185,0.0017804428535086458,0.24287199882886945,40.98385111673306,-1356.3693153897912,-1418.9007242463254,-0.007302721953636793,0.378841288839107,4.0,6.0,7.0,-0.2495987812678019,0.6666666666666666,-0.16666666666666666,-0.38746343553066254,18.0
2025-11-05 03:00:00+00:00,102130.0,289059113.4883361,0.004446097594630549,0.015569143324221324,-0.22976279138542377,44.25782029306517,-1215.275612149242,-1378.1757018269086,-0.0017386930168292736,0.46973728229240347,2.0,6.0,3.0,0.4543016056219737,0.3333333333333333,0.8333333333333334,0.47471505403518677,13.0
2025-11-05 04:00:00+00:00,101998.3,209940730.2126122,-0.0012895329482032203,0.012273323910433342,-0.2737100460903351,43.500700257362844,-1101.3888006399793,-1322.8183215895228,-0.0020243783677469374,0.4634386621440375,13.0,15.0,17.0,-0.13019646406173707,0.8666666666666667,-0.13333333333333336,-0.1504737572887769,19.0
2025-11-05 05:00:00+00:00,101824.89,110963237.7741557,-0.0017001263746553308,0.0014453480711105193,-0.4714544544939876,42.47046876995204,-1013.4430787949386,-1260.943273030606,-0.0027291754703314686,0.44894497287724144,14.0,14.0,18.0,-0.23061089324099676,1.0,-0.07142857142857145,-0.23061089324099676,29.0
2025-11-05 06:00:00+00:00,102119.99,88544235.2188171,0.002898112632383043,-9.801233721717928e-05,-0.20203990983904208,44.86354834004411,-909.4497858531686,-1190.6445755951186,0.000992577554032259,0.5193705377776638,13.0,15.0,23.0,-0.37999778588612876,0.8666666666666667,-0.3333333333333333,-0.3020858122752263,40.0
2025-11-05 07:00:00+00:00,101993.02,65649031.6261509,-0.0012433412890071605,-5.1765568641837234e-05,-0.2585736218296524,44.01517822387022,-827.7381200343661,-1118.0632844829681,0.0010195247351261205,0.5222523763250265,9.0,13.0,17.0,-0.01620648056268692,0.6923076923076923,0.1538461538461538,-0.08799955000480016,36.0
2025-11-05 08:00:00+00:00,101699.74,119846849.0242783,-0.0028754908914354615,-0.0012290708097008052,0.8255691829053275,42.03776527112979,-777.6816511445941,-1049.9869578152934,-0.0007542163354866682,0.48201259598120644,7.0,9.0,12.0,-0.04431511171989971,0.7777777777777778,-0.22222222222222227,0.0010874441691807338,29.0
2025-11-05 09:00:00+00:00,101995.29,80013947.6478345,0.0029061037914157595,-0.0012211125363409403,-0.3323650283736249,44.73239297343004,-706.0245128276001,-981.1944688177548,0.0031002786598650633,0.5830407559157482,22.0,22.0,30.0,0.23834198103709656,1.0,0.36363636363636365,0.23834198103709656,38.0
2025-11-05 10:00:00+00:00,101401.97,73703110.3386378,-0.005817131359693084,-0.005795004403242543,-0.07887171542857241,40.64707678809944,-689.1673872193787,-922.7890524980796,-0.0012133101815661185,0.45568639040950004,25.0,30.0,43.0,0.14988216534256935,0.8333333333333334,0.23333333333333334,0.21076026916503907,54.0
2025-11-05 11:00:00+00:00,102070.61,90349664.262281,0.006593954732832197,0.0036467153210026915,0.22585958512685034,46.569271569617385,-614.7676747090154,-861.1847769402668,0.005930673400925013,0.7525388089274702,19.0,20.0,24.0,-0.0494664266705513,0.95,0.10000000000000003,-0.002577105635090878,66.0
2025-11-05 12:00:00+00:00,102673.35,127120430.5967444,0.005905127832585677,0.006647954037877657,0.4069828774096993,51.28774141258153,-501.389578870876,-789.2257373263888,0.011663617126379089,0.9703362889473773,10.0,11.0,17.0,0.18133514137430626,0.9090909090909091,0.18181818181818182,0.19932239782065153,54.0
2025-11-05 13:00:00+00:00,102985.91,149133124.362681,0.0030442174137690348,0.015620406585789226,0.1731640906391041,53.57718339950693,-381.9131837968889,-707.7632266204888,0.013808803442711959,0.9999305516484999,28.0,30.0,37.0,-0.11056286444266637,0.9333333333333333,-0.13333333333333336,-0.11433843842574529,57.0
2025-11-05 14:00:00+00:00,103202.3,185347567.5969297,0.002101161217102465,0.01108732474509555,0.24283299494334853,55.14882555261889,-266.69215422273555,-619.5490121409382,0.015020553118008761,0.9879362391353754,19.0,22.0,29.0,-0.08964345214719122,0.8636363636363636,-0.04545454545454544,-0.0637965333697043,57.0
2025-11-05 15:00:00+00:00,103728.3,191425685.2277939,0.005096785633653456,0.01027481814901332,0.03279308010171533,58.800154883138575,-131.4199270153622,-521.923195115823,0.018598171283374265,1.0528167584201553,29.0,31.0,47.0,-0.05951504974115279,0.9354838709677419,0.0,-0.08108419732287012,76.0
2025-11-05 16:00:00+00:00,103919.2,173897697.5666697,0.0018403849287031981,0.009062307649658097,-0.09156549519603985,60.070653668665976,-8.711259807125316,-419.2808080540834,0.018890050264501745,1.0170858814811692,15.0,16.0,16.0,-0.028635635040700436,0.9375,0.0,-0.08851989805698394,63.0
2025-11-05 17:00:00+00:00,103904.05,186212145.7264574,-0.00014578634169615245,0.006799751555924605,0.0708143255034559,59.91275105433323,86.31873598060338,-318.16089924714606,0.016950454764180556,0.9623860430068585,16.0,21.0,27.0,-0.040937962187897595,0.7619047619047619,0.14285714285714285,-0.07251539337448776,60.0
2025-11-05 18:00:00+00:00,104347.4,127253227.5386575,0.004266917410822746,0.0059684772622321525,-0.3166223017182218,62.97956378770208,195.15569865211728,-215.4975796672934,0.019766773088113254,0.993076597460004,9.0,15.0,13.0,0.1292030488451322,0.6,0.6000000000000001,0.10900433195961846,40.0
2025-11-05 19:00:00+00:00,104008.09,83048683.2622722,-0.003251734111247573,0.0008553760998930571,-0.34737464134618257,59.243968840669396,251.1353622989991,-122.17099127403492,0.015205195127124815,0.8642120872236321,17.0,21.0,19.0,-0.12033016341073173,0.8095238095238095,-0.28571428571428575,-0.04254213150809793,42.0
2025-11-05 20:00:00+00:00,103831.22,91663646.1636495,-0.001700540794470795,-0.0007009351416041865,0.10373388912345294,57.334900845992095,278.0228439334751,-42.13222423253293,0.01186548664052589,0.7993196068469283,16.0,21.0,18.0,0.00790697673246974,0.7619047619047619,0.23809523809523808,-0.1631126154679805,42.0
2025-11-05 21:00:00+00:00,103672.37,60844102.8588495,-0.001529886675703196,-0.0064690639153442975,-0.336224278595432,55.601954809521125,283.24838830312365,22.94389827459839,0.00888653795575367,0.740973514531603,17.0,21.0,26.0,0.052214867302349637,0.8095238095238095,0.23809523809523814,0.04678384105072302,50.0
2025-11-05 22:00:00+00:00,103706.55,71077341.4339919,0.0003296924725459949,-0.0028991975528056546,0.16818784556462596,55.910748361545295,286.8411835978186,75.72335533924243,0.008223967912309282,0.726256026184271,15.0,15.0,23.0,-0.12454330126444499,1.0,-0.2,-0.12454330126444499,48.0
2025-11-05 23:00:00+00:00,103885.16,55373202.5137969,0.0017222634443050389,0.0005194969297288576,-0.22094437697531377,57.57141079341849,300.635297477158,120.70574376682555,0.009099457902620456,0.748001344087741,8.0,9.0,13.0,-0.20027655404475,0.8888888888888888,-0.1111111111111111,-0.33092644857242703,40.0
2025-11-06 00:00:00+00:00,103677.72,126682517.573753,-0.001996820335069982,5.160487794397817e-05,1.2877946700335512,54.98120480720928,291.4686881521193,154.8583326438843,0.0062636973657881345,0.6733585785760579,6.0,6.0,10.0,0.01968802511692047,1.0,0.16666666666666669,0.01968802511692047,29.0
2025-11-06 01:00:00+00:00,103365.65,119203566.1966322,-0.0030100006057233175,-0.0032871597792040186,-0.059036965165826016,51.24586224757031,256.07081830313837,175.10082977573512,0.0024852779054966856,0.5719464379255275,10.0,11.0,12.0,0.3412233323536136,0.9090909090909091,0.36363636363636365,0.3677637305110693,24.0
2025-11-06 02:00:00+00:00,103321.81,73402219.5218686,-0.00042412542271053066,-0.005422814962214084,-0.38422799028690136,50.72450286814676,221.92205054906663,184.46507393040145,0.0014764491580216976,0.5441914491259104,11.0,13.0,15.0,0.053864896297454834,0.8461538461538461,0.07692307692307693,-0.05758600343357433,27.0
2025-11-06 03:00:00+00:00,103636.03,71641410.9542953,0.0030411778500589737,-0.0004021114661858505,-0.02398849216063148,54.31228288433823,217.7042746671068,191.11291407774254,0.0037228853206741075,0.6167504498147092,9.0,9.0,12.0,-0.08014742533365886,1.0,0.0,-0.08014742533365886,30.0
2025-11-06 04:00:00+00:00,104030.79,69737412.931209,0.003809099981927133,0.006434826269655414,-0.026576780073482853,58.40936220218354,243.4096152192069,201.57225430603543,0.006410110398713309,0.718669911952088,6.0,6.0,9.0,0.30209556097785634,1.0,0.5,0.30209556097785634,26.0
2025-11-06 05:00:00+00:00,103143.57,78190952.3551386,-0.008528436629194003,-0.0017250956017901276,0.12121957309010623,47.99261362931901,189.99984368347214,199.2577721815228,-0.002726911839841639,0.39810761301097586,11.0,13.0,14.0,0.45221069856331897,0.8461538461538461,0.6153846153846154,0.43755193935199216,26.0
2025-11-06 06:00:00+00:00,103318.75,57417716.6753714,0.0016984093143177503,-0.0030614835400391005,-0.26567313805587645,49.892764321075724,159.96381363485125,191.3989804721885,-0.0019579663600414188,0.4016526351343461,17.0,21.0,20.0,0.05220229560065837,0.8095238095238095,-0.047619047619047616,0.061205118346740216,34.0
2025-11-06 07:00:00+00:00,103185.48,102016190.8563888,-0.0012898917185893977,-0.008125575130209062,0.776737159946093,48.442710865185084,123.97713694565755,177.9146117668823,-0.003781769122225165,0.2572740434674464,17.0,17.0,26.0,-0.07706094609902185,1.0,0.0,-0.07706094609902185,45.0
2025-11-06 08:00:00+00:00,103200.26,66784900.9309983,0.00014323720740549994,0.0005496222401453199,-0.3453499844449851,48.62105480219523,95.54863370544626,161.4414161545951,-0.0038924397465393,0.2185692079124602,17.0,20.0,25.0,-0.25295529384166004,0.85,-0.2,-0.19293308323797057,51.0
2025-11-06 09:00:00+00:00,102810.01,55271407.1713801,-0.003781482721070706,-0.004923985239852491,-0.17239665851288544,44.266930299135836,41.055662406637566,137.3642654050036,-0.0075749553895043675,-0.023077660567282218,14.0,14.0,26.0,0.14392122626304626,1.0,0.2142857142857143,0.14392122626304626,48.0
2025-11-06 10:00:00+00:00,103122.54,96025789.7208178,0.0030398790934851316,-0.0006099695422263629,0.7373501894581869,48.262813268649545,22.8250363189145,114.45641958778579,-0.004519781074077134,0.19164433815271104,20.0,23.0,29.0,-0.07046573341864606,0.8695652173913043,0.0,-0.07631370713934302,51.0
2025-11-06 11:00:00+00:00,103227.58,55715007.9583111,0.0010185939950664302,0.0002647280152201503,-0.4197912027561026,49.57146426056697,16.660927146833274,94.8973210995953,-0.003264898151160822,0.2810925314512719,19.0,22.0,26.0,-0.11943478662181985,0.8636363636363636,-0.04545454545454547,-0.1089989642955755,53.0
2025-11-06 12:00:00+00:00,102552.38,108029118.9172959,-0.006540887619374547,-0.002505884397832392,0.9389590502819092,42.1849292894742,-42.220479493931634,67.47376098088992,-0.00913057496470393,-0.04264385186938878,4.0,8.0,5.0,-0.18185854516923428,0.5,-0.25,0.13000856339931488,43.0
2025-11-06 13:00:00+00:00,103319.71,97133099.6816852,0.007482322692072163,0.0019119971249739187,-0.10086187265817093,51.10221401954672,-26.659980657001142,48.647012653311705,-0.001434678159207503,0.4130100442750237,14.0,19.0,20.0,0.21457888048730397,0.7368421052631579,0.3684210526315789,0.2144988046160766,37.0
2025-11-06 14:00:00+00:00,102125.0,170484641.3605827,-0.011563234159290725,-0.010681060236033879,0.7551652517965328,40.601887568834705,-109.46939062057936,17.023731998533492,-0.011920170870616031,-0.15489439513064143,12.0,19.0,17.0,0.13946209249919966,0.631578947368421,0.21052631578947367,0.15372880967333913,30.0
2025-11-06 15:00:00+00:00,102014.48,309275798.9486038,-0.0010822031823746192,-0.0052451244915038275,0.8140977186001848,39.787423440086634,-181.9174538043444,-22.764505162042084,-0.012036653699615929,-0.08700188079632204,28.0,30.0,41.0,-0.009176085889339446,0.9333333333333333,0.03333333333333338,-0.012462345084973745,54.0
2025-11-06 16:00:00+00:00,100867.2,307264303.9891581,-0.011246246611265387,-0.02373709721020323,-0.006503887359708971,32.49933763668224,-328.12653517277795,-83.83691116418926,-0.02174348209167698,-0.27178259704925783,12.0,16.0,20.0,-0.08354183752089739,0.75,0.0625,-0.11557485225299995,52.0
2025-11-06 17:00:00+00:00,101804.01,132832015.6357538,0.009287558294470255,-0.0031431089351285912,-0.5676946071794893,41.863767172284234,-364.207193963739,-139.9109677240992,-0.011762513869968627,0.10494231881911473,13.0,18.0,14.0,-0.12933454579777187,0.7222222222222222,-0.33333333333333337,-0.2400395812896582,53.0
2025-11-06 18:00:00+00:00,101722.13,97128883.026539,-0.0008042905186150806,-0.0028657696436819036,-0.2687840912323305,41.32414698465835,-394.8567449371185,-190.90012316670308,-0.01160535821885067,0.12615599555377202,1.0,3.0,1.0,-0.18597173690795898,0.3333333333333333,0.3333333333333333,0.13781720399856567,26.0
2025-11-06 19:00:00+00:00,101388.81,76887820.0255904,-0.003276769764848697,0.005171254877700537,-0.2083938615398061,39.11385944418922,-440.9597635637183,-240.91205124610613,-0.013647848624113834,0.07843741768376161,8.0,8.0,12.0,-0.2533104163594544,1.0,-0.25,-0.2533104163594544,22.0
2025-11-06 20:00:00+00:00,100914.11,82127009.8671583,-0.004681976245701991,-0.008741305966238455,0.0681406995259346,36.148497747256584,-509.9229859798361,-294.7142381928521,-0.01694442708561894,0.016853047022945166,5.0,7.0,7.0,-0.1230461693235806,0.7142857142857143,-0.14285714285714285,-0.18712439090013505,14.0
2025-11-06 21:00:00+00:00,101117.17,94674510.9383191,0.002012206221706725,-0.005947181798100387,0.15278166210430144,38.30325853413091,-541.9443940154888,-344.1602693573795,-0.013886345328625427,0.12268131569701708,11.0,15.0,15.0,-0.08511781704922518,0.7333333333333333,-0.13333333333333336,-0.034708159383047714,24.0
2025-11-06 22:00:00+00:00,101415.05,64780913.6238116,0.002945889407308444,0.0002588056808241479,-0.315751272631166,41.42598937413931,-537.0938801515149,-382.7469915162066,-0.010060963678992119,0.23046315757194777,8.0,13.0,12.0,0.13658041707598245,0.6153846153846154,0.0,0.050580600276589394,24.0
2025-11-06 23:00:00+00:00,101346.04,129060637.4451649,-0.0006804709951827581,0.004280174496906319,0.9922633106817735,40.90939373684957,-532.6779632477992,-412.73318586252515,-0.009627689159499964,0.2389843215599825,6.0,6.0,7.0,0.38187481090426445,1.0,0.6666666666666666,0.38187481090426445,25.0
2025-11-07 00:00:00+00:00,101479.78,83402389.6823874,0.0013196371560251219,0.0035860378608301158,-0.35377361112273076,42.40829072789218,-512.4790772036067,-432.68236413074146,-0.007083138660837096,0.29321628904844993,9.0,9.0,12.0,-0.1801789460910691,1.0,-0.22222222222222227,-0.1801789460910691,23.0
2025-11-07 01:00:00+00:00,101538.96,110984810.4581598,0.000583170361622809,0.0012218107667452127,0.33071499366878654,43.0961401759854,-486.09261004986183,-443.3644133145656,-0.005723586220591881,0.3298413291459468,5.0,5.0,6.0,0.010610723495483398,1.0,0.19999999999999996,0.010610723495483398,20.0
2025-11-07 02:00:00+00:00,101905.11,79172360.309524,0.003606005025066139,0.005516446424547183,-0.2866378742938772,47.29072721329257,-430.6713880912139,-440.8258082698953,-0.0014470990874081435,0.45467276108774024,8.0,8.0,8.0,-0.3521644212305546,1.0,-0.5,-0.3521644212305546,22.0
2025-11-07 03:00:00+00:00,101916.29,129528549.9477178,0.0001097099056170947,0.0043014480323073645,0.6360324416415841,47.41818035469221,-381.45041489752475,-428.9507295954212,-0.0007161631445549155,0.4763512031568232,7.0,7.0,10.0,-0.059362173080444336,1.0,0.0,-0.059362173080444336,20.0
2025-11-07 04:00:00+00:00,102027.19,81283959.0741785,0.0010881479300317576,0.004808302153183286,-0.3724629889936426,48.74221033896876,-329.69323743921996,-409.09923116418094,0.0009468444865383674,0.5334751879050226,8.0,9.0,14.0,-0.09681819834642941,0.8888888888888888,-0.1111111111111111,-0.08135490259155631,23.0
2025-11-07 05:00:00+00:00,102447.47,71768706.4170921,0.004119294082293168,0.005322206119006134,-0.11706187500541065,53.51893431914879,-251.85894470193307,-377.65117387173143,0.005248808879530609,0.6902902951783748,4.0,7.0,6.0,-0.044423350266047885,0.5714285714285714,0.14285714285714285,-0.3448747806251049,19.0
2025-11-07 06:00:00+00:00,101819.1,48006594.6237922,-0.006133582410575822,-0.0009536257648310453,-0.3310929370135731,46.53624091584622,-238.1338555806724,-349.7477102135196,-0.0002776556492321003,0.489050428945459,3.0,5.0,3.0,0.11702416315674782,0.6,0.8,0.09657094503442447,15.0
2025-11-07 07:00:00+00:00,102010.0,111412024.6794162,0.001874893806761202,-0.00016848449908302143,1.320765002235757,48.72499223282408,-209.43831446765398,-321.68583106434653,0.002195777446890146,0.598892290038325,7.0,7.0,13.0,0.3441130258142948,1.0,0.5714285714285714,0.3441130258142948,14.0
2025-11-07 08:00:00+00:00,101496.18,83185977.4253876,-0.005036957161062672,-0.009285636824413634,-0.2533483018125553,43.55633195507715,-225.55778152194398,-302.460221155866,-0.002334619939248439,0.38999151104378654,12.0,13.0,19.0,0.1518719683472927,0.9230769230769231,0.23076923076923078,0.09089090737203757,22.0
2025-11-07 09:00:00+00:00,101013.66,139844929.8139225,-0.004754070547285494,-0.00791050009281169,0.6811118188682013,39.33636164633845,-274.10815848445054,-296.7898086215829,-0.005950960430025298,0.14185331138175333,8.0,9.0,10.0,-0.10386986947721905,0.8888888888888888,0.0,-0.016399786807596684,27.0
2025-11-07 10:00:00+00:00,100770.85,128970986.2581886,-0.002403734306825389,-0.012147338496225846,-0.07775715265617955,37.374066268896584,-328.39192210482724,-303.1102313182318,-0.007679214987428962,0.06040496569187035,12.0,15.0,14.0,0.09119051670034727,0.8,0.13333333333333336,0.03461420008291801,32.0
2025-11-07 11:00:00+00:00,100411.89,312664400.6714086,-0.003562141234295546,-0.010683062160566026,1.4243002999564713,34.62418511471222,-395.8145640056464,-321.65109785571474,-0.010433174945834067,-0.035412631036604886,17.0,18.0,21.0,0.01832811265356011,0.9444444444444444,0.0,0.05813625170027509,37.0
2025-11-07 12:00:00+00:00,99638.28,179690072.8248138,-0.007704366484885372,-0.01361578226152782,-0.4252941094702456,29.573930013783624,-505.84034254324797,-358.4889467932214,-0.017462179726979832,-0.2086830628544188,18.0,21.0,24.0,-0.13622116838537512,0.8571428571428571,-0.09523809523809523,-0.22255654446780682,47.0
2025-11-07 13:00:00+00:00,100347.35,163774307.9659857,0.007116441592528666,-0.004202604225329032,-0.08857342316481209,38.43737590580416,-529.7143246733467,-392.7340223692464,-0.009758805906722179,0.12450220587969206,18.0,20.0,21.0,0.046561256237328055,0.9,0.15000000000000002,0.04676536491347684,53.0
2025-11-07 14:00:00+00:00,100806.08,260550417.390142,0.0045714211685710104,0.0039257303094284435,0.5909114233244432,43.400282721574456,-505.78853489297035,-415.34492487399126,-0.004782172569376519,0.31702543945785727,10.0,14.0,12.0,-0.055461158975958824,0.7142857142857143,0.0714285714285714,-0.1682201124727726,46.0
2025-11-07 15:00:00+00:00,100797.95,262249379.7343436,-8.064989730782735e-05,0.011638799866878546,0.006520666369371542,43.33360788915655,-481.92783310044615,-428.6615065192823,-0.004572104172601121,0.3272257414365164,0.0,5.0,0.0,0.39482578039169314,0.0,0.19999999999999996,0.0,28.0
2025-11-07 16:00:00+00:00,101169.2,199788762.9475151,0.003683110618817098,0.008190051854882086,-0.23817260063722767,47.313994418527614,-428.12611137580825,-428.5544274905875,-0.0010316599535042936,0.46075744213320813,5.0,9.0,6.0,0.22164785323871505,0.5555555555555556,0.4444444444444445,0.33342534899711607,15.0
2025-11-07 17:00:00+00:00,102397.12,213497879.7292748,0.01213729079601289,0.015783174983096115,0.06861805728964399,57.85795135596911,-283.1411030573654,-399.4717626039431,0.010454576482671118,0.8742649642570852,7.0,9.0,12.0,-0.06820003812511762,0.7777777777777778,-0.1111111111111111,0.08964827284216881,12.0
2025-11-07 18:00:00+00:00,102609.46,162617827.5242345,0.0020736911350631715,0.017971694860857923,-0.23831642857324187,59.37213575060982,-149.38337741688883,-349.4540855665323,0.011953580899580762,0.8986288128562366,10.0,12.0,13.0,-0.021129004657268524,0.8333333333333334,0.16666666666666669,0.04937142729759216,22.0
2025-11-07 19:00:00+00:00,103395.25,121964007.3711581,0.00765806583525519,0.02200323813967109,-0.24999608451304567,64.46106998193112,19.799038710727473,-275.60346071108034,0.018673833914753635,1.0411393807041351,2.0,9.0,2.0,-0.2721025695403417,0.2222222222222222,-0.22222222222222227,0.13957471400499344,19.0
2025-11-07 20:00:00+00:00,103783.09,100440870.6630116,0.00375104272198179,0.013535243959986287,-0.17647121615681072,66.67949715474552,183.06253808466136,-183.870260951932,0.021336077232043893,1.0382261188984514,16.0,19.0,22.0,0.07007858431652973,0.8421052631578947,0.10526315789473684,0.11985594825819135,28.0
2025-11-07 21:00:00+00:00,103879.23,76931862.0641357,0.0009263551509210988,0.012374784936983296,-0.23405819208547873,67.2256461873425,316.5586411487602,-83.78448053179358,0.02110635501623559,0.978886347520946,2.0,4.0,2.0,-0.4663551487028599,0.5,-0.5,-0.05490655452013016,20.0
2025-11-07 22:00:00+00:00,103633.03,76512635.0461661,-0.002370059924394874,0.002299718797526884,-0.005449328883006865,64.31826127961023,397.9022131659294,12.55285820775103,0.017821885857240094,0.8795979840075504,9.0,13.0,17.0,-0.12632098879951698,0.6923076923076923,-0.07692307692307693,0.014590091175503202,27.0
2025-11-07 23:00:00+00:00,103339.08,52869266.6839277,-0.002836450888292985,-0.004278249953821867,-0.30901260096417404,60.93005963648898,433.64943097806827,96.77217276181449,0.01422625453538795,0.7921738010406811,10.0,12.0,11.0,-0.4716300182044506,0.8333333333333334,-0.41666666666666663,-0.3903454318642616,21.0
2025-11-08 00:00:00+00:00,102713.15,90373017.55796,-0.006057050246625062,-0.01122534312200818,0.7093677144841783,54.36294071707716,406.7828987114772,158.77431795174704,0.007743809102383814,0.6574742773685134,8.0,8.0,10.0,-0.03370993863791227,1.0,0.125,-0.03370993863791227,27.0
2025-11-08 01:00:00+00:00,102996.84,51318525.4197802,0.002761963779710719,-0.006138872905674941,-0.43214770507283906,56.64379470897057,403.72846005574684,207.765146372547,0.010254897141395602,0.7057892523939986,4.0,4.0,4.0,-0.7851694822311401,1.0,-1.0,-0.7851694822311401,22.0
2025-11-08 02:00:00+00:00,102846.65,51000514.1758628,-0.0014582000768179615,-0.004765186607041616,-0.00619681180073095,55.07447344294547,384.75351854421024,243.16282080687967,0.008273632554317123,0.664262873946645,2.0,3.0,3.0,-0.1528624470035235,0.6666666666666666,-0.6666666666666666,-0.20989099889993668,14.0
2025-11-08 03:00:00+00:00,102592.76,54701753.9567034,-0.002468626834223553,-0.0011720991908046319,0.07257259736789679,52.43006127541993,345.2491225617414,263.580081157852,0.0054973517829308705,0.6086306708446532,4.0,4.0,5.0,-0.034661680459976196,1.0,0.0,-0.034661680459976196,10.0
2025-11-08 04:00:00+00:00,102565.03,61875484.777688,-0.0002702919777184398,-0.004192458720092773,0.1311426106494249,52.1356175711052,308.1518422613881,272.4944333785593,0.00469932998921796,0.5929934265378972,7.0,7.0,8.0,0.35302931708948954,1.0,0.42857142857142855,0.35302931708948954,13.0
2025-11-08 05:00:00+00:00,102304.0,40595664.7309709,-0.002545019486661304,-0.005276302144989642,-0.34391358909224257,49.327371752874996,254.7524136242282,268.9460294276931,0.0015094055799778072,0.53043441606191,8.0,9.0,9.0,-0.2368135303258896,0.8888888888888888,-0.2222222222222222,-0.16620961390435696,19.0
2025-11-08 06:00:00+00:00,102215.62,60432455.8991718,-0.0008638958398499152,-0.0036760878642898565,0.48864309279476315,48.37722688792269,202.96183661647956,255.7491908654504,-6.29316259184165e-05,0.4986886350355096,3.0,4.0,4.0,-0.4566582143306732,0.75,-0.5,-0.31819679339726764,18.0
2025-11-08 07:00:00+00:00,102352.96,46192573.5394169,0.001343630259250217,-0.002067663803149933,-0.23563302447137602,49.98932796881095,171.02811575154192,238.8049758426687,0.0003308619588071604,0.5073341427707596,7.0,8.0,7.0,-0.30795436492189765,0.875,-0.25,-0.3629161092851843,18.0
2025-11-08 08:00:00+00:00,102431.74,48177544.12934,0.0007696895136202198,0.0012486315295590078,0.04297163889838895,50.93582457231844,150.344224865883,221.11282564731158,-0.00026390613017202025,0.49307699821671463,5.0,5.0,8.0,0.06637550890445709,1.0,-0.19999999999999996,0.06637550890445709,15.0
2025-11-08 09:00:00+00:00,102399.46,36831975.844738,-0.000315136694934548,0.0017985509455404891,-0.2354949487284591,50.51396292575049,129.8505300139659,202.86036652064246,-0.0015788105825598198,0.452298037524185,6.0,6.0,9.0,0.0719342917824785,1.0,0.3333333333333333,0.0719342917824785,18.0
2025-11-08 10:00:00+00:00,102480.04,30846532.1219184,0.000786918212263954,0.0012415859785588346,-0.1625067237242639,51.59177800235215,118.7424724517914,186.03678770687225,-0.0016078997179048704,0.4448354748616154,10.0,10.0,17.0,-0.11090190205723047,1.0,0.10000000000000003,-0.11090190205723047,21.0
2025-11-08 11:00:00+00:00,101857.1,72238672.1482716,-0.006078647119965863,-0.005609979875378479,1.3418733704895627,43.67269014356555,58.99316840787651,160.6280638470731,-0.008188476585392901,0.17446952532862936,14.0,14.0,25.0,0.0975304353716118,1.0,0.2857142857142857,0.0975304353716118,30.0
2025-11-08 12:00:00+00:00,102065.14,44783531.9371781,0.002042469302581784,-0.0032648609670403728,-0.38006152929750947,46.61956751659857,28.104532266268507,134.1233575309122,-0.006596055905113585,0.1996707524978309,7.0,10.0,9.0,0.18980071917176247,0.7,0.30000000000000004,0.2661083846219948,31.0
2025-11-08 13:00:00+00:00,101804.63,97160478.9859272,-0.002552389581790604,-0.006590649262041559,1.1695582010419137,43.547250470934706,-17.19767020668951,103.85915198339185,-0.008845823954509169,0.11898127358839396,2.0,5.0,2.0,0.003736446797847748,0.4,0.0,0.07577046751976013,23.0
2025-11-08 14:00:00+00:00,101827.19,117940827.7622963,0.00022160092325851366,-0.0002936466873688648,0.21387655755977653,43.892093328935545,-50.695205817057285,72.94828042330202,-0.008248521332295589,0.16208206836640096,7.0,7.0,9.0,0.4619135239294597,1.0,0.5714285714285714,0.4619135239294597,16.0
2025-11-08 15:00:00+00:00,101711.45,52035960.5835872,-0.0011366315814077543,-0.0034653359609363443,-0.5587960372089044,42.459126114193296,-85.5948111434991,41.2396621099418,-0.008562825567167476,0.15526026966610731,4.0,4.0,4.0,-0.43556424230337143,1.0,-0.5,-0.43556424230337143,13.0
2025-11-08 16:00:00+00:00,101850.22,51159130.6842543,0.001364349834753087,0.0004478185324183759,-0.01685046051805683,44.7866330578566,-100.89239581643778,12.813250524665879,-0.00627403170077534,0.22929020928299093,8.0,10.0,12.0,-0.012653430178761482,0.8,0.0,0.06164206424728036,19.0
2025-11-08 17:00:00+00:00,101994.52,48867669.3512935,0.0014167863358567345,0.0016432742571017567,-0.044790857512871485,47.179257104220035,-100.21680094973999,-9.792759770215296,-0.003950335252441706,0.30173806013412435,0.0,0.0,0.0,0.0,0.0,0.0,0.0,12.0
2025-11-08 18:00:00+00:00,102139.53,78187462.3973486,0.0014217430505090167,0.004208769022563397,0.5999834539945994,49.545432969051134,-86.97766763879918,-25.229741343932073,-0.0018062708442859732,0.39163852051057724,0.0,3.0,0.0,-0.04647988826036453,0.0,0.0,0.0,8.0
2025-11-08 19:00:00+00:00,101989.65,37839284.3565865,-0.001467404441747533,0.0013689710243138808,-0.516044092027347,47.192312356644734,-87.57016812008806,-37.69782669916327,-0.002613359507414703,0.3156898828284838,0.0,0.0,0.0,0.0,0.0,0.0,0.0,0.0
2025-11-08 20:00:00+00:00,102068.06,21091484.2451478,0.0007688035011395034,0.0007210191292630341,-0.4426035110392751,48.56851404103646,-80.78149849010515,-46.31456105735165,-0.001531622083306372,0.3878088586531151,0.0,2.0,0.0,-0.017854761332273483,0.0,0.0,0.0,0.0
2025-11-08 21:00:00+00:00,102272.81,23961429.8630348,0.002006014418222568,0.00130488166530629,0.13607129704716003,52.08036122618131,-58.20882002229337,-48.693412850339996,0.000825749076010851,0.5700409188819818,8.0,8.0,12.0,-0.2856561644002795,1.0,-0.5,-0.2856561644002795,8.0
2025-11-08 22:00:00+00:00,102377.46,25519827.6665945,0.0010232436167540992,0.003802444659825932,0.06503776329157374,53.8161492368682,-31.51217655009532,-45.257165590291066,0.00207988612065213,0.7003740435430937,9.0,9.0,13.0,-0.05472430255677965,1.0,-0.1111111111111111,-0.05472430255677965,17.0
2025-11-08 23:00:00+00:00,102312.94,24033763.2401993,-0.000630216846559839,0.002399183446810005,-0.05823175790252144,52.552244823856896,-15.383784353354713,-39.282489342903794,0.0015855208042427904,0.6625662935433959,3.0,7.0,4.0,0.2703801915049553,0.42857142857142855,0.42857142857142855,0.4846325119336446,20.0
2025-11-09 00:00:00+00:00,101797.74,62853345.0560169,-0.005035531185009434,-0.0046451251314987285,1.615210295110475,43.72208347497307,-43.67084135758341,-40.16015974583972,-0.003083585766236241,0.17379096687974227,1.0,1.0,1.0,0.877677857875824,1.0,1.0,0.877677857875824,13.0
2025-11-09 01:00:00+00:00,102045.07,38049356.4050776,0.0024296217185175717,-0.0032467107505890214,-0.39463275389453334,48.2201300595329,-45.60536361038976,-41.24920051874973,-0.0005347373000479383,0.4425577004926764,2.0,3.0,3.0,-0.4366544286410014,0.6666666666666666,-0.3333333333333333,-0.30188819766044617,6.0
2025-11-09 02:00:00+00:00,101633.25,40594693.0106834,-0.004035667769153428,-0.006643245712614654,0.0668956546467665,42.17560016887548,-79.4530335963791,-48.88996713427561,-0.004284272089927432,0.07386614942792773,2.0,2.0,5.0,0.37867261096835136,1.0,0.5,0.37867261096835136,5.0
2025-11-09 03:00:00+00:00,101662.05,78040198.9202659,0.00028337182959314866,-0.0013329372538133377,0.9224236749303134,42.71639709508874,-102.7689797837229,-59.66576966416507,-0.0036649073938387344,0.1440453206071689,2.0,2.0,2.0,-0.48390254378318787,1.0,-0.5,-0.48390254378318787,6.0
2025-11-09 04:00:00+00:00,101724.91,38519108.5910844,0.0006183231599206085,-0.00313743721279236,-0.5064196513589159,43.94858303490771,-114.8508295910724,-70.70278164954654,-0.0027034236572249792,0.2290605242076419,1.0,1.0,2.0,0.21595153212547302,1.0,1.0,0.21595153212547302,5.0
2025-11-09 05:00:00+00:00,101928.54,29711890.7795074,0.0020017712475732807,0.0029054467902973613,-0.22864542129138243,47.861130352645674,-106.76383636789978,-77.91499259321719,-0.00047633236143240776,0.4489077714702656,2.0,3.0,2.0,-0.3019203344980876,0.6666666666666666,-0.3333333333333333,-0.03469863533973694,5.0
2025-11-09 06:00:00+00:00,101752.83,21698997.1051749,-0.001723854771195521,0.0008929585818897579,-0.2696864273565207,44.94571332963585,-113.22794325721043,-84.97758272601584,-0.001843467815416222,0.2786262215238233,5.0,5.0,11.0,0.1023898296058178,1.0,0.4,0.1023898296058178,8.0
2025-11-09 07:00:00+00:00,101944.59,22267864.4003821,0.0018845667486593332,0.0021595497110784567,0.026216294349914238,48.62383145363077,-101.70497351798986,-88.32306088441065,-5.287157957334365e-06,0.4993624495915526,1.0,3.0,1.0,-0.07272428274154663,0.3333333333333333,-0.3333333333333333,0.2786937952041626,8.0
2025-11-09 08:00:00+00:00,101972.94,22094842.0628195,0.00027809224599373294,0.00043559929338732317,-0.007770046307612355,49.164561906528206,-89.2564362747944,-88.5097359624874,0.0003180384043366402,0.5386540677822066,6.0,7.0,8.0,-0.13210284310792172,0.8571428571428571,0.0,-0.1625027454768618,12.0
2025-11-09 09:00:00+00:00,101657.46,41895498.0901594,-0.0030937619333128996,-0.000937271228721559,0.89616644332841,43.657933810489716,-103.65263716661138,-91.5383162033122,-0.0027047184512639655,0.1820628365391627,9.0,10.0,11.0,0.07494438346475363,0.9,0.09999999999999998,0.07324904679424232,16.0
2025-11-09 10:00:00+00:00,101876.36,70657178.2159315,0.0021533097521815314,-0.0006692851479416229,0.6865100413384935,48.009228045371934,-96.288377042918,-92.48832837123337,-0.0005813375204990479,0.43136539924967926,10.0,10.0,12.0,-0.15586543101817368,1.0,-0.3,-0.15586543101817368,25.0
2025-11-09 11:00:00+00:00,102239.41,51333636.0561108,0.0035636334081823318,0.0026131442321855047,-0.2734830720350464,54.311510263581546,-60.46010056944215,-86.08268281087513,0.002720552301353596,0.8165430319657105,8.0,8.0,13.0,0.20095950551331043,1.0,0.125,0.20095950551331043,27.0
2025-11-09 12:00:00+00:00,102086.9,53395407.7261245,-0.0014916948366584526,0.004224382549003147,0.040164146326203465,51.48797043849408,-43.86654947974603,-77.63945614464932,0.0011086077351338819,0.6289843333581469,10.0,12.0,15.0,-0.28839868990083534,0.8333333333333334,-0.16666666666666669,-0.35016712807118894,28.0
2025-11-09 13:00:00+00:00,102911.39,80902184.9997445,0.008076354556755039,0.010159668052529547,0.5151524905420266,62.759628345522906,35.40528170995822,-55.030508573727815,0.008740425114682093,1.2437540275202572,0.0,0.0,0.0,0.0,0.0,0.0,0.0,18.0
2025-11-09 14:00:00+00:00,103037.9,230851430.8844476,0.0012293099918287975,0.007810002033462382,1.853463486618769,64.13656629644602,107.20132857699355,-22.584141143583544,0.009535988736860235,1.1527847290157398,0.0,0.0,0.0,0.0,0.0,0.0,0.0,10.0
2025-11-09 15:00:00+00:00,103762.17,118599390.1228678,0.00702916111450258,0.01641023480975523,-0.4862523066524437,70.79432356264664,220.00664930099447,25.934016945332058,0.015750171171762917,1.2671843931146398,6.0,8.0,8.0,-0.17420585453510284,0.75,-0.125,-0.08149507641792297,6.0
2025-11-09 16:00:00+00:00,103845.04,76811894.9803025,0.0007986533049568756,0.009072367985700991,-0.3523415685297695,71.44745772140331,312.4904003035481,83.24529361697526,0.01567800532399133,1.1260458899524877,15.0,16.0,21.0,0.2372363624162972,0.9375,0.4375,0.21535330663124722,21.0
2025-11-09 17:00:00+00:00,103637.57,47755040.9014024,-0.001997880688379361,0.005819897338746438,-0.3782858642707797,67.384539819981,364.8377220257389,139.563779298728,0.012972727699059439,0.968127020462051,4.0,6.0,5.0,0.07333874795585871,0.6666666666666666,0.0,0.10571344522759318,25.0
2025-11-09 18:00:00+00:00,104512.65,80479065.7495866,0.00844365609884501,0.007232693764982034,0.6852475514731098,74.07979131190794,471.49983765394427,205.95099096977128,0.020461083126603885,1.1117895110773126,0.0,0.0,0.0,0.0,0.0,0.0,0.0,19.0
2025-11-09 19:00:00+00:00,104805.57,88801989.2353172,0.0028027229239715457,0.009249647359180768,0.1034172478048847,75.86571834820637,573.0606423466379,279.37292124514465,0.02207738534356718,1.0652679988362002,0.0,0.0,0.0,0.0,0.0,0.0,0.0,4.0
2025-11-09 20:00:00+00:00,104633.12,73389048.0862156,-0.001645427814571443,0.009606072392472909,-0.17356526899705715,72.69030289993162,632.3437726061966,349.9670915173551,0.018986831047009822,0.9499586557607113,1.0,2.0,3.0,-0.7134123146533966,0.5,-1.0,-0.9079505205154419,1.0
2025-11-09 21:00:00+00:00,104528.82,49752269.1257455,-0.0009968163044358214,0.00015471811307055106,-0.32207501768795543,70.76119754665365,663.2642447741528,412.6265221687146,0.016741420571101617,0.8762523704642226,2.0,2.0,2.0,0.9095012545585632,1.0,1.0,0.9095012545585632,3.0
2025-11-09 22:00:00+00:00,104732.48,140355088.0689359,0.001948362183749719,-0.0006973865988230132,1.821079129359867,72.30666829562675,696.1775008057593,469.33671789612356,0.017189196838251153,0.8739326233826918,3.0,7.0,3.0,-0.15628863924315997,0.42857142857142855,-0.14285714285714285,-0.024779364466667175,6.0
2025-11-09 23:00:00+00:00,104722.96,128211403.7929169,-9.089825811425811e-05,0.0008586191446839919,-0.08652115461645815,72.11478312940676,713.27116292961,518.1236069028209,0.015587149230906983,0.8340328145791798,1.0,1.0,3.0,0.19784416258335114,1.0,1.0,0.19784416258335114,6.0
2025-11-10 00:00:00+00:00,106314.96,286547536.6453971,0.015202014916308793,0.017087536241201295,1.2349613854023458,81.13210119280927,845.5323379505135,583.6053531123595,0.028736482086446413,1.0519399529759452,9.0,10.0,15.0,-0.07825694065541029,0.9,-0.10000000000000003,-0.17626002741356692,13.0
2025-11-10 01:00:00+00:00,105699.99,229806044.7787335,-0.005784416417031091,0.009237917406329066,-0.1980177269396013,71.51203521875047,890.4626336170331,644.9768092132942,0.02092297811026489,0.8877394836477143,4.0,4.0,5.0,-0.32806574553251266,1.0,0.0,-0.32806574553251266,14.0
2025-11-10 02:00:00+00:00,106006.69,82063576.8077835,0.0029016085999629126,0.012258343347055778,-0.6429007039967221,73.21764108756365,939.9828067618364,703.9780087230027,0.021786206011668918,0.8943919136414745,8.0,8.0,12.0,-0.1946323965676129,1.0,-0.125,-0.1946323965676129,21.0
2025-11-10 03:00:00+00:00,106027.97,89913593.1330273,0.00020074204750653024,-0.002699431952003839,0.0956577403837855,73.33692175925444,969.7661582939327,757.1356386371888,0.019984032321885836,0.8576130327282682,7.0,11.0,11.0,-0.2340779250318354,0.6363636363636364,-0.09090909090909088,-0.15315193789345877,19.0
2025-11-10 04:00:00+00:00,106153.14,71850991.8941798,0.0011805375506104276,0.00428713380199941,-0.20088843754830088,74.06850232897195,992.0342980037822,804.1153705105074,0.019139013337965194,0.842911142776558,7.0,8.0,11.0,-0.48948998749256134,0.875,-0.625,-0.4317744289125715,22.0
2025-11-10 05:00:00+00:00,106100.0,65815288.25169,-0.0005005975329603896,0.0008802274648891384,-0.08400306639300159,73.15085195684658,993.9365237251332,842.0796011534326,0.01646116707110923,0.8085530053916012,12.0,12.0,15.0,0.33142614442234236,1.0,0.6666666666666666,0.33142614442234236,26.0
2025-11-10 06:00:00+00:00,106221.88,56412993.9603999,0.0011487276154571457,0.0018288570459286113,-0.14285881808089884,73.94807364041183,993.8225806438422,872.4281970515146,0.015514957378118366,0.8070048087636619,14.0,16.0,19.0,0.4350691931322217,0.875,0.6875,0.4587961020214217,33.0
2025-11-10 07:00:00+00:00,106461.45,91047466.490272,0.0022553733750523275,0.002904388885717424,0.6139449459850399,75.48870762615778,1001.518692695332,898.2462961802783,0.01575532308386296,0.8266883824702959,14.0,15.0,24.0,0.3068385269492865,0.9333333333333333,0.4,0.3254627166315913,40.0
2025-11-10 08:00:00+00:00,105965.46,80525805.0806718,-0.004658869478106786,-0.001268049010367478,-0.11556237438769801,66.6948916268511,956.568937833159,909.9108245108545,0.009155831645196288,0.7145282654728393,11.0,11.0,18.0,0.1649716730144891,1.0,0.2727272727272727,0.1649716730144891,39.0
2025-11-10 09:00:00+00:00,106440.0,78317615.2266236,0.0044782516869175115,0.002053437578020567,-0.027422139422710656,70.26402044036315,948.3058656438952,917.5898327374626,0.011974739688180192,0.7991079458879832,15.0,18.0,21.0,-0.1880596089694235,0.8333333333333334,-0.2777777777777778,-0.201411068936189,40.0
2025-11-10 10:00:00+00:00,105995.26,49941503.8491066,-0.004178316422397632,-0.00437895595072213,-0.36232093246719166,63.40598572803906,895.5472094768775,913.1813080853457,0.006331637617177588,0.6767269803654948,16.0,18.0,23.0,0.16625027793149152,0.8888888888888888,0.16666666666666663,0.18240420171059668,42.0
2025-11-10 11:00:00+00:00,106176.5,41518241.0404039,0.0017098877817744995,0.001991592354716243,-0.168662578406785,64.9091057637122,858.4643055343186,902.2379075751403,0.006898348767410356,0.7047646699319007,14.0,17.0,18.0,0.04712897528182058,0.8235294117647058,0.11764705882352944,0.11340505297162704,45.0
2025-11-10 12:00:00+00:00,105944.17,69551740.9570431,-0.002188148978352067,-0.004658305148440456,0.6752092384973174,61.4259612434271,801.0942320119793,882.0091724625082,0.0036960975588311573,0.6199335954872648,13.0,16.0,22.0,0.1761250690324232,0.8125,0.1875,0.35862664749416023,43.0
2025-11-10 13:00:00+00:00,106548.02,83546683.2183387,0.005699700134514263,0.005214950177960809,0.20121627537604314,66.4632344332648,795.187260084087,864.644789986824,0.008027143577033824,0.7982123708812263,23.0,27.0,28.0,0.2968305552861205,0.8518518518518519,0.4074074074074074,0.3744035213375869,50.0
2025-11-10 14:00:00+00:00,104898.15,204475477.1630638,-0.015484755136698114,-0.012039858160704187,1.447439793973544,48.014145172310975,649.8837662934675,821.6925852481528,-0.007762850798494703,0.19984688216976157,21.0,23.0,31.0,0.16072301412730114,0.9130434782608695,0.3913043478260869,0.16809550592941896,57.0
2025-11-10 15:00:00+00:00,105079.99,246191063.2771702,0.0017334910100894607,-0.008156937753158067,0.20401266055410328,49.67229942241528,543.1416698330722,765.9824021651368,-0.006171803261285969,0.25565034523211816,5.0,8.0,7.0,-0.15442726062610745,0.625,-0.125,0.06715716272592545,49.0
2025-11-10 16:00:00+00:00,105242.05,107048704.3825443,0.0015422536678961762,-0.012257102478300363,-0.5651803808084405,51.16723390388205,466.25003676774213,706.0359290856579,-0.004925607393670983,0.2931504371718374,24.0,27.0,36.0,0.2487138696014881,0.8888888888888888,0.4444444444444444,0.25614963766808313,50.0
2025-11-10 17:00:00+00:00,105953.1,73476662.5737815,0.006756329813035755,0.01005689804824983,-0.31361464860696764,57.1775288622742,457.41585089870205,656.3119134482669,0.0011233513140660456,0.5527902134387123,16.0,18.0,22.0,0.0066774942808681065,0.8888888888888888,0.2777777777777778,0.12123805936425924,45.0
2025-11-10 18:00:00+00:00,105478.0,61399506.8017658,-0.004484059456495437,0.0037876859333541013,-0.16436723374429862,52.525678810454,407.3820488543133,606.5259405294762,-0.003716647523804073,0.3075437327402596,12.0,16.0,17.0,-0.05452009185682982,0.75,0.125,0.046608998284985624,52.0
2025-11-10 19:00:00+00:00,105817.99,48843725.582538,0.0032233261912437694,0.0054725273785525275,-0.204493193402438,55.32668642004742,390.66095552773913,563.3529435291288,-0.0010219233830341956,0.438311987713862,9.0,10.0,12.0,-0.12174753081053495,0.9,-0.3,-0.06782859708699915,37.0
2025-11-10 20:00:00+00:00,106010.73,67461508.5501141,0.0018214294185703306,0.0005439199041838982,0.38117041125609985,56.87988101337854,388.4836777872115,528.3790903807453,0.0009413845075829652,0.557947707620639,4.0,8.0,9.0,0.1737844746094197,0.5,0.25,0.10855510225519538,25.0
2025-11-10 21:00:00+00:00,105631.27,120432929.9126972,-0.0035794489859657386,0.001453099224482779,0.7852095587698433,52.974835071280296,352.0803555940656,493.1193434234094,-0.0026090764353238205,0.34012319754117565,17.0,18.0,28.0,0.13050724938511848,0.9444444444444444,0.38888888888888884,0.10270547384724897,30.0
2025-11-10 22:00:00+00:00,106062.8,44266618.6519324,0.004085248620034676,0.002313500757290976,-0.6324375842718297,56.62208725914636,353.97096805705223,465.289668350138,0.0014389852652472168,0.588013111929874,7.0,9.0,9.0,-0.2422998675869571,0.7777777777777778,-0.2222222222222222,-0.176122108740466,28.0
2025-11-10 23:00:00+00:00,106011.13,49686386.1600636,-0.00048716420837469077,3.7732029578574355e-06,0.12243463976200064,56.0614116711907,347.29653659007454,441.69104199812534,0.0009590777761228075,0.558688812410484,15.0,18.0,22.0,0.4682647352003389,0.8333333333333334,0.7222222222222222,0.42926090136170386,39.0
2025-11-11 00:00:00+00:00,106139.83,59472811.8959938,0.001214023470931691,0.004814483438474237,0.19696392698803744,57.19828406682405,348.37615254514094,423.0280641075285,0.002180562955390819,0.6335469537154012,5.0,5.0,7.0,0.054240351915359496,1.0,-0.19999999999999996,0.054240351915359496,27.0
2025-11-11 01:00:00+00:00,106110.36,199454687.8870196,-0.0002776526022323367,0.0004484135813875856,2.353712083360485,56.83564657758806,342.9010237059847,407.00265602721976,0.001897404637531297,0.6161426182726325,10.0,12.0,12.0,0.06028157767529289,0.8333333333333334,0.25000000000000006,-0.06026818696409464,30.0
2025-11-11 02:00:00+00:00,106655.02,186162046.3294262,0.005132957799785176,0.006073796213661664,-0.06664491919649929,61.67217657000091,378.15234984390554,401.23259479055696,0.006834218147757198,0.8953731728017535,8.0,9.0,11.0,0.4417687671052085,0.8888888888888888,0.6666666666666667,0.48871009424328804,23.0
2025-11-11 03:00:00+00:00,106456.0,80266849.6557181,-0.0018660162456488605,0.002978806353844732,-0.5688334371138113,59.06773345935227,385.5852424038749,398.1031243132206,0.004958034321871363,0.7870285212842044,7.0,7.0,9.0,-0.28812586409705027,1.0,-0.14285714285714285,-0.28812586409705027,25.0
2025-11-11 04:00:00+00:00,105755.32,67900772.7588298,-0.006581874201547988,-0.0033459503859942785,-0.15406206858658444,50.915391801973506,331.11989905452356,384.7064792614812,-0.001557440114315245,0.4101397065023755,12.0,13.0,22.0,0.2171581215583361,0.9230769230769231,0.3076923076923077,0.31017396971583366,27.0
2025-11-11 05:00:00+00:00,105249.35,81637218.5768361,-0.00478434560076979,-0.013179595297061475,0.2023017597575134,45.980316829718234,244.31189615627227,356.62756264043946,-0.00577553048177859,0.17118719795279003,11.0,11.0,13.0,0.4408176719126376,1.0,0.5454545454545454,0.4408176719126376,30.0
2025-11-11 06:00:00+00:00,105261.27,120504934.4311873,0.00011325485620572451,-0.01122275869842937,0.4761028919397752,46.11283218178686,174.46663011169585,320.1953761346908,-0.005318096280616524,0.2077758305322226,16.0,17.0,18.0,0.13627269129981012,0.9411764705882353,0.23529411764705882,0.1341555608669296,39.0
2025-11-11 07:00:00+00:00,104783.98,79236398.2040115,-0.004534336323322008,-0.00918478616489471,-0.3424634553097212,41.7016208842012,79.68191591596405,272.0926840909454,-0.00917641494656507,0.03722066737856243,12.0,14.0,18.0,0.07643044859703098,0.8571428571428571,0.2142857142857143,0.0120430087360243,39.0
2025-11-11 08:00:00+00:00,105157.8,53573289.9796197,0.0035675300747308736,-0.000869839101144132,-0.32388029751575154,46.054310449268726,34.33273053848825,224.54069338045397,-0.005271791426444072,0.2409585793797285,13.0,15.0,16.0,0.25041351790229477,0.8666666666666667,0.26666666666666666,0.18726102749888712,41.0
2025-11-11 09:00:00+00:00,104971.63,53153973.3222581,-0.0017703869803286088,-0.002751629350472351,-0.00782697231252949,44.28113461697999,-16.439682284762966,176.3446182474106,-0.0062919524098954405,0.183726793978525,8.0,9.0,9.0,0.017287513034211263,0.8888888888888888,-0.1111111111111111,0.015303884167224169,33.0
2025-11-11 10:00:00+00:00,105176.38,43847579.0790962,0.0019505270138227004,0.003744847256231365,-0.1750836985739478,46.71119141635097,-39.697958060423844,133.13610298584373,-0.004484799839470144,0.26731774312779866,14.0,15.0,17.0,0.09010237877567609,0.9333333333333333,0.06666666666666671,0.08828068657645158,35.0
2025-11-11 11:00:00+00:00,105311.9,39207160.3118008,0.0012885022283519731,0.0014654167356105141,-0.10583067217746722,48.317833137171,-46.65714326288435,97.17745373609812,-0.0033114665366443807,0.324524414990886,21.0,23.0,33.0,0.1301629306829494,0.9130434782608695,0.2608695652173913,0.14883106343802951,43.0
2025-11-11 12:00:00+00:00,104530.83,220451410.0283182,-0.007416730682857198,-0.004199229830002649,4.622733405713278,40.70122284576638,-113.8853693529818,54.96488911828214,-0.0103705722842935,0.0019888385663729704,9.0,12.0,16.0,0.17962280629823604,0.75,0.25,0.06571714352402422,44.0
2025-11-11 13:00:00+00:00,104390.92,346021014.6824766,-0.0013384567978652617,-0.007468026566421204,0.5696021841639765,39.50007708920668,-176.42012917454122,8.68788545971747,-0.010963771213540086,0.022604683387538325,16.0,19.0,30.0,0.09084590387187506,0.8421052631578947,0.21052631578947367,0.018365784315392375,46.0
2025-11-11 14:00:00+00:00,104560.16,126665283.2439613,0.001621213799054555,-0.007138224645077962,-0.6339375995408987,41.73982421470741,-209.90348653700494,-35.03038893962701,-0.00892941759379906,0.1338250176071278,18.0,20.0,24.0,-0.16537505611777306,0.9,-0.10000000000000003,-0.21616187774472767,43.0
2025-11-11 15:00:00+00:00,103455.99,229518865.861576,-0.010560140688384512,-0.010282516650829243,0.8120108366198138,33.12387841202349,-321.82676097725926,-92.38966334715346,-0.018296335852113765,-0.12018499287396621,25.0,26.0,30.0,-0.07252200306035005,0.9615384615384616,0.07692307692307693,-0.0756011514365673,59.0
2025-11-11 16:00:00+00:00,103399.43,68737106.3339715,-0.0005467058988078977,-0.009497856710143027,-0.7005165301948328,32.75094243193256,-410.3603035047854,-155.98379137867985,-0.01761592054715,-0.030183618368935593,14.0,16.0,20.0,0.013458164758048952,0.875,0.125,0.0037239667560373035,57.0
2025-11-11 17:00:00+00:00,103338.99,94681418.5091558,-0.0005845293344459712,-0.011679113727446455,0.3774426006403182,32.33202755674404,-479.8691439066315,-220.76086188427018,-0.0171198630285031,0.032726182554090696,11.0,14.0,15.0,-0.18855642979698523,0.7857142857142857,0.07142857142857145,-0.22284226966175166,50.0
2025-11-11 18:00:00+00:00,103401.07,50323952.2338822,0.0006007413078064072,-0.0005308537475693376,-0.46849177984151325,33.276078603933044,-523.9067921541719,-281.3900479382505,-0.015282936378374412,0.10236739520654259,15.0,16.0,28.0,0.157567233662121,0.9375,0.375,0.15992327816784382,40.0
2025-11-11 19:00:00+00:00,103126.39,49467436.2169709,-0.002656452201123316,-0.002640633512196233,-0.017020046695271907,31.201867671068356,-574.3505702153052,-339.98215239366147,-0.01654791159981106,0.0906924241984574,7.0,10.0,8.0,0.07539826966822147,0.7,0.2,-0.027900367975234985,33.0
2025-11-11 20:00:00+00:00,102809.27,76360761.3235094,-0.003075061582200167,-0.005126041971186268,0.5436571442389033,28.95764812031777,-632.6240650470718,-398.5105349243435,-0.018012618985627227,0.07394664410011488,7.0,10.0,9.0,-0.1871199246495962,0.7,-0.3,-0.08467228657432965,29.0
2025-11-11 21:00:00+00:00,102633.92,81864942.4994619,-0.0017055854982727103,-0.007419168873204152,0.07208127683056409,27.76832134022095,-685.0585801996203,-455.8201439793989,-0.018057193539371186,0.0872091141101333,6.0,6.0,11.0,-0.12082598575701316,1.0,0.16666666666666669,-0.12082598575701316,20.0
2025-11-11 22:00:00+00:00,103000.01,67119700.1491602,0.0035669494062002816,-0.0012254865122303116,-0.1801166885373262,33.87455344883823,-689.1290569693083,-502.4819265773808,-0.012828630934187846,0.189468944082868,11.0,11.0,17.0,-0.315221926366741,1.0,-0.3636363636363636,-0.315221926366741,24.0
2025-11-11 23:00:00+00:00,103058.99,56649457.4926803,0.0005726213036290062,0.002428963847326271,-0.15599358509069428,34.830408815492234,-679.7598970940307,-537.9375206807108,-0.010652818102331763,0.22118874123962404,4.0,5.0,7.0,-0.024412527680397034,0.8,-0.19999999999999996,0.11837461218237877,21.0
2025-11-12 00:00:00+00:00,102885.99,61674202.1101012,-0.0016786502565181438,0.0024560106444342367,0.0886989009218695,33.3094513711349,-678.4734054869768,-566.044697641964,-0.01095141708120606,0.20401267810537765,11.0,12.0,11.0,-0.19504678637410203,0.9166666666666666,-0.25,-0.13724031654948537,26.0
2025-11-12 01:00:00+00:00,103254.64,103143223.6852212,0.0035830923141235704,0.002472135682316967,0.6723884567017051,39.383803846424904,-640.3256025984156,-580.9008786332544,-0.006454990757896795,0.3202678048569496,5.0,5.0,11.0,0.27158301919698713,1.0,0.39999999999999997,0.27158301919698713,20.0
2025-11-12 02:00:00+00:00,103151.66,72809861.5780714,-0.0009973401679574945,0.0008991937530147265,-0.29408972323497473,38.33344691920832,-611.3554937529698,-586.9918016571975,-0.006437464034806939,0.31322744181412193,4.0,6.0,7.0,-0.3503683290133874,0.6666666666666666,-0.33333333333333337,-0.3360505299642682,20.0
2025-11-12 03:00:00+00:00,103310.0,38037334.4219476,0.0015350213462390627,0.004121163629761337,-0.4775799102273869,40.9415440947431,-569.0599897429929,-583.4054392743566,-0.004205436784812222,0.3749976431252442,11.0,12.0,15.0,-0.2137246693794926,0.9166666666666666,-0.25,-0.2349609752947634,20.0
2025-11-12 04:00:00+00:00,103246.87,33126021.6380831,-0.0006110734682025498,-7.525085555482036e-05,-0.12911821657594025,40.21132644393081,-534.4734838691511,-573.6190481933155,-0.0038965660374563615,0.3761934123060318,8.0,8.0,12.0,-0.5240250146016479,1.0,-0.5,-0.5240250146016479,23.0
2025-11-12 05:00:00+00:00,103385.3,48097850.9637704,0.0013407670372962421,0.002265014445719915,0.4519658137418783,42.627728873226886,-490.24207916606974,-556.9436543878664,-0.0017971702246031285,0.4386392650079936,14.0,14.0,20.0,0.15390921251050063,1.0,0.3571428571428571,0.15390921251050063,33.0
2025-11-12 06:00:00+00:00,103366.97,71371543.3866464,-0.00017729793307175168,0.0005514471009582245,0.4838821684654242,42.38346248671483,-451.46326261332433,-535.847576032958,-0.0011016035654479728,0.45704781790943266,9.0,10.0,12.0,-0.29873967729508877,0.9,-0.39999999999999997,-0.38630696427490974,31.0
2025-11-12 07:00:00+00:00,103112.66,71281262.6040098,-0.0024602636606257944,-0.001299894127541057,-0.001264940876331,39.04091804116128,-436.2229560536216,-515.9226520370908,-0.0024991824835054466,0.3750799341494786,11.0,12.0,16.0,0.24687546584755182,0.9166666666666666,0.6666666666666666,0.25347394394603645,34.0
2025-11-12 08:00:00+00:00,104147.24,110482677.6139835,0.010033491522767335,0.0073699065534462704,0.5499539932078656,54.69458780851776,-336.7807448623498,-480.09427060214256,0.007696201896234545,0.9148148632458422,8.0,8.0,17.0,0.2050253259949386,1.0,0.375,0.2050253259949386,28.0
2025-11-12 09:00:00+00:00,104521.56,141142727.6510077,0.003594142293161129,0.011169815657748217,0.2775100196625182,58.815343220926934,-225.17193843201676,-429.1098041681174,0.011254092563421247,1.0884793623268048,14.0,14.0,19.0,0.19730843443955695,1.0,0.2142857142857143,0.19730843443955695,33.0
2025-11-12 10:00:00+00:00,104899.99,64049653.7892367,0.0036205927274717276,0.017333759016594064,-0.5462064900176286,62.526258327836985,-104.9749312466156,-364.2828295838171,0.01474861312920206,1.2071671175990213,14.0,14.0,22.0,-0.08514902341578688,1.0,-0.14285714285714288,-0.08514902341578688,36.0
2025-11-12 11:00:00+00:00,105020.83,54613101.1762901,0.0011519543519498132,0.00838802833373209,-0.14733182858409732,63.6524958824469,0.0324667618406238,-291.41977031468554,0.015149218264433495,1.1049717232381866,13.0,13.0,19.0,-0.10770176308086285,1.0,-0.07692307692307693,-0.10770176308086285,41.0
2025-11-12 12:00:00+00:00,104993.74,56554872.3688891,-0.00025794882786578377,0.004517536860337845,0.035555043584340584,63.193972408345054,80.14182455465198,-217.10745134081805,0.014105948873678775,1.0007823454916134,27.0,28.0,45.0,0.03831114014610648,0.9642857142857143,0.1785714285714286,0.036054024334858964,54.0
2025-11-12 13:00:00+00:00,105039.99,68470417.8294372,0.00044050245281290756,0.0013346045123550088,0.21068998941111317,63.67507563639253,145.68172795865394,-144.54961548092365,0.013719919669251235,0.9456780681018948,18.0,19.0,27.0,-0.07412108582885642,0.9473684210526315,-0.10526315789473684,-0.03309790583120452,58.0
2025-11-12 14:00:00+00:00,103990.4,148880611.0009545,-0.009992289603226512,-0.009811672598664556,1.1743785961964277,48.258557709909525,111.6424872870266,-93.3111949273336,0.00330522143827805,0.6070869914253608,18.0,20.0,26.0,-0.08065951345488429,0.9,-0.10000000000000003,-0.09713435887048642,63.0
2025-11-12 15:00:00+00:00,102173.51,265082353.2620299,-0.017471708926977914,-0.02686093475668183,0.7805028571539807,33.250877491241496,-61.23580654156103,-86.89611725017909,-0.013770893460925304,0.08325020333497972,20.0,22.0,28.0,-0.35042099078947847,0.9090909090909091,-0.22727272727272724,-0.37901342399418353,56.0
2025-11-12 16:00:00+00:00,101442.61,240636473.9408185,-0.007153517580045898,-0.03424771841657648,-0.09221994229486496,29.302986721791328,-254.28933240110928,-120.37476028036514,-0.020179627052716365,-0.04182641244963658,22.0,24.0,33.0,-0.02222293638624251,0.9166666666666666,0.125,-0.06279264280403202,60.0
2025-11-12 17:00:00+00:00,101748.02,91836605.6288129,0.003010667805175782,-0.021563336615687545,-0.6183595773124612,32.888637956278316,-378.2810198135703,-171.9560121870062,-0.016809065600732254,0.07480367604839233,11.0,13.0,16.0,-0.07547885609360841,0.8461538461538461,0.15384615384615385,-0.16405253146182408,53.0
2025-11-12 18:00:00+00:00,101542.17,63644668.2553125,-0.002023135192213088,-0.006179096714989951,-0.30697930504364623,31.72084972987227,-487.5356920619088,-235.0719481619867,-0.018106591989180076,0.07585306951819336,0.0,2.0,0.0,0.37783042527735233,0.0,0.5,0.0,33.0
2025-11-12 19:00:00+00:00,101297.31,98658396.7321445,-0.00241141192865979,-0.0014323369637275762,0.550143938787981,30.34079345665249,-587.1111111503706,-305.4797807596635,-0.019639313886854692,0.07549101388448196,0.0,4.0,0.0,-0.19369382970035076,0.0,-0.25,0.0,11.0
2025-11-12 20:00:00+00:00,101539.01,68834941.1101627,0.0023860455919313406,-0.0020541923076243807,-0.30229008994492235,33.42000299174896,-639.1544040413137,-372.2147054159936,-0.0166591800070085,0.15718446724703342,2.0,4.0,2.0,-0.21906553022563457,0.5,-0.25,0.038059528917074203,2.0
2025-11-12 21:00:00+00:00,101920.47,42648281.7215978,0.003756782737984299,0.00372554575109052,-0.38042684378353797,38.07265148260633,-642.2153952915687,-426.2148433911086,-0.012326916286869771,0.253091210771979,15.0,16.0,24.0,-0.201638916390948,0.9375,-0.25,-0.27452665753662586,17.0
2025-11-12 22:00:00+00:00,101978.96,40827714.1703184,0.0005738788292479757,0.006729201397352114,-0.042687946097425766,38.77908868461606,-632.6290449002845,-467.49768369294384,-0.011198264764215815,0.28041804891031424,6.0,7.0,8.0,-0.008701181837490626,0.8571428571428571,0.14285714285714285,-0.00989820808172226,23.0
2025-11-12 23:00:00+00:00,101654.37,52609608.6220301,-0.0031829114554611238,0.0011361150753783633,0.28857590220608276,36.30403741199745,-643.802143084904,-502.7585755713359,-0.01355375161986394,0.2418790042563778,6.0,6.0,14.0,-0.029970232397317886,1.0,0.0,-0.029970232397317886,27.0
2025-11-13 00:00:00+00:00,101854.58,48571144.4428984,0.001969516903208346,-0.0006464844598931263,-0.07676286299990853,38.89464243985724,-629.2480502883991,-528.0564705147485,-0.010942787487201011,0.2953367216030124,8.0,8.0,12.0,-0.04469529539346695,1.0,0.0,-0.04469529539346695,20.0
2025-11-13 01:00:00+00:00,102007.0,134186405.1303376,0.0014964471897089826,0.0002749586777506252,1.7626774429433283,40.86644823622557,-598.515492681021,-542.1482749480031,-0.008799406179436642,0.33701498245919775,9.0,11.0,14.0,0.527781308543953,0.8181818181818182,0.6363636363636364,0.5956887609014908,23.0
2025-11-13 02:00:00+00:00,102064.41,36660494.9739866,0.0005628045134158377,0.004033668203344387,-0.7267942684776627,41.63046233948986,-563.0368735563534,-546.3259946696732,-0.007613524348099587,0.3598446812345345,10.0,12.0,13.0,-0.010072965795795122,0.8333333333333334,0.08333333333333334,-0.06259698197245597,27.0
2025-11-13 03:00:00+00:00,102130.21,146548620.2240304,0.0006446909358512887,0.0027061129700796105,2.9974533984884206,42.54669435276085,-523.5748571645963,-541.7757671686578,-0.006499221062165383,0.3810167486041797,11.0,11.0,13.0,-0.6138585223393007,1.0,-0.8181818181818181,-0.6138585223393007,30.0
2025-11-13 04:00:00+00:00,102120.0,89124862.0264861,-9.997042011378188e-05,0.0011077671140216072,-0.3918410020494223,42.435384941250206,-487.5051308500697,-530.9216399049402,-0.005618053512530197,0.39514717883634853,10.0,12.0,16.0,0.10068881573776405,0.8333333333333334,0.33333333333333337,0.014478520303964616,31.0
2025-11-13 05:00:00+00:00,103135.84,91731441.2620706,0.0099475127301214,0.01049758676898227,0.02924637611006764,55.038799305810194,-372.6540902236011,-499.2681299686724,0.004951578799834433,0.5965676646332745,9.0,9.0,12.0,-0.19189461506903172,1.0,-0.33333333333333337,-0.19189461506903172,30.0
2025-11-13 06:00:00+00:00,103590.74,127195655.4786679,0.004410687885026299,0.01430066578733169,0.38660914653328526,59.33271130196849,-242.13599183849874,-447.8417023426377,0.010028367320112919,0.7089294663322963,10.0,11.0,16.0,0.11254125156185844,0.9090909090909091,0.18181818181818182,0.03532783836126328,29.0
2025-11-13 07:00:00+00:00,103475.66,137749860.2002575,-0.0011109101064439297,0.013275166470818611,0.08297614161326172,57.82810526042496,-146.29900886623363,-387.5331636473569,0.00966688279596184,0.7216916382640364,0.0,1.0,0.0,-0.8864378333091736,0.0,-1.0,0.0,19.0
2025-11-13 08:00:00+00:00,103684.06,93397054.2157505,0.0020140002006268087,0.005315513986214659,-0.32198076949064003,59.81543714248957,-52.92132694933389,-320.61079630775237,0.012347203606783097,0.8159785707445091,0.0,0.0,0.0,0.0,0.0,0.0,0.0,10.0
2025-11-13 09:00:00+00:00,102827.0,137468834.6282237,-0.008266072914197231,-0.007372666707468278,0.47187548667933155,49.4869607023111,-47.52854109478358,-265.99434526515864,0.005064895848932105,0.6602167643052708,1.0,3.0,2.0,-0.02368643383185069,0.3333333333333333,0.0,0.09848259389400482,1.0
2025-11-13 10:00:00+00:00,102991.22,50598191.6459488,0.0015970513581062828,-0.004681680696697166,-0.6319297258699501,51.22484610421861,-29.661617236139136,-218.72779965935473,0.007161849035913548,0.7507429470138757,17.0,17.0,21.0,0.2672820631414652,1.0,0.5294117647058824,0.2672820631414652,18.0
2025-11-13 11:00:00+00:00,102936.5,42296127.4095121,-0.0005313074260117068,-0.00720998001042783,-0.16407827960589594,50.600142375532286,-19.690419144768384,-178.92032355643747,0.006251336366077442,0.7147310977531215,20.0,21.0,31.0,0.1445613390810433,0.9523809523809523,0.2857142857142857,0.1630733677186072,38.0
2025-11-13 12:00:00+00:00,103143.45,61538619.3439642,0.002010462761022458,0.0030774991004307584,0.45494689733993465,52.93774247561575,4.854997241855017,-142.16525939677896,0.007436860342578289,0.7575093297739707,21.0,24.0,28.0,-0.07938430396219094,0.875,-0.16666666666666663,-0.03209440889103072,58.0
2025-11-13 13:00:00+00:00,102326.48,121808055.3572569,-0.007920716245190529,-0.006454336592964016,0.9793758237639765,44.07170208795657,-41.14098703917989,-121.96040492525916,-0.0008250287869545625,0.4708649978941272,20.0,20.0,31.0,0.24802075009793043,1.0,0.5,0.24802075009793043,61.0
2025-11-13 14:00:00+00:00,102873.14,246263054.54628,0.00534231217569503,-0.0006155251052833988,1.0217304497966317,50.09462720779673,-33.10067857518152,-104.18845965524363,0.0038605491045229368,0.6406993229690043,18.0,23.0,31.0,0.10260681176315183,0.782608695652174,0.21739130434782608,0.023882588371634483,59.0
2025-11-13 15:00:00+00:00,101382.64,211626845.2592213,-0.014488718823980729,-0.017071466971484872,-0.1406472008189501,38.05976061529844,-145.32436079197214,-112.41563988258935,-0.010725291119289326,0.10519172854032419,22.0,26.0,28.0,0.009556778563329807,0.8461538461538461,-0.038461538461538436,0.004274562255225398,60.0
2025-11-13 16:00:00+00:00,100633.13,269145737.9488746,-0.007392883041909326,-0.01654850240133332,0.2717939334170887,33.67819720098419,-291.3827515795856,-148.2090622219886,-0.017604692890061946,-0.07781088416152941,0.0,3.0,0.0,-0.0075758397579193115,0.0,0.0,0.0,40.0
2025-11-13 17:00:00+00:00,99659.99,337501518.5798727,-0.009670175219631982,-0.031234100563081846,0.2539731119352988,29.008665062276577,-480.124764286913,-214.5922026349735,-0.02602999122322558,-0.17673031647302173,0.0,2.0,0.0,0.022677626460790634,0.0,0.0,0.0,22.0
2025-11-13 18:00:00+00:00,98591.78,453086764.7184339,-0.01071854412186879,-0.027527987039990265,0.3424732624164679,24.923581198441212,-707.7413866155985,-313.2220394310985,-0.03487211625650699,-0.19759684099298583,6.0,8.0,9.0,-0.3081133475061506,0.75,-0.25,-0.27586711198091507,6.0
2025-11-13 19:00:00+00:00,98682.14,228024098.4959216,0.0009165064268035206,-0.019387154111175975,-0.4967319369003753,25.87450367706461,-870.7998640911683,-424.7376043631125,-0.03258018978261268,-0.06040991979282479,11.0,14.0,14.0,-0.5467869551586253,0.7857142857142857,-0.5714285714285715,-0.6090560193088922,17.0
2025-11-13 20:00:00+00:00,98162.11,238535934.7345417,-0.005269747899670607,-0.015029903173781167,0.04609967239409185,23.991159623392193,-1030.1124619527545,-545.812575881041,-0.03593334863798803,-0.037001864178747255,6.0,9.0,9.0,0.08781478202177419,0.6666666666666666,0.1111111111111111,0.11231716070324183,23.0
2025-11-13 21:00:00+00:00,98817.36,100350315.6802367,0.0066751825118673835,0.002288020360318166,-0.5793073450676811,30.8236437931711,-1090.9201957536861,-654.83409985557,-0.027975546233170445,0.1100899751244212,15.0,20.0,23.0,0.08576985243707895,0.75,0.3,0.07295283079147338,32.0
2025-11-13 22:00:00+00:00,99851.82,129615124.1837403,0.010468403527477355,0.011853006025203783,0.2916264717766812,39.99426294482995,-1043.6084180107864,-732.5889634866134,-0.016729992384547643,0.2719434446498294,8.0,8.0,15.0,-0.3180749830789864,1.0,-0.5,-0.3180749830789864,29.0
2025-11-13 23:00:00+00:00,99692.02,121673266.0538664,-0.0016003714303856054,0.015585545176239668,-0.0612726190704076,39.131259443515205,-1007.3953907989926,-787.5502489490892,-0.017123667787866337,0.2714592376484072,0.0,0.0,0.0,0.0,0.0,0.0,0.0,23.0
2025-11-14 00:00:00+00:00,98973.95,173485581.1565024,-0.0072028834404198605,0.001584640593515152,0.42583154692089864,35.43145678313617,-1024.8250089003122,-835.0052009393339,-0.02268753135474577,0.20772816456802237,3.0,5.0,3.0,0.7327407717704773,0.6,0.8,0.913016676902771,11.0
2025-11-14 01:00:00+00:00,99255.6,227130430.5453453,0.0028456982872766545,-0.005971047898776449,0.30921791327689396,37.9111393070726,-1004.3339688497654,-868.8709545214203,-0.018025166708772078,0.26798897198591737,2.0,2.0,2.0,0.3701847940683365,1.0,1.0,0.3701847940683365,5.0
2025-11-14 02:00:00+00:00,99620.0,96350448.3484734,0.0036713293758738885,-0.0007224249242818725,-0.5757924285304536,41.064718569315346,-947.7653879685677,-884.6498412108498,-0.012480322651881925,0.33423069409911105,6.0,6.0,9.0,-0.5251370587696632,1.0,-0.8333333333333334,-0.5251370587696632,11.0
2025-11-14 03:00:00+00:00,99139.38,82419212.3280125,-0.004824533226259753,0.001671449911820222,-0.144589218413135,38.30150736915169,-930.9845865605748,-893.9167902807949,-0.015127909721533661,0.2926902378871334,8.0,9.0,9.0,-0.188312951889303,0.8888888888888888,-0.33333333333333337,-0.19688245747238398,16.0
2025-11-14 04:00:00+00:00,97823.98,376290863.6154081,-0.013268188685464977,-0.014423569047993356,3.565572188652366,31.962434275014473,-1012.1599178043398,-917.5654157855039,-0.02535842562315538,0.14609897027774812,0.0,2.0,0.0,0.07692660391330719,0.0,0.0,0.0,14.0
2025-11-14 05:00:00+00:00,97523.98,204395688.1620914,-0.003066732717274423,-0.021040152579803295,-0.4568146401476383,30.713920744619088,-1088.1558620231954,-951.6835050330423,-0.02577372169524017,0.14303837605725953,4.0,6.0,6.0,-0.45406592078506947,0.6666666666666666,-0.5,-0.6770544517785311,12.0
2025-11-14 06:00:00+00:00,97569.13,281542013.6765853,0.00046296305790649583,-0.01583881198369408,0.3774361690708208,31.149813558391273,-1131.6944979551045,-987.6857036174547,-0.02267587481080502,0.1783587706096052,16.0,16.0,21.0,-0.31412110570818186,1.0,-0.3125,-0.31412110570818186,20.0
2025-11-14 07:00:00+00:00,97151.98,219965542.4713841,-0.004275430148859671,-0.006869481286694734,-0.21871148252827277,29.314797782577216,-1186.1860845347255,-1027.385779800909,-0.024026863858982783,0.14828796047102008,13.0,13.0,18.0,-0.07376548676536633,1.0,0.0,-0.07376548676536633,33.0
2025-11-14 08:00:00+00:00,97377.41,154665623.9627582,0.0023203850297235373,-0.0015029124119010362,-0.2968643078136701,31.657824790194567,-1197.378112942868,-1061.3842464293007,-0.018920794043237987,0.19654895144438325,13.0,14.0,16.0,0.11309665627777576,0.9285714285714286,0.3571428571428571,0.09930308707631551,42.0
2025-11-14 09:00:00+00:00,96839.93,101299665.4915248,-0.005519555305486201,-0.0074736753315317594,-0.34504085073282575,29.174742553500337,-1235.3773589840857,-1096.1828689402578,-0.021631847627920586,0.1339752155086957,18.0,18.0,30.0,-0.16355218003607458,1.0,-0.2777777777777778,-0.16355218003607458,44.0
2025-11-14 10:00:00+00:00,96752.2,66763223.6205106,-0.0009059279576100199,-0.004114995906413843,-0.34093342464100906,28.7779708387924,-1258.068878144768,-1128.56007078116,-0.019486455369738476,0.11213447730723117,17.0,20.0,22.0,-0.33165143374353645,0.85,-0.3,-0.28490690886974335,48.0
2025-11-14 11:00:00+00:00,96167.44,185914070.296657,-0.006043893575546577,-0.012425571803563074,1.7846778542841597,26.21847025947463,-1308.1576879926579,-1164.4795942234596,-0.022830292597872393,0.027939069814909696,17.0,18.0,27.0,-0.2782712493919664,0.9444444444444444,-0.38888888888888895,-0.34875157453558026,52.0
2025-11-14 12:00:00+00:00,95350.75,462960216.2213971,-0.008492375381938033,-0.015377747588210755,1.490183854738195,23.125030632580604,-1397.642337440513,-1211.1121428668703,-0.028521582201392115,-0.05868318842700003,6.0,8.0,8.0,-0.5325217144563794,0.75,-0.625,-0.5970165394246578,40.0
2025-11-14 13:00:00+00:00,95243.95,340197139.9873906,-0.001120075091176509,-0.015588792812979979,-0.26516981790784955,22.747059820577533,-1460.3435033903806,-1260.9584149715724,-0.027421765011183652,0.0035568430177038562,23.0,25.0,38.0,-0.0559236391633749,0.92,0.0,-0.07768318964087445,46.0
2025-11-14 14:00:00+00:00,96542.38,344256966.1488059,0.013632676931185639,0.0038988247997451264,0.011933745714516553,36.364807451547605,-1389.247795762596,-1286.6162911297772,-0.013130292605532445,0.2665714418638857,20.0,21.0,24.0,-0.017305648752621243,0.9523809523809523,0.047619047619047616,0.01719314530491829,49.0
2025-11-14 15:00:00+00:00,96796.14,220895016.8241902,0.002628482952253597,0.015158664195090266,-0.35834263778206954,38.64124687241532,-1297.4711838517978,-1288.7872696741813,-0.009581610790559858,0.33016673156131243,21.0,21.0,29.0,-0.4227722054790883,1.0,-0.5714285714285714,-0.4227722054790883,64.0
2025-11-14 16:00:00+00:00,97011.22,156022219.0216408,0.0022219894305703924,0.018555194319429313,-0.2936815811204174,40.581428930321024,-1193.6230556156806,-1269.7544268624813,-0.0067961176280558755,0.38003511037831,10.0,12.0,12.0,0.05430660396814346,0.8333333333333334,0.0,0.03998057022690773,51.0
2025-11-14 17:00:00+00:00,95842.56,136585945.0535767,-0.012046647800120436,-0.00724883724639902,-0.12457375680170413,34.24510593345161,-1191.8844587854983,-1254.1804332470847,-0.01726438053509083,0.2019208060887761,8.0,11.0,8.0,-0.18925132568586955,0.7272727272727273,-0.09090909090909088,-0.3912694212049246,39.0
2025-11-14 18:00:00+00:00,95075.53,130329642.4745918,-0.008003020787424653,-0.017775605514848025,-0.045804878214451894,30.84139379715144,-1238.127159744341,-1250.969778546536,-0.022736189482723268,0.10571747233596746,17.0,19.0,22.0,-0.04627781086846402,0.8947368421052632,0.0,0.003163263201713562,35.0
2025-11-14 19:00:00+00:00,95778.29,115811840.2282792,0.007391596975583559,-0.012709148488185273,-0.11139294154929413,37.0180027290993,-1204.1868581053277,-1241.6131944582944,-0.01352843530848491,0.25202266141686613,16.0,17.0,29.0,-0.20811454316272454,0.9411764705882353,-0.05882352941176472,-0.22275730944238603,41.0
2025-11-14 20:00:00+00:00,94377.47,181728453.2589297,-0.014625652640071096,-0.015286423901865742,0.5691698957612696,31.06270903057812,-1275.618851315725,-1248.4143258297806,-0.025649861370767413,0.04843444402472122,18.0,18.0,21.0,-0.1997667555179861,1.0,-0.22222222222222227,-0.1997667555179861,51.0
2025-11-14 21:00:00+00:00,95059.47,87959324.7365647,0.007226300938137031,-0.0001689183326140098,-0.5159848490470625,36.425147101962864,-1262.6425627903664,-1251.2599732218978,-0.016478571283241705,0.1967426618616292,10.0,15.0,19.0,-0.4063108076651891,0.6666666666666666,-0.6,-0.4443621106445789,44.0
2025-11-14 22:00:00+00:00,95179.99,94239338.7110824,0.0012678379124142491,-0.006246718332515555,0.07139679611372807,37.35255517235094,-1228.472734882569,-1246.702525554032,-0.012964502111834197,0.23026677804952317,3.0,5.0,6.0,-0.6477858304977417,0.6,-0.8,-0.6001745661099752,31.0
2025-11-14 23:00:00+00:00,94594.0,124876690.4055046,-0.006156651203682695,0.002294297569112702,0.3251015140115716,34.70189267064934,-1234.4474539305083,-1244.2515112293274,-0.016723925861270916,0.11518791400109842,5.0,5.0,5.0,-0.3751928709447384,1.0,-0.39999999999999997,-0.3751928709447384,18.0
2025-11-15 00:00:00+00:00,95149.35,99913707.0569933,0.005870879759815706,0.0009455133717872766,-0.19990106454175305,39.11179096146865,-1180.75929986345,-1231.553068956152,-0.009574441104321596,0.26990418847068604,8.0,9.0,12.0,-0.05812467965814802,0.8888888888888888,-0.22222222222222227,-0.047625692561268806,16.0
2025-11-15 01:00:00+00:00,95650.17,90225872.5165979,0.0052635146745616535,0.004939903860044392,-0.0969620167818338,42.85954632967651,-1085.2885318637418,-1202.30016153767,-0.003389386962926788,0.41393754982661807,5.0,5.0,5.0,0.2897858679294586,1.0,0.39999999999999997,0.2897858679294586,18.0
2025-11-15 02:00:00+00:00,96482.77,93148176.4072483,0.008704636907597818,0.01996712265048517,0.03238875733911928,48.53133880989033,-931.7033030108287,-1148.1807898323018,0.00585501737625127,0.6594014350768657,10.0,11.0,14.0,-0.18433009765364908,0.9090909090909091,-0.18181818181818177,-0.18941684067249298,23.0
2025-11-15 03:00:00+00:00,96417.12,135744223.381873,-0.0006804323715001726,0.013324000636893318,0.4572934073168835,48.125702579327125,-805.9923310832091,-1079.7430980824834,0.00555578343410934,0.6579359445099368,4.0,4.0,6.0,-0.172362070530653,1.0,-0.5,-0.172362070530653,19.0
2025-11-15 04:00:00+00:00,96112.14,52029813.3420432,-0.0031631311949578134,0.004829787547685482,-0.6167069798935463,46.19408073440413,-722.6446199594939,-1008.3234024578854,0.0030368715021649173,0.594060280296415,3.0,3.0,3.0,0.01750036949912707,1.0,0.0,0.01750036949912707,17.0
2025-11-15 05:00:00+00:00,96342.18,68496650.5306532,0.0023934541463752623,-0.0014571513649537238,0.3164884924794418,47.892943312780226,-630.7576711308211,-932.8102561924726,0.005698803093097782,0.6825020749596629,10.0,11.0,11.0,-0.12947236407886853,0.9090909090909091,-0.09090909090909088,-0.04670381546020508,17.0
2025-11-15 06:00:00+00:00,96121.27,64741038.833813,-0.0022929728183438414,-0.0030684384681889387,-0.05482912912886895,46.37853859386101,-569.2008004402014,-860.0883650420184,0.003723297463769759,0.6238716174780966,5.0,5.0,5.0,0.36246566362679006,1.0,0.39999999999999997,0.36246566362679006,18.0
2025-11-15 07:00:00+00:00,96333.86,59412108.3267545,0.00221168530128657,0.0023068885990884525,-0.08231147666223881,48.079981591366824,-497.52711770035967,-787.5761155736866,0.005855818669119106,0.6933450810843994,4.0,5.0,5.0,0.25360153429210186,0.8,0.39999999999999997,0.2610380067490041,19.0
2025-11-15 08:00:00+00:00,95910.88,94802802.894584,-0.004390771842838981,-0.0044767515121620916,0.5956815128186981,45.01916123376694,-469.4446925600205,-723.9498309709534,0.0011465742275837965,0.5381872458178649,8.0,8.0,10.0,-0.5865575689822435,1.0,-0.875,-0.5865575689822435,17.0
2025-11-15 09:00:00+00:00,95808.44,62807587.846544,-0.0010680748628310033,-0.0032545346102896833,-0.33749229000768144,44.28387974651358,-450.2648473069421,-669.2128342381511,-0.00021727705790564045,0.49264440685957783,10.0,10.0,17.0,-0.2272625233978033,1.0,-0.3,-0.2272625233978033,22.0
2025-11-15 10:00:00+00:00,95952.13,36675852.8363385,0.0014997634863902487,-0.0039625734918127264,-0.4160601593879457,45.625390148349396,-418.64422954675683,-619.0991132998722,0.0015906200338793308,0.555259164285291,12.0,13.0,20.0,-0.09245726007681626,0.9230769230769231,-0.07692307692307693,-0.05119989067316055,30.0
2025-11-15 11:00:00+00:00,95696.87,29826674.3908655,-0.0026602848733009443,-0.0022313422627340262,-0.18674898920651184,43.616284618311894,-409.461987944931,-577.171688228884,-0.0005004502307857095,0.48158469490455474,0.0,0.0,0.0,0.0,0.0,0.0,0.0,22.0
2025-11-15 12:00:00+00:00,95814.08,30049402.8221084,0.0012248049492109558,5.886746512095975e-05,0.007467424236578868,44.817887779869736,-388.2516050609411,-539.3876715952954,0.001349758023803993,0.5554062734851848,4.0,5.0,7.0,-0.032975828647613524,0.8,0.0,0.0705200806260109,16.0
2025-11-15 13:00:00+00:00,96370.16,78357543.5452504,0.005803739909624905,0.004356651592830607,1.6076239853791705,50.23635947853462,-322.84960587763635,-496.0800584517636,0.006883737254516742,0.7740902458497175,12.0,12.0,18.0,-0.22055217856541276,1.0,-0.08333333333333331,-0.22055217856541276,16.0
2025-11-15 14:00:00+00:00,96254.25,47540961.9438916,-0.001202758198180831,0.005824432920324307,-0.3932816191916819,49.15294082230032,-277.17590730520897,-452.2992282224527,0.005053819195376397,0.7038931209486934,11.0,12.0,17.0,-0.021128188197811443,0.9166666666666666,-0.16666666666666666,-0.00760546936230226,27.0
2025-11-15 15:00:00+00:00,96260.0,35053003.6539483,5.9737621975086697e-05,0.004654013272370916,-0.26267786303276186,49.211456943016046,-237.77428127490566,-409.3942388329433,0.004861143660590317,0.6930666583693269,10.0,10.0,12.0,-0.09688380956649781,1.0,-0.19999999999999996,-0.09688380956649781,33.0
2025-11-15 16:00:00+00:00,96162.84,62588846.1630184,-0.0010093496779556288,-0.0021512883241037173,0.7855487301719011,48.202019827295544,-211.94503830216127,-369.9043987267869,0.002912296830411387,0.6363741643773843,12.0,13.0,16.0,-0.0755046818118829,0.9230769230769231,0.0,-0.09251924666265647,33.0
2025-11-15 17:00:00+00:00,96238.5,62236419.319671,0.0007867904067726528,-0.0001636291384535804,-0.005630825058341449,49.07797568348756,-183.25756830013415,-332.57503264145635,0.0030846584753063677,0.6539709760561346,9.0,9.0,13.0,-0.09996816702187061,1.0,-0.1111111111111111,-0.09996816702187061,31.0
2025-11-15 18:00:00+00:00,96052.99,37382576.302879,-0.0019276069348544977,-0.0021505298150841234,-0.39934564501747405,46.98014968481315,-173.49174344612402,-300.7583748023899,0.0006958291921130844,0.5372866617078145,8.0,9.0,13.0,0.033044627143277064,0.8888888888888888,0.22222222222222227,0.013303198851644993,29.0
2025-11-15 19:00:00+00:00,96012.01,18407471.5692821,-0.0004266395038823312,-0.00156848529015996,-0.507592215685133,46.50722437696727,-167.13240211097582,-274.03318026410705,-0.0004694135026489521,0.46410665906953547,9.0,9.0,16.0,0.28694605744547313,1.0,0.3333333333333333,0.28694605744547313,26.0
2025-11-15 20:00:00+00:00,95277.52,89772255.0212997,-0.007649980455569971,-0.009985400853088855,3.8769465531110345,38.94093203026021,-218.8371642887214,-262.99397706902994,-0.008181972615637023,-0.16322657007050786,4.0,5.0,5.0,0.14620382636785506,0.8,0.0,-0.05025269277393818,21.0
2025-11-15 21:00:00+00:00,95279.99,43702326.513213,2.592426838976536e-05,-0.008047641203048461,-0.5131867133910804,38.976886493394225,-256.65568549021555,-261.72631875326704,-0.007965120516424729,-0.07772893702165876,4.0,4.0,5.0,-0.033025676384568214,1.0,0.25,-0.033025676384568214,17.0
2025-11-15 22:00:00+00:00,95619.62,33236939.3694213,0.003564546973608973,-0.004086884547047753,-0.23946979437416416,43.87110033869582,-256.2677384487615,-260.63460269236595,-0.003981407960998329,0.20813894156095689,5.0,6.0,5.0,-0.14368069296081862,0.8333333333333334,0.16666666666666669,-0.19938568025827408,13.0
2025-11-15 23:00:00+00:00,95596.24,22921764.479194,-0.00024451048853768587,0.0033451752312612104,-0.31035273060423496,43.61179249066808,-254.90843249380123,-259.489368652653,-0.0037990357072736902,0.21888389575683498,3.0,3.0,3.0,-0.2273735006650289,1.0,-0.3333333333333333,-0.2273735006650289,12.0
2025-11-16 00:00:00+00:00,95362.0,29085060.6063577,-0.0024503055768720916,0.0008607263707731683,0.26888401775343707,40.99726476059609,-269.6243217599258,-261.5163592741076,-0.005851462050799228,0.09574012973908325,5.0,5.0,9.0,0.46640965044498445,1.0,1.0,0.46640965044498445,13.0
2025-11-16 01:00:00+00:00,95276.62,67892566.0238537,-0.0008953251819383556,-0.0035871299216625463,1.3342762438326523,40.05467588123811,-284.8921629597753,-266.19152001124115,-0.0061895631213195745,0.08821185079824406,3.0,4.0,7.0,0.12408408895134926,0.75,0.5,0.1286373734474182,11.0
2025-11-16 02:00:00+00:00,95963.88,53225017.8736893,0.007213312143105055,0.0038457579503126116,-0.21604056245290593,50.01659225457538,-238.78335292592237,-260.7098865941774,0.0010612739894488854,0.5713680773235467,2.0,2.0,3.0,-0.050755590200424194,1.0,0.0,-0.050755590200424194,10.0
2025-11-16 03:00:00+00:00,95825.02,30769358.7210803,-0.0014470027681248165,0.004855393133533337,-0.42190045301439905,48.27110921213716,-211.01419004553463,-250.77074728444887,-0.00012189484567193265,0.49139916264692013,1.0,1.0,1.0,-0.9340107440948486,1.0,-1.0,-0.9340107440948486,6.0
2025-11-16 04:00:00+00:00,95821.79,33517860.8904161,-3.3707271858807175e-05,0.0057219704057511755,0.08932594904725089,48.22894739083197,-187.1106671045418,-238.03873124846746,-0.00010912297554122041,0.4922912026479459,0.0,0.0,0.0,0.0,0.0,0.0,0.0,3.0
2025-11-16 05:00:00+00:00,95881.82,37585388.1060963,0.0006264754603313438,-0.0008551134030845287,0.12135402163576736,49.11844133529015,-161.46180249717145,-222.72334549820826,0.00047898013267300144,0.5338260707751917,7.0,8.0,14.0,-0.23196817189455032,0.875,-0.375,-0.2681872794138534,8.0
2025-11-16 06:00:00+00:00,95813.53,19203975.2710683,-0.0007122309526457204,-0.0001199060537634411,-0.4890574172904857,48.10586566627398,-144.97415299000568,-207.17350699656774,-0.00016129253334007387,0.4885754723758544,0.0,0.0,0.0,0.0,0.0,0.0,0.0,7.0
2025-11-16 07:00:00+00:00,96099.99,32390774.8203492,0.002989765641658426,0.002903306231286429,0.6866703046190359,52.52688298920784,-107.55284180358285,-187.2493739579708,0.0026171073987437676,0.6835021724341178,4.0,4.0,6.0,0.07672019395977259,1.0,0.0,0.07672019395977259,11.0
2025-11-16 08:00:00+00:00,96116.94,36299208.6532142,0.00017637879046605853,0.0024521854090795436,0.12066503053855815,52.783207903628394,-75.65634054011025,-164.9307672743987,0.00263554355704243,0.6822707935485134,3.0,3.0,5.0,-0.41995765765508014,1.0,-0.6666666666666666,-0.41995765765508014,7.0
2025-11-16 09:00:00+00:00,96629.75,58940666.5953273,0.005335271805365416,0.008518838623313485,0.623745221512102,59.846925723656945,-8.896103475664859,-133.72383451465194,0.007848419539293383,1.009327704091723,6.0,6.0,11.0,0.5208853681882223,1.0,1.0,0.5208853681882223,13.0
2025-11-16 10:00:00+00:00,96444.71,55505973.7655564,-0.0019149382048488928,0.0035870971474607494,-0.05827373574433237,56.558925547314615,28.749280018979334,-101.22921160792569,0.005818549266662254,0.8658850799098933,10.0,11.0,15.0,0.15720441327853638,0.9090909090909091,0.18181818181818182,0.07948596701025963,19.0
2025-11-16 11:00:00+00:00,95627.13,97767369.146779,-0.008477188639999023,-0.0050959799594119115,0.7613846314943389,44.837494327882546,-7.304157756079803,-82.44420083755652,-0.0023787403502375515,0.3480467958151424,6.0,6.0,7.0,-0.336042370647192,1.0,-0.33333333333333337,-0.336042370647192,22.0
2025-11-16 12:00:00+00:00,95743.9,52447893.9605345,0.0012210969836696783,-0.009167466541101565,-0.4635439777274356,46.541541561207424,-26.152929143878282,-71.18594649882088,-0.0009422262861855657,0.4388261317875064,8.0,9.0,11.0,0.15490769801868332,0.8888888888888888,0.2222222222222222,0.16994385793805122,24.0
2025-11-16 13:00:00+00:00,95420.44,53612855.1777995,-0.0033783875526273155,-0.010620281817426802,0.022211782576848638,42.614470787068015,-66.4255229190021,-70.23386178285713,-0.0038922818339856002,0.24620063521954216,11.0,11.0,15.0,-0.05349598977376114,1.0,-0.18181818181818182,-0.05349598977376114,25.0
2025-11-16 14:00:00+00:00,95531.13,37896902.7265736,0.0011600239948590385,-0.0010038992072647357,-0.2931377633052027,44.345099340256326,-88.39116735344578,-73.86532289697487,-0.0024650558469121453,0.3389394043577286,7.0,7.0,7.0,-0.32126243146402494,1.0,-0.7142857142857143,-0.32126243146402494,26.0
2025-11-16 15:00:00+00:00,94573.46,98675341.0615695,-0.01002469038103071,-0.012224695254736684,1.6037837913433908,34.61778537747951,-180.98873872113472,-95.29000606180685,-0.011722773268824094,-0.1313034416476362,0.0,0.0,0.0,0.0,0.0,0.0,0.0,18.0
2025-11-16 16:00:00+00:00,94224.47,240111970.7883784,-0.0036901473204005164,-0.012533687750758693,1.4333533404111374,31.873909742709188,-279.31380188702315,-132.09476522685011,-0.014827610094313326,-0.1538454451580493,3.0,4.0,4.0,-0.4539830982685089,0.75,-0.5,-0.8997924129168192,10.0
2025-11-16 17:00:00+00:00,94357.67,208463969.3807243,0.0014136455211686272,-0.012283535220404151,-0.13180517949080894,34.023378515300166,-342.54040349120623,-174.18389287972133,-0.012959004029702736,-0.010628752823379446,14.0,14.0,20.0,-0.0021962069773248266,1.0,0.07142857142857145,-0.0021962069773248266,17.0
2025-11-16 18:00:00+00:00,94049.64,308033139.5935437,-0.003264493495865217,-0.005538763200585106,0.4776325161062873,31.54471403339612,-412.7455141099781,-221.8962171257727,-0.01537266693270034,-0.02912249896071897,9.0,9.0,11.0,-0.4103415035125282,1.0,-0.4444444444444445,-0.4103415035125282,26.0
2025-11-16 19:00:00+00:00,94020.0,97030385.6481557,-0.00031515272147775164,-0.002170030778628984,-0.685000173110629,31.30835596258578,-465.4103100180073,-270.59903570421966,-0.014870143314128836,0.03691533016344477,3.0,4.0,5.0,-0.36983735114336014,0.75,-0.5,-0.35838298002878827,26.0
2025-11-16 20:00:00+00:00,94090.0,53194134.6184405,0.0007445224420337127,-0.002836759322268123,-0.45177859220997973,32.5929145460903,-495.7840354728396,-315.63603565794364,-0.013479281641594398,0.10842300803504518,7.0,7.0,7.0,-0.22276935194219863,1.0,-0.2857142857142857,-0.22276935194219863,19.0
2025-11-16 21:00:00+00:00,93505.22,162185589.0828233,-0.0062151131894994105,-0.005788645230327294,2.0489374485772602,27.899160817799014,-560.5802701115463,-364.6248825486642,-0.01869934032833609,0.014048369050503318,3.0,5.0,4.0,-0.4711797028779984,0.6,-0.6,-0.5632865553100904,13.0
2025-11-16 22:00:00+00:00,94183.36,165134906.3963628,0.007252429329613896,0.0017375026590087383,0.018184829677027503,38.889786923662335,-550.8615334881615,-401.8722127365637,-0.010658191516494941,0.22810023181713482,4.0,4.0,5.0,-0.6662554293870926,1.0,-1.0,-0.6662554293870926,14.0
2025-11-16 23:00:00+00:00,94261.44,232325215.9086457,0.0008290211774140133,0.0018220852375385732,0.4068813249635437,40.023410851624746,-530.7409103959071,-427.64595226843244,-0.0090241918509949,0.27232763847124564,5.0,6.0,5.0,-0.526745560268561,0.8333333333333334,-0.5,-0.4560686260461807,12.0
2025-11-17 00:00:00+00:00,95290.01,162418454.9077831,0.010911885071986926,0.019087597462473127,-0.3009004456423324,52.5189329867717,-426.87739190031425,-427.49224019480886,0.0020693323695633037,0.5529092596624825,3.0,3.0,3.0,-0.009561136364936829,1.0,0.0,-0.009561136364936829,12.0
2025-11-17 01:00:00+00:00,94768.02,86732389.1635038,-0.005477908964433897,0.0062076782990116985,-0.465994247927379,47.15022894608825,-382.2783686698385,-418.44946588981486,-0.0028359372368227387,0.42628964054104973,2.0,4.0,3.0,-0.40718217194080353,0.5,0.0,-0.40756450593471527,10.0
2025-11-17 02:00:00+00:00,94976.18,74338105.2418502,0.0021965215691959195,0.007582527913853054,-0.1429026000689141,49.37280786215537,-326.3743092309451,-400.0344345580409,-0.00020519881995062494,0.4945649185990685,1.0,2.0,1.0,-0.48613421246409416,0.5,-0.5,-0.8799988031387329,6.0
2025-11-17 03:00:00+00:00,95496.77,68015787.0188278,0.005481269092945329,0.0021697972326795156,-0.0850481486238247,54.52369970956168,-237.32692010667233,-367.49293166776727,0.0055942203523318135,0.6528915580415775,6.0,7.0,8.0,-0.10512506110327584,0.8571428571428571,0.0,-0.1546096901098887,9.0
2025-11-17 04:00:00+00:00,95096.74,154366890.2300762,-0.00418893748971827,0.0034686806794106406,1.2695744178825001,50.289625951572084,-196.76709193117858,-333.34776372044956,0.0019200227168656436,0.554983539482448,6.0,6.0,9.0,-0.4789559692144394,1.0,-0.5,-0.4789559692144394,13.0
2025-11-17 05:00:00+00:00,95122.76,54584603.4411987,0.0002736161092375955,0.0015433343391995091,-0.6463969484658073,50.558570985914876,-160.67141923605232,-298.8124948235701,0.002990405254833961,0.5968473463994534,9.0,11.0,11.0,-0.23625040934844452,0.8181818181818182,-0.2727272727272727,-0.32090746404396164,21.0
2025-11-17 06:00:00+00:00,95282.36,47063433.7270893,0.0016778318879731025,-0.002245206827414248,-0.13778921600505134,52.264527676037424,-117.8286965349107,-262.6157351658382,0.005289296534902732,0.6948990492791932,12.0,15.0,15.0,-0.07090856408079466,0.8,-0.06666666666666665,-0.07389953049520652,27.0
2025-11-17 07:00:00+00:00,95653.77,109756097.6735146,0.0038979932906784143,0.005857508890420471,1.3320886085355892,56.06383578381696,-53.291535483745974,-220.75089522941977,0.009193724820145244,0.8378402646272708,7.0,7.0,8.0,-0.2986775775040899,1.0,-0.4285714285714286,-0.2986775775040899,28.0
2025-11-17 08:00:00+00:00,95619.06,103677573.838452,-0.0003628712177262683,0.005217468458652785,-0.05538210599600635,55.61831616712387,-4.8898106090928195,-177.5786783053544,0.008893959317285871,0.8313215423940044,9.0,10.0,10.0,-0.3977097876369953,0.9,-0.39999999999999997,-0.3380788241823514,28.0
2025-11-17 09:00:00+00:00,95656.21,86766740.0660094,0.00038852086602836344,0.003923601388546638,-0.16310985246233356,56.021141581884706,36.051025809618295,-134.85273748235988,0.009160413685021185,0.8340083057820548,17.0,18.0,24.0,-0.14881436971740591,0.9444444444444444,-0.1111111111111111,-0.1079578674672281,33.0
2025-11-17 10:00:00+00:00,95651.7,47822683.2958122,-4.7148010568376364e-05,-2.1640547988921455e-05,-0.4488362331069462,55.95474397789652,67.35656971819117,-94.41087604224968,0.009048658404774423,0.826248071231092,15.0,15.0,23.0,-0.1870826192200184,1.0,-0.13333333333333336,-0.1870826192200184,41.0
2025-11-17 11:00:00+00:00,95565.38,88575372.9041344,-0.0009024408348203838,-0.0005613943496202145,0.8521623380319792,54.62037869734279,84.23018309705367,-58.68266421438901,0.007610871707464106,0.7669770023440451,20.0,22.0,28.0,-0.1439546908844601,0.9090909090909091,-0.2272727272727273,-0.18881181105971337,52.0
2025-11-17 12:00:00+00:00,95312.23,52077887.8349247,-0.0026489718347796343,-0.003596002810481558,-0.41205003007677,50.79470892256397,76.29606043836975,-31.686919283837256,0.004365785612638007,0.65513483002907,13.0,14.0,17.0,0.015325207529323441,0.9285714285714286,0.07142857142857145,-0.009596478767119922,48.0
2025-11-17 13:00:00+00:00,93959.79,235276817.1632006,-0.01418957462227044,-0.017688237637177417,3.517787240315423,36.205013026987636,-38.67655486903095,-33.084846400875996,-0.009678130760553905,0.16683930555900822,20.0,22.0,25.0,-0.0661983269859444,0.9090909090909091,0.04545454545454547,-0.030996183305978774,53.0
2025-11-17 14:00:00+00:00,94769.32,301375257.9845729,0.008615706782656884,-0.008330004024469928,0.2809390301107435,46.17145279372105,-63.736164527304936,-39.21511002616179,-0.0015244956024196288,0.4454506566594778,20.0,20.0,22.0,-0.023126568738371135,1.0,0.04999999999999999,-0.023126568738371135,53.0
2025-11-17 15:00:00+00:00,93959.67,176084755.3038383,-0.008543376696171334,-0.014190833642230394,-0.41572922581172234,39.521271857588204,-147.23088816809468,-60.81826565454837,-0.0100233851188134,0.14360421875897902,23.0,24.0,32.0,0.01890299345056216,0.9583333333333334,0.125,0.016416442782982536,63.0
2025-11-17 16:00:00+00:00,94306.0,266218284.7452495,0.003685943128578506,0.003684661279042878,0.5118758252858615,43.284326230179715,-183.34167292178608,-85.32294710799592,-0.006487440221779495,0.2651760254668868,17.0,20.0,20.0,-0.06714141555130482,0.85,0.0,-0.16366875653757768,60.0
2025-11-17 17:00:00+00:00,92767.49,203738435.2693673,-0.016314020316840816,-0.02112318628011678,-0.23469405768153995,33.355459775963695,-332.2743769547815,-134.71323307735304,-0.02231569733325245,-0.20727762336083214,6.0,9.0,10.0,-0.16588087297148174,0.6666666666666666,0.0,-0.0997722956041495,46.0
2025-11-17 18:00:00+00:00,92549.01,276257886.7023247,-0.0023551354035773464,-0.015013462690960933,0.3559438911812478,32.22499279022544,-462.6015453344007,-200.29089552876258,-0.023777526570821217,-0.12939567506571964,15.0,16.0,24.0,0.018067131517454982,0.9375,0.0625,0.01862014705936114,38.0
2025-11-17 19:00:00+00:00,91678.93,339740869.6220933,-0.009401289111574562,-0.02785687018853522,0.229796092620419,28.135431555858034,-628.8460043744708,-286.00191729790424,-0.031636328722320695,-0.16749377062016105,16.0,18.0,22.0,-0.10452055517170164,0.8888888888888888,0.0,-0.12944614235311747,37.0
2025-11-17 20:00:00+00:00,91920.59,297998765.8762795,0.002635938268476856,-0.009129275784005908,-0.12286453435009215,30.763573396430246,-732.6504551394755,-375.3316248662185,-0.027352971965184936,-0.012489729542279417,8.0,11.0,9.0,-0.23339234952899543,0.7272727272727273,-0.2727272727272727,-0.31606762297451496,39.0
2025-11-17 21:00:00+00:00,91959.71,171339268.0217324,0.00042558473569420663,-0.006367437101704176,-0.4250336322101833,31.202192291088124,-802.508751834117,-460.7670502597982,-0.025491112407999394,0.06269057176526788,4.0,6.0,6.0,-0.19801109532515207,0.6666666666666666,-0.16666666666666669,-0.25135884433984756,28.0
2025-11-17 22:00:00+00:00,92247.63,135337836.9941073,0.0031309363633269527,0.0062031701286218155,-0.21011780570381988,34.49152534325192,-825.1276594799419,-533.639172103827,-0.0210246434750766,0.15641681363400656,5.0,5.0,9.0,0.11948574632406235,1.0,0.2,0.11948574632406235,17.0
2025-11-17 23:00:00+00:00,92215.14,134997873.2126638,-0.0003522041704486778,0.0032043963164292144,-0.0025119640522872633,34.29227817915395,-836.0376565303304,-594.1188689891278,-0.019662370702191678,0.1863585914977063,7.0,8.0,9.0,-0.06603109184652567,0.875,0.25,-0.15359086756195342,16.0
2025-11-18 00:00:00+00:00,92169.86,168332177.1545796,-0.0004910256602115304,0.0022852399164807746,0.24692465998633817,33.99751831044024,-838.6699601278815,-643.0290872168786,-0.018616924839821247,0.21039958678790344,0.0,0.0,0.0,0.0,0.0,0.0,0.0,12.0
2025-11-18 01:00:00+00:00,91714.29,152921276.1165049,-0.004942722056863302,-0.005781611950355869,-0.09155053596154028,31.100978804677297,-867.5165802099509,-687.926585815493,-0.021692398956704162,0.1731547633697584,0.0,2.0,0.0,0.1458391472697258,0.0,1.0,0.0,7.0
2025-11-18 02:00:00+00:00,90866.01,232336833.3487476,-0.009249158446301031,-0.014630244014160798,0.5193231396508815,26.562859949514035,-947.9000394741597,-739.9212765472264,-0.028452499850324164,0.09273372940599528,2.0,5.0,2.0,-0.5396952018141746,0.4,-0.6,-0.9195858836174011,2.0
2025-11-18 03:00:00+00:00,90842.72,416267396.9987862,-0.000256311463439296,-0.014398850123022888,0.7916547755213263,26.448750420863817,-1001.9341452854278,-792.3238502948667,-0.02619688841059664,0.1312193854415842,11.0,11.0,14.0,-0.5564433139833537,1.0,-0.5454545454545454,-0.5564433139833537,13.0
2025-11-18 04:00:00+00:00,90081.9,301444396.801565,-0.008375134518209149,-0.01779864402810072,-0.2758395229246263,22.976381725421035,-1093.542699464815,-852.5676201288564,-0.03147821851960175,0.07088325353733453,18.0,20.0,25.0,-0.3090753734111786,0.9,-0.3,-0.3057479966017935,31.0
2025-11-18 05:00:00+00:00,90221.33,142076897.6720125,0.0015478137117446167,-0.007094842174758087,-0.5286795867513205,24.921714965577564,-1141.7311370758252,-910.4003235182502,-0.02713673751739243,0.12888928592403717,17.0,17.0,22.0,-0.22418114586788065,1.0,-0.29411764705882354,-0.22418114586788065,46.0
2025-11-18 06:00:00+00:00,89651.3,119986099.5287348,-0.006318128983467619,-0.013115195141669034,-0.15548480087364225,22.42779331604494,-1211.9469085707678,-970.7096405287538,-0.03014580110336762,0.08631777177413305,11.0,13.0,16.0,0.12906232189673644,0.8461538461538461,0.30769230769230765,0.08280756053599445,46.0
2025-11-18 07:00:00+00:00,90512.1,249302351.0835195,0.009601645486456922,0.0047756541547192555,1.0777602744209172,33.28498913588233,-1184.4800981059088,-1013.4637320441848,-0.01814987735944873,0.2337694607131328,25.0,25.0,30.0,-0.10540160059928894,1.0,-0.03999999999999998,-0.10540160059928894,53.0
2025-11-18 08:00:00+00:00,91220.0,202528148.2545353,0.007821053759663021,0.011069111927301423,-0.18762038394621572,40.64265904228874,-1092.991513290326,-1029.369288293413,-0.008269560900367567,0.365006711435958,20.0,20.0,31.0,-0.07111738352105021,1.0,0.0,-0.07111738352105021,56.0
2025-11-18 09:00:00+00:00,91400.01,131459792.3588569,0.0019733611050207767,0.019505684803232004,-0.35090606667849655,42.382776126323705,-994.4969068018836,-1022.3948119951073,-0.004927898079544302,0.41539536410203226,19.0,21.0,20.0,-0.025747939057293393,0.9047619047619048,-0.047619047619047616,-0.01679263754110587,64.0
2025-11-18 10:00:00+00:00,91585.02,99415511.9093894,0.002024179209608512,0.011853884729223996,-0.24375727265712943,44.19358014669492,-891.2368372533674,-996.1632170467594,-0.0011823692656820484,0.4766018345763451,20.0,20.0,27.0,-0.10156876416876912,1.0,-0.15000000000000002,-0.10156876416876912,59.0
2025-11-18 11:00:00+00:00,91517.82,93526423.7577002,-0.0007337444486008593,0.003264854198640643,-0.05923711540163579,43.65688139757586,-805.5392119688768,-958.038416031183,-0.0005844950859789089,0.48707448176648677,19.0,19.0,23.0,-0.2767044882241048,1.0,-0.21052631578947367,-0.2767044882241048,58.0
2025-11-18 12:00:00+00:00,91518.54,82988784.3053593,7.86732026591963e-06,0.0012968269915945019,-0.11267018484146107,43.664775437785636,-729.1598279201426,-912.262698408975,0.0009468241797698784,0.5262748310371398,16.0,16.0,21.0,0.02191801113076508,1.0,0.1875,0.02191801113076508,55.0
2025-11-18 13:00:00+00:00,91476.56,94610868.0919814,-0.00045870487007326766,-0.00118425480498896,0.1400440298517731,43.28398997361256,-664.3577483614936,-862.6817083994788,0.0011944793430669343,0.5356653931182256,6.0,6.0,9.0,-0.03861365343133608,1.0,0.0,-0.03861365343133608,41.0
2025-11-18 14:00:00+00:00,91359.29,215910904.6101689,-0.0012819677521761497,-0.0017322309469348651,1.2820941078382107,42.17747106170856,-615.3707316319487,-813.2195130459728,0.0005624100314389757,0.517943811515922,0.0,2.0,0.0,-0.23735709860920906,0.0,0.0,0.0,22.0
2025-11-18 15:00:00+00:00,92910.1,258966133.1423015,0.016974847330797127,0.015205225083354756,0.19941201492286642,57.61037046446257,-446.2664794178272,-739.8289063203438,0.016861250936527128,0.9854135476927155,0.0,2.0,0.0,0.2846197858452797,0.0,0.5,0.0,6.0
2025-11-18 16:00:00+00:00,93499.16,236480318.0054635,0.0063401072649798,0.02211058220816353,-0.0868291728497258,61.78285128560865,-261.7011937296338,-644.2033638022018,0.022425050089299292,1.0610830948986771,0.0,0.0,0.0,0.0,0.0,0.0,0.0,0.0
2025-11-18 17:00:00+00:00,93256.92,111013249.0448915,-0.002590825414902187,0.020771067726117476,-0.5305603020953029,59.20211881353845,-133.44040074055374,-542.0507711898722,0.019053353838188514,0.9400704971235906,0.0,4.0,0.0,0.0013527730479836464,0.0,0.0,0.0,0.0
2025-11-18 18:00:00+00:00,93331.08,64688792.6295863,0.0007952224885832138,0.00453104667845583,-0.41728763741139163,59.75633739848374,-25.514589700775105,-438.74353489205276,0.01926036332285408,0.9172697882881987,0.0,1.0,0.0,-0.25764036178588867,0.0,-1.0,0.0,0.0
2025-11-18 19:00:00+00:00,93195.61,46849938.6649371,-0.0014514993290551947,-0.0032465532310664846,-0.27576421261710726,58.20097418385749,48.52671056914551,-341.2894857998131,0.017236298346800627,0.8565924454645247,0.0,2.0,0.0,-0.268389705568552,0.0,-0.5,0.0,0.0
2025-11-18 20:00:00+00:00,92783.36,50094951.7405526,-0.004423491621547426,-0.005078014585941704,0.06926397703150222,53.626613145511214,73.09722547499405,-258.4121435448517,0.012397591475724612,0.751314450410973,0.0,1.0,0.0,0.8648353219032288,0.0,1.0,0.0,0.0
2025-11-18 21:00:00+00:00,92491.59,50280221.1711103,-0.0031446371418323293,-0.008994752873319412,0.0036983652867306205,50.595667361347935,68.23951236162975,-193.08181236355543,0.008786170358510814,0.6758627262220352,0.0,3.0,0.0,-0.0503019243478775,0.0,0.3333333333333333,0.0,0.0
2025-11-18 22:00:00+00:00,93160.0,40864554.5363222,0.007226711098814453,-0.00038209954310075567,-0.18726382691805066,56.64153559811241,116.97640935415984,-131.07016802001237,0.014806850018132423,0.7899826839288862,0.0,0.0,0.0,0.0,0.0,0.0,0.0,0.0
2025-11-18 23:00:00+00:00,92960.83,78687165.3728519,-0.0021379347359381518,0.0019127352145902332,0.9255603362300526,54.50127824894151,137.9393182872882,-77.26827075855226,0.011470380818897619,0.7240695541620158,0.0,2.0,0.0,0.42433879524469376,0.0,0.5,0.0,0.0
2025-11-19 00:00:00+00:00,92416.51,80839401.1765796,-0.005855369406663091,-0.0008117494790608193,0.02735180246396629,49.046760515958155,109.3697532829101,-39.940665950259785,0.004272322972700859,0.5891198071954075,0.0,1.0,0.0,0.3686596751213074,0.0,1.0,0.0,0.0
2025-11-19 01:00:00+00:00,92439.99,78992126.9860137,0.00025406715748088615,-0.007728746243022666,-0.02285116123671982,49.28255601567205,87.61286043580913,-14.429960673046004,0.0033179883587206582,0.574570842261788,0.0,0.0,0.0,0.0,0.0,0.0,0.0,0.0
2025-11-19 02:00:00+00:00,92569.12,49224700.7263143,0.0013969062523697673,-0.004213710226124379,-0.3768404193619195,50.635537538269226,79.86939327140863,4.429910115844923,0.0031311111273779613,0.584529573828838,1.0,4.0,1.0,0.2648642398416996,0.25,0.5,-0.08948560059070587,1.0
2025-11-19 03:00:00+00:00,91874.52,73836181.5582144,-0.0075035821880988784,-0.00586464474799997,0.49998233546889637,43.85794984849901,17.48269514236017,7.040467121147973,-0.005130375895435413,0.34414278143544,8.0,8.0,10.0,-0.0616789935156703,1.0,-0.125,-0.0616789935156703,9.0
2025-11-19 04:00:00+00:00,91163.2,105500034.5335529,-0.0077422989529633,-0.013812095825627035,0.42883925342718165,38.216558593809,-88.3384808293049,-12.035322468942603,-0.012802594527073885,0.11326893437804644,7.0,8.0,11.0,-0.47071540309116244,0.875,-0.5,-0.4016034086900098,16.0
2025-11-19 05:00:00+00:00,90459.99,161670223.304985,-0.007713748530108533,-0.022784379931449994,0.5324186766362422,33.61340837599312,-226.33662746433401,-54.89558346802089,-0.019918755849670955,-0.04357438716717698,15.0,16.0,18.0,-0.09348349273204803,0.9375,-0.0625,-0.10319686780373255,30.0
2025-11-19 06:00:00+00:00,90990.87,111042297.883929,0.005868671884664112,-0.009618009432865726,-0.31315553591800416,39.53456765596271,-289.52609702209884,-101.82168617883647,-0.013849574839274181,0.13689630315256582,12.0,14.0,14.0,0.14303733075835875,0.8571428571428571,0.2857142857142857,0.16293127338091531,34.0
2025-11-19 07:00:00+00:00,91863.64,135028881.4497137,0.009591841467171403,0.007683363462449799,0.21601303307733732,47.78062204067076,-266.11139542750607,-134.6796280285704,-0.004577116774016288,0.37837170791585906,8.0,8.0,9.0,-0.12893922068178654,1.0,-0.125,-0.12893922068178654,35.0
2025-11-19 08:00:00+00:00,91470.44,73663074.213257,-0.0042802571289358715,0.01117013167920966,-0.4544643085065474,44.81535214593888,-276.10031702229753,-162.96376582731583,-0.00881195202976326,0.26643321831294525,19.0,19.0,27.0,0.0353582201427535,1.0,0.15789473684210525,0.0353582201427535,39.0
2025-11-19 09:00:00+00:00,91513.72,67593303.4056482,0.0004731583230603853,0.005746180908040577,-0.08239909713836557,45.21835297592987,-277.3274172231031,-185.83649610647328,-0.008362928359154864,0.2779000292646337,7.0,8.0,9.0,-0.020370383746922016,0.875,-0.125,0.10648637477840696,34.0
2025-11-19 10:00:00+00:00,91314.75,53091285.8227634,-0.0021742095065089284,-0.005975051717959312,-0.214548140898718,43.64051444360812,-291.00064481946174,-206.86932584907098,-0.010495076734927,0.22205776580000106,21.0,24.0,27.0,-0.03805773674199978,0.875,-0.08333333333333331,-0.08366069587923232,47.0
2025-11-19 11:00:00+00:00,91410.22,38124531.4372025,0.0010455046966673098,-0.0006583547646649146,-0.2819060445347843,44.6387154030757,-290.7812004027073,-223.65170075979825,-0.008654928110791271,0.27289020826765376,24.0,25.0,29.0,0.18330366283655167,0.96,0.36,0.1668894455457727,52.0
2025-11-19 12:00:00+00:00,91780.0,55348450.5843162,0.0040452807136881486,0.002909727634282655,0.45178048090858214,48.447299597821285,-257.79740548471455,-230.4808417047815,-0.0037159073656830577,0.3969900863891218,16.0,17.0,18.0,-0.2965860432561706,0.9411764705882353,-0.3529411764705882,-0.2968172929249704,61.0
2025-11-19 13:00:00+00:00,91405.02,66633777.8870517,-0.004085639572891653,0.0009885588034792558,0.20389599317769092,45.06185408185703,-258.93047322152415,-236.17076800813004,-0.006788056941125387,0.3052356829969269,16.0,16.0,21.0,-0.12953813804779202,1.0,-0.0625,-0.12953813804779202,56.0
2025-11-19 14:00:00+00:00,91713.44,127058674.3797292,0.0033742129261609133,0.003317134561102719,0.9068208108371307,48.26411870008093,-232.26412488741335,-235.3894393839867,-0.002560130148894224,0.42113093905404847,12.0,13.0,19.0,-0.04656614520801948,0.9230769230769231,-0.07692307692307693,-0.050700556952506304,44.0
2025-11-19 15:00:00+00:00,89951.7,299466811.9860763,-0.01920918024664653,-0.01992046197428632,1.3569174906632973,35.52582288233579,-349.2624659374851,-258.1640446946864,-0.019991421301043366,-0.06804105539902675,13.0,15.0,18.0,0.0941463773449262,0.8666666666666667,0.33333333333333337,0.1182068523306113,41.0
2025-11-19 16:00:00+00:00,89905.78,217068828.8042166,-0.0005104961885100678,-0.016402162594570946,-0.27514896437235525,35.26456450661294,-440.6107677181717,-294.6533892993835,-0.018953885465690323,0.0014546921977312774,1.0,3.0,1.0,-0.10444428150852521,0.3333333333333333,-0.3333333333333333,-0.3357873558998108,26.0
2025-11-19 17:00:00+00:00,89500.01,236650996.4189765,-0.004513280458720237,-0.024134194508460327,0.09021179006969193,32.958079121078526,-539.5278615039715,-343.62828374030113,-0.021784982625072558,-0.016746074990776176,8.0,10.0,8.0,-0.25201080963015554,0.8,-0.3,-0.2935309009626508,22.0
2025-11-19 18:00:00+00:00,89237.83,197617989.034802,-0.0029293851475546973,-0.007936147954958006,-0.16493912121573695,31.523416542560284,-631.7931872734334,-401.2612644469276,-0.02255547518667045,-0.013065618470624357,14.0,14.0,20.0,-0.5871014702799064,1.0,-0.7142857142857143,-0.5871014702799064,23.0
2025-11-19 19:00:00+00:00,88884.56,133837231.9971438,-0.003958747091900472,-0.011358780269744573,-0.3227477283276369,29.650526947155853,-725.0619959273026,-466.02141074300266,-0.02424663873752564,-0.022249971750242042,16.0,17.0,19.0,-0.06583726778626442,0.9411764705882353,0.05882352941176466,-0.08637762279249728,38.0
2025-11-19 20:00:00+00:00,89516.91,126814702.5433075,0.007114283965629298,0.0001888267945446831,-0.052470671643793265,36.87962200119431,-739.4291594489623,-520.7029604841946,-0.01573834506204075,0.1638987245873981,12.0,13.0,18.0,-0.1225870859164458,0.9230769230769231,-0.07692307692307693,-0.16385455057024956,42.0
2025-11-19 21:00:00+00:00,90600.68,260978154.3866668,0.012106874555879887,0.015272110493946167,1.0579487169284825,46.942732698206704,-655.8043541232182,-547.7232392119994,-0.002813673281066187,0.4367162836616506,19.0,21.0,22.0,-0.05735216662287712,0.9047619047619048,-0.09523809523809523,-0.10530286752863934,47.0
2025-11-19 22:00:00+00:00,90480.56,69457085.4699623,-0.001325817863618628,0.017955874451085707,-0.7338586226376087,46.066121152561955,-592.3950125816773,-556.6575938859351,-0.0029898219642626733,0.42724867676661255,11.0,12.0,17.0,-0.17967694299295545,0.9166666666666666,-0.08333333333333337,-0.23560523766685615,42.0
2025-11-19 23:00:00+00:00,91554.96,106234905.2655353,0.011874373898658641,0.022767206776909577,0.5295042189968953,54.288534783150865,-450.2572662163002,-535.3775283520081,0.009026701378684665,0.7236345756635179,9.0,10.0,11.0,-0.011703338474035263,0.9,0.0,0.07515785843133926,39.0
2025-11-20 00:00:00+00:00,91891.32,96073362.5203581,0.0036738588493732127,0.014245367694812217,-0.09565163841186008,56.52322835999595,-306.93251033213164,-489.6885247480328,0.012327546547229451,0.7957658782220522,7.0,7.0,9.0,-0.10971845260688237,1.0,0.0,-0.10971845260688237,27.0
2025-11-20 01:00:00+00:00,92590.13,97809515.4774798,0.007604744387173845,0.023315173999807426,0.018071116817149013,60.80979717673558,-135.3977014732227,-418.8303600930708,0.0188306017638189,0.918787105475305,10.0,10.0,11.0,-0.05394759252667427,1.0,0.0,-0.05394759252667427,26.0
2025-11-20 02:00:00+00:00,92592.84,83761047.723872,2.92687784322343e-05,0.011336141701115743,-0.14363088994999051,60.82592761237857,0.7548433760530315,-334.91331939924606,0.01796321241723553,0.875481750413133,9.0,9.0,12.0,-0.0303081472714742,1.0,0.0,-0.0303081472714742,26.0
2025-11-20 03:00:00+00:00,92440.32,85094206.8497522,-0.0016472115986504443,0.005974448946864719,0.01591621836292112,59.345462114232234,95.25162531349633,-248.88033045669758,0.015964350677301953,0.8246141949758163,8.0,8.0,11.0,-0.11546893510967493,1.0,0.0,-0.11546893510967493,27.0
2025-11-20 04:00:00+00:00,92962.83,86107631.19278,0.005652403626469349,0.0040252670560025905,0.011909439908373232,62.69531277581253,209.8837863720255,-157.12750709095297,0.020869771039036866,0.8974095832715046,9.0,10.0,14.0,0.10186644569039345,0.9,0.39999999999999997,0.11097065856059392,26.0
2025-11-20 05:00:00+00:00,92616.2,81545919.3733317,-0.0037286945761010326,0.000252287325888334,-0.05297685880169467,59.20980336053103,269.6520745361631,-71.77159076552975,0.016447959510040633,0.8022380555419829,22.0,22.0,29.0,0.1842743552882563,1.0,0.36363636363636365,0.1842743552882563,39.0
2025-11-20 06:00:00+00:00,91974.7,122231151.6884667,-0.0069264340363780486,-0.005036979534471686,0.49892419667096743,53.30366698497409,262.23233364438056,-4.970805883547683,0.00904218293348813,0.6644207251249071,14.0,15.0,22.0,-0.025772385050853094,0.9333333333333333,0.0,-0.02950541249343327,45.0
2025-11-20 07:00:00+00:00,92320.18,60566259.2363086,0.003756250360153368,-0.00691297801497659,-0.5044940802760725,55.85741781000224,280.990401793053,52.22143565177247,0.012327092399783135,0.7198996884631705,5.0,6.0,5.0,-0.26180164019266766,0.8333333333333334,0.0,-0.43447057008743284,41.0
2025-11-20 08:00:00+00:00,92128.22,57342740.2966699,-0.0020792853740102535,-0.00526884065638622,-0.05322301526104889,54.08745238802171,277.1716756782844,97.21148365707487,0.01002934223174723,0.6775323912539347,9.0,10.0,11.0,-0.19951886236667632,0.9,-0.10000000000000003,-0.28515269027815926,28.0
2025-11-20 09:00:00+00:00,91950.0,109022597.8280814,-0.0019344778396891416,-0.00026855211270049306,0.9012449922002199,52.42647038010459,256.8041646119673,129.13001984805334,0.007774401365154615,0.636651069482861,21.0,22.0,29.0,-0.0551898092539473,0.9545454545454546,0.045454545454545414,-0.012761362163083894,35.0
2025-11-20 10:00:00+00:00,91801.39,84381349.4386404,-0.0016162044589450586,-0.005619464780072914,-0.2260196407014441,51.01951285075219,226.06524096043722,148.51706407053013,0.006097141307031428,0.6070312323423012,28.0,30.0,37.0,0.032775798439979555,0.9333333333333333,0.16666666666666669,-0.0054178424179553986,58.0
2025-11-20 11:00:00+00:00,91934.0,43397129.4379284,0.0014445315043705165,-0.0021081488386511804,-0.48570235334426004,52.250938326488175,209.98437210571137,160.81052567756637,0.0064572155348587845,0.6158933155635081,21.0,22.0,32.0,0.1922853376547044,0.9545454545454546,0.3181818181818182,0.24597338312083766,70.0
2025-11-20 12:00:00+00:00,91839.25,40691895.5180703,-0.0010306306698283363,-0.0012044589450788123,-0.062336701871662625,51.25931785674001,187.4340119248809,166.1352229270293,0.004356975290183307,0.5808314256171865,24.0,25.0,32.0,0.12902058228850366,0.96,0.28,0.12679765233770013,73.0
2025-11-20 13:00:00+00:00,91529.36,141130000.8491228,-0.003374265360398754,-0.0029632448920435817,2.468258213394122,48.047608810588294,142.9097808780789,161.49013451723923,-0.00014148648550638132,0.49718178759274134,21.0,21.0,26.0,0.042005425407772974,1.0,0.2857142857142857,0.042005425407772974,66.0
2025-11-20 14:00:00+00:00,91103.19,202936177.9402762,-0.00465610160499319,-0.009037026562533912,0.4379379063224711,43.96764274718389,72.40105534707254,143.6723186832059,-0.005809861191471644,0.37044953944134923,25.0,28.0,31.0,0.08854689056585942,0.8928571428571429,0.10714285714285715,0.06107995085418225,70.0
2025-11-20 15:00:00+00:00,89869.88,176986652.0629724,-0.013537506205874905,-0.021443663792986012,-0.12787037846421212,34.76686793823595,-82.04961058574554,98.52793282941562,-0.01979570320704893,0.0021222217443769213,21.0,22.0,27.0,0.06416408683766019,0.9545454545454546,0.2727272727272727,0.024751090932460057,67.0
2025-11-20 16:00:00+00:00,87878.1,523905525.5752014,-0.022162931562832777,-0.03989168065853399,1.9601414539939102,25.489788917702228,-361.01136183697963,6.62007389613656,-0.040662525709951436,-0.31253597213128625,26.0,29.0,39.0,-0.11168378238277189,0.896551724137931,-0.13793103448275862,-0.0798857777307813,72.0
2025-11-20 17:00:00+00:00,87233.81,509277515.5804128,-0.007331633251060343,-0.042472497395535824,-0.02792108363187873,23.321912338543555,-626.8534021410742,-120.07462131130559,-0.04594271474718725,-0.20976430654391118,18.0,20.0,21.0,-0.31788361743092536,0.9,-0.4,-0.3186992299225595,65.0
2025-11-20 18:00:00+00:00,86486.27,268746115.2605357,-0.008569383820332899,-0.037650100345076654,-0.47229927291360696,21.081595144459513,-887.6233949475136,-273.5843760385472,-0.0520478482742025,-0.15072794338536505,14.0,15.0,23.0,-0.1834775149822235,0.9333333333333333,-0.06666666666666665,-0.24493287077971868,58.0
2025-11-20 19:00:00+00:00,86921.28,237295119.676161,0.005029815715257291,-0.010888036951185898,-0.11702865194492051,25.56270337573207,-1047.1133506226615,-428.29017095537006,-0.04485430333419116,0.002045345395355662,17.0,20.0,19.0,-0.11233732551336288,0.85,-0.10000000000000003,-0.06458893549792907,49.0
2025-11-20 20:00:00+00:00,86462.97,127899115.5576664,-0.005272701920634337,-0.008836482093353415,-0.46101244841355526,24.015512919679367,-1196.697294805519,-581.9715957253999,-0.04704831757563677,0.028237646498295133,15.0,17.0,17.0,-0.24327500372686806,0.8823529411764706,-0.3529411764705882,-0.2795600118736426,46.0
2025-11-20 21:00:00+00:00,87282.6,105992157.7131898,0.009479549453367264,0.009207588672745404,-0.17128310660287038,31.94819161000224,-1234.8715269168024,-712.5515819636804,-0.035192851416459225,0.15964906395655723,8.0,11.0,9.0,-0.13563075915656306,0.7272727272727273,-0.18181818181818182,-0.1826646775007248,40.0
2025-11-20 22:00:00+00:00,88065.97,111887910.3580791,0.008975099275227771,0.013169272242654628,0.05562442327896533,38.551203538745035,-1188.2164492043667,-807.6845554118177,-0.024091925682734106,0.26781784949609333,12.0,13.0,16.0,-0.16139222137056863,0.9230769230769231,-0.07692307692307693,-0.1853237875426809,35.0
2025-11-20 23:00:00+00:00,86637.23,94869237.9430647,-0.016223519709145373,0.002015429264111468,-0.15210465867624934,32.38023468105837,-1252.095958697988,-896.5668360690518,-0.036827640159552644,0.15620043254902738,5.0,6.0,8.0,-0.04808930183450381,0.8333333333333334,0.0,-0.19957869797945021,25.0
2025-11-21 00:00:00+00:00,87285.24,73661577.3282824,0.00747957892928941,3.024657835570821e-05,-0.22354623136648333,37.283762017270355,-1236.182002219226,-964.4898692990866,-0.026551337323073354,0.24900366018495668,13.0,13.0,16.0,-0.219136543571949,1.0,-0.30769230769230765,-0.219136543571949,30.0
2025-11-21 01:00:00+00:00,87049.86,73382298.3685188,-0.0026966758640980526,-0.01153805493767912,-0.003791379032232256,36.25532136619879,-1228.4030106507562,-1017.2724975694206,-0.02615366156463972,0.2497079378931871,6.0,7.0,6.0,-0.0939411073923111,0.8571428571428571,0.0,-0.08255046357711156,24.0
2025-11-21 02:00:00+00:00,85444.93,258957397.8413295,-0.018436905010530857,-0.01376198200242551,2.528880991719154,30.14871958786688,-1336.3380684173171,-1081.085611739,-0.040604180587690775,0.12424040825642285,9.0,10.0,9.0,-0.12500900626182557,0.9,0.2,-0.1502316337492731,28.0
2025-11-21 03:00:00+00:00,85821.34,149091744.8471934,0.004405293561595691,-0.016771449560086138,-0.42426149594480356,32.999070999284,-1375.6466399618803,-1139.9978173835761,-0.032849085696882385,0.1941486175026683,12.0,14.0,13.0,-0.45225869717874695,0.8571428571428571,-0.5714285714285714,-0.42268554323042434,27.0
2025-11-21 04:00:00+00:00,86053.09,88859434.997589,0.002700377318741509,-0.011450564079023229,-0.40399493554346344,34.764108393194036,-1372.2798895769956,-1186.4542318222602,-0.02690637856983047,0.24328622960723764,16.0,17.0,21.0,-0.3387201686992365,0.9411764705882353,-0.411764705882353,-0.36494564497843385,37.0
2025-11-21 05:00:00+00:00,86195.08,106343815.7395726,0.0016500279071909318,0.0087793389262536,0.1967644824937047,35.87865544268995,-1342.676767314464,-1217.698738920701,-0.02211886898483406,0.2802144659585621,15.0,16.0,19.0,-0.1475873407907784,0.9375,0.0,-0.1216979627807935,43.0
2025-11-21 06:00:00+00:00,85581.3,115511015.3391703,-0.007120824065596332,-0.0027969733401971286,0.08620341047426239,33.235325375377144,-1353.144785287528,-1244.7879481940665,-0.025644331712515345,0.23399796297913325,11.0,12.0,12.0,0.12633023442079624,0.9166666666666666,0.25,0.05830262770706957,42.0
2025-11-21 07:00:00+00:00,84049.39,889080852.8496418,-0.017900055269083337,-0.023284463114572662,6.696935657946298,27.74175840210833,-1468.1294172004564,-1289.4562419953445,-0.038770998560181735,0.08651985302548483,8.0,8.0,11.0,-0.08851559646427631,1.0,-0.125,-0.08851559646427631,34.0
2025-11-21 08:00:00+00:00,83643.45,352912778.6057301,-0.0048297792524133465,-0.0296029657377197,-0.6030588472639018,26.492119673336276,-1573.8689502695488,-1346.3387836501854,-0.0389093187560291,0.06492660690728878,18.0,18.0,26.0,-0.4467918371988667,1.0,-0.4444444444444445,-0.4467918371988667,37.0
2025-11-21 09:00:00+00:00,82207.84,363384975.6522787,-0.017163447944818166,-0.03941819065613639,0.029673612522396198,22.61273462206273,-1753.2990807337337,-1427.7308430668952,-0.05031905947671489,-0.06466235240719456,22.0,24.0,33.0,-0.22512279357761145,0.9166666666666666,-0.20833333333333331,-0.20495498383587057,48.0
2025-11-21 10:00:00+00:00,82703.61,459876742.7417613,0.006030690016913365,-0.016011775933174488,0.26553592898627465,26.609550824484245,-1834.3490224850539,-1509.054478950527,-0.03993389554300575,0.023488343040654686,20.0,20.0,24.0,-0.14512789295986295,1.0,-0.25,-0.14512789295986295,60.0
2025-11-21 11:00:00+00:00,82309.66,166931832.7442203,-0.004763395455168129,-0.015946138041890823,-0.6370074473673504,25.483273259772176,-1908.371637561053,-1588.9179106726322,-0.040295747303311424,0.013592984307640804,12.0,14.0,15.0,-0.15656090487859078,0.8571428571428571,-0.14285714285714285,-0.09622616584723194,54.0
2025-11-21 12:00:00+00:00,83285.35,753183647.2744826,0.01185389418447369,0.013107144038816854,3.5119234294188884,33.042268211565144,-1866.7859184603585,-1644.4915122301775,-0.02631246661968878,0.18481586845355275,25.0,26.0,39.0,-0.1594785753494272,0.9615384615384616,0.0,-0.16940081007778646,57.0
2025-11-21 13:00:00+00:00,84115.28,340811371.8092294,0.009964897788146354,0.017069025161053908,-0.5475056142781236,38.73519542636752,-1746.725358840602,-1664.9382815522627,-0.01481384060899349,0.3209692259642549,30.0,32.0,38.0,-0.04454695765161887,0.9375,0.0625,-0.03735737955818574,67.0
2025-11-21 14:00:00+00:00,84850.0,433887030.4962863,0.008734679359089004,0.030863206092699214,0.27310021432957465,43.328885915039116,-1574.144973282775,-1646.7796198983654,-0.0052553642835454495,0.43599320229151073,24.0,24.0,28.0,-0.07531394949182868,1.0,-0.125,-0.07531394949182868,79.0
2025-11-21 15:00:00+00:00,82932.47,390042260.0113535,-0.02259905715969357,-0.004236999664406826,-0.10105112023003426,35.78698564330607,-1573.958802566165,-1632.2154564319253,-0.025457023599842032,0.19600197834731664,30.0,30.0,39.0,-0.15693178474903108,1.0,-0.16666666666666669,-0.15693178474903108,84.0
2025-11-21 16:00:00+00:00,84919.59,241249529.2224901,0.02396069959088387,0.009561996345966994,-0.38147848590696887,46.23169217919641,-1397.3593947104964,-1585.2442440876396,-0.0012005645996294723,0.48545136847644094,26.0,27.0,32.0,-0.33840189363669465,0.9629629629629629,-0.33333333333333337,-0.36856322090786237,80.0
2025-11-21 17:00:00+00:00,84877.07,175954306.2442984,-0.0005007089647982577,0.00031903358868601295,-0.2706543021602077,46.05905194209488,-1246.4656205249048,-1517.4885193750927,-0.00028642052522387385,0.4963717679478741,17.0,20.0,22.0,-0.161034931614995,0.85,-0.25000000000000006,-0.18613889550461488,73.0
2025-11-21 18:00:00+00:00,84577.11,177016617.3640961,-0.0035340522475623137,0.01983107460805167,0.006037426093583376,44.78841152246405,-1137.9676992054156,-1441.5843553411573,-0.0017684397907210547,0.4752013909547867,10.0,10.0,14.0,-0.27635745964944364,1.0,-0.3,-0.27635745964944364,53.0
2025-11-21 19:00:00+00:00,84209.3,88281085.3258754,-0.004348812580614259,-0.008364265536373816,-0.5012836272636783,43.21414427339986,-1069.3348810866737,-1367.1344604902606,-0.004683475367360135,0.4316057234066489,0.0,3.0,0.0,-0.4530257085959117,0.0,-0.3333333333333333,0.0,27.0
2025-11-21 20:00:00+00:00,84571.2,102215908.5020792,0.004297625084165313,-0.00360368236085451,0.15784607908665427,45.253164597330496,-974.5070619784092,-1288.6089807878902,0.0011998838023214997,0.5193178555080518,24.0,26.0,28.0,-0.21346867872545353,0.9230769230769231,-0.15384615384615385,-0.20229076105169952,34.0
2025-11-21 21:00:00+00:00,85182.14,100781869.3924881,0.007223972226952036,0.007153590374511465,-0.01402950999121555,48.6080024847414,-840.3703141074948,-1198.9612474518112,0.009548634773253184,0.6699712828259701,10.0,10.0,11.0,-0.08609141856431961,1.0,-0.3,-0.08609141856431961,34.0
2025-11-21 22:00:00+00:00,84284.42,75283191.8908823,-0.010538828914136267,0.0008920629906672417,-0.2530085783813252,44.31113088275209,-797.3135422529886,-1118.6317064120467,-0.00040340526009174926,0.4926656261240166,4.0,6.0,6.0,-0.006590497990449269,0.6666666666666666,0.0,0.18986265920102596,38.0
2025-11-21 23:00:00+00:00,85129.43,84647471.7527145,0.010025696326794398,0.00660071040732535,0.12438739148314903,48.89094725114334,-687.085204848423,-1032.322406099322,0.010032658811376383,0.6881036145639169,4.0,4.0,5.0,0.2316298121586442,1.0,0.5,0.2316298121586442,18.0
2025-11-22 00:00:00+00:00,84739.93,83626256.795014,-0.004575385974039725,-0.005191346448915279,-0.012064329111728722,46.97333261285191,-623.9651660858945,-950.6509580966365,0.006195206234625328,0.6236615654924165,4.0,4.0,5.0,-0.1480941493064165,1.0,-0.25,-0.1480941493064165,12.0
2025-11-22 01:00:00+00:00,85174.28,60147440.3257699,0.005125682780243057,0.010557823142165468,-0.28075890717906626,49.358697378994044,-532.7524272709852,-867.0712519315064,0.011965940485016535,0.7569391055778848,0.0,0.0,0.0,0.0,0.0,0.0,0.0,8.0
2025-11-22 02:00:00+00:00,84528.99,52748651.2097264,-0.007576113352528391,-0.007053259959569624,-0.1230108725486947,46.044787227114384,-506.6943278886756,-794.9958671229404,0.004927383202084412,0.6114688627803537,0.0,1.0,0.0,0.12286020070314407,0.0,1.0,0.0,4.0
2025-11-22 03:00:00+00:00,84440.47,51390855.678916,-0.0010472146893036882,-0.003533871222220597,-0.025740857816664575,45.592574985784616,-487.56556822576385,-733.5098073435051,0.0036416931381533235,0.5821786884215274,0.0,0.0,0.0,0.0,0.0,0.0,0.0,0.0
2025-11-22 04:00:00+00:00,84246.88,63657359.7750417,-0.002292621061914968,-0.010888263452300317,0.2386904038486024,44.561830397395994,-482.46542241321004,-683.3009303574461,0.0009817588705209879,0.5223210806322465,0.0,0.0,0.0,0.0,0.0,0.0,0.0,0.0
2025-11-22 05:00:00+00:00,84280.92,51284805.5517811,0.00040405057136827516,-0.002934732805869422,-0.19436172450418743,44.79815116072229,-470.2559586294228,-640.6919360118414,0.00015444788855267788,0.504020242556227,0.0,0.0,0.0,0.0,0.0,0.0,0.0,0.0
2025-11-22 06:00:00+00:00,84636.0,43501274.6715251,0.0042130532035009605,0.0023155958274510002,-0.1517707008247725,47.320781777603976,-427.005627076549,-597.954674224783,0.0032178869211785255,0.593214303298619,0.0,0.0,0.0,0.0,0.0,0.0,0.0,0.0
2025-11-22 07:00:00+00:00,84580.06,28455092.6380578,-0.0006609480599272244,0.00395480521059044,-0.345879106924565,46.95671697131092,-392.7163288277079,-556.9070051453681,0.001207597791873516,0.5459223740597441,0.0,1.0,0.0,0.20058897137641907,0.0,1.0,0.0,0.0
2025-11-22 08:00:00+00:00,84016.77,48756555.7849118,-0.006659843939576193,-0.0031341613261933743,0.7134562310193089,43.340803659684944,-406.3109090734506,-526.7877859309847,-0.005890643849642774,0.24937233540370404,0.0,0.0,0.0,0.0,0.0,0.0,0.0,0.0
2025-11-22 09:00:00+00:00,83929.52,117767612.2571522,-0.0010384831504471892,-0.008347275391086484,1.4154210723308838,42.791146005251726,-419.29172369249864,-505.2885734832875,-0.006813860345076805,0.21530512943030028,0.0,0.0,0.0,0.0,0.0,0.0,0.0,0.0
2025-11-22 10:00:00+00:00,83693.25,63285278.4816141,-0.0028151000982730157,-0.010484858960847276,-0.4626257825162734,41.26496979100424,-443.5313736226235,-492.93713351115474,-0.00893146735326289,0.1432444415038474,0.0,1.0,0.0,0.8096156120300293,0.0,1.0,0.0,0.0
2025-11-22 11:00:00+00:00,84098.94,50936659.073417,0.0048473443198824295,0.0009780190312005388,-0.19512625533890426,44.89893810697291,-425.1053287117684,-479.3707725512775,-0.0048147397575197814,0.251287336130503,0.0,0.0,0.0,0.0,0.0,0.0,0.0,0.0
2025-11-22 12:00:00+00:00,83884.0,53037353.5800039,-0.0025557991575161365,-0.0005423598276268482,0.04124130920245639,43.367988674893915,-422.97067439458624,-468.0907529199393,-0.006749636139346649,0.1596846725287363,3.0,4.0,5.0,-0.2466491386294365,0.75,-0.5,-0.02869718273480733,3.0
2025-11-22 13:00:00+00:00,83947.89,37793470.7063352,0.0007616470363835948,0.00304253927288034,-0.2874178639149887,43.97945484455372,-411.38140762875264,-456.748883861702,-0.005446015952952021,0.22688674325897987,18.0,18.0,19.0,-0.045534100797441274,1.0,-0.1111111111111111,-0.045534100797441274,21.0
2025-11-22 14:00:00+00:00,84494.4,89062151.2362286,0.0065101100218241115,0.0047023184834433795,1.3565486199524774,49.04734480651718,-354.0171512438101,-436.20253733812365,0.0010776871243498576,0.5542076424510435,8.0,8.0,10.0,-0.32208801014348865,1.0,-0.375,-0.32208801014348865,29.0
2025-11-22 15:00:00+00:00,84284.01,44714409.7446798,-0.002489987502130364,0.004768609031519766,-0.49794150350041255,47.274312175485925,-321.8225099023839,-413.32653185097575,-0.0014591769005419808,0.4263517379515659,10.0,10.0,12.0,-0.37985262721776963,1.0,-0.39999999999999997,-0.37985262721776963,36.0
2025-11-22 16:00:00+00:00,84694.66,44444285.6511679,0.0048722171619504095,0.00889563751989475,-0.006041097155353614,50.99778632780798,-260.1728905049531,-382.69580358177126,0.0033325535198533984,0.6669071254888822,5.0,7.0,6.0,0.26465976557561327,0.7142857142857143,0.5714285714285714,0.3362497307360172,23.0
2025-11-22 17:00:00+00:00,84554.2,30270835.5836286,-0.0016584280520165473,0.0007077392111194403,-0.31890376591454683,49.70481158441006,-220.11175974622893,-350.1789948146628,0.0020413014626787795,0.6119355734597869,11.0,11.0,14.0,-0.04538895731622523,1.0,-0.2727272727272727,-0.04538895731622523,26.0
2025-11-22 18:00:00+00:00,84659.79,20637117.4767568,0.0012487848031204063,0.004458496931980305,-0.31825081538489175,50.71638197480132,-177.7933039125055,-315.7018566342313,0.0030695295198281958,0.6666579048490101,6.0,6.0,7.0,0.06207269926865896,1.0,0.16666666666666669,0.06207269926865896,22.0
2025-11-22 19:00:00+00:00,84609.76,18935432.3894798,-0.0005909535093342466,-0.001002424473987018,-0.08245749868864072,50.20118179412853,-146.60268120617548,-281.8820215486202,0.0027854783450818044,0.665533429736158,6.0,6.0,8.0,-0.34890948484341305,1.0,-0.5,-0.34890948484341305,23.0
2025-11-22 20:00:00+00:00,84474.41,23245959.8048471,-0.00159969724532949,-0.0009436550756791728,0.22764346367723576,48.758112879459944,-131.29204881566693,-251.76402700202954,0.001338881522439328,0.5816367545806679,3.0,4.0,4.0,-0.8289202451705933,0.75,-1.0,-0.834367593129476,15.0
2025-11-22 21:00:00+00:00,84411.3,22702786.5903728,-0.0007470901542846464,-0.0029351596548963244,-0.023366349207961656,48.064334648315736,-122.83474937792926,-225.97817147720951,0.0010434718342595684,0.5753276102262906,8.0,8.0,11.0,0.11644815467298031,1.0,0.375,0.11644815467298031,17.0
2025-11-22 22:00:00+00:00,85072.88,54950184.6335217,0.007837576248677536,0.005473600208770302,1.420415855770918,55.25240544110941,-62.0332213355141,-193.18918144887044,0.008563961718048185,1.0432418917139343,6.0,7.0,7.0,-0.26278964962278095,0.8571428571428571,-0.4285714285714286,-0.1929374635219574,17.0
2025-11-22 23:00:00+00:00,84739.74,42305525.3290892,-0.003915936547581267,0.0031409512064068945,-0.23011131607224433,51.39498905631302,-40.26503587393381,-162.60435233388313,0.00443630556952157,0.7730106682289388,4.0,4.0,5.0,-0.026867792010307312,1.0,0.0,-0.026867792010307312,18.0
2025-11-23 00:00:00+00:00,84971.74,67159110.8969472,0.002737794569584562,0.006639395436393025,0.5874784764998231,53.81327888722344,-4.244206399802351,-130.932323147067,0.006753749260441699,0.8895577661453695,5.0,5.0,5.0,-0.18851585499942303,1.0,-0.39999999999999997,-0.18851585499942303,15.0
2025-11-23 01:00:00+00:00,85879.83,106789932.6163756,0.010686964866201354,0.009485396521194511,0.5901034303482695,61.8205199849325,96.46583613863913,-85.45269128992578,0.016550012646236345,1.2196097754614688,3.0,4.0,3.0,0.2646647924557328,0.75,0.25,0.33029068633913994,12.0
2025-11-23 02:00:00+00:00,86000.34,113302678.5018746,0.0014032398527104029,0.014876137217319618,0.06098651554444667,62.74361283708802,183.88372318567417,-31.58540839480579,0.017155146693919487,1.1169851356728622,2.0,2.0,4.0,0.33046163618564606,1.0,0.0,0.33046163618564606,10.0
2025-11-23 03:00:00+00:00,86308.54,55983614.5279392,0.0035837067620894114,0.015732289347022865,-0.5058932827698954,65.06962940324604,274.86373471045226,29.70442022624582,0.019757970630059907,1.0956817885033625,2.0,2.0,2.0,-0.11200788617134094,1.0,0.0,-0.11200788617134094,7.0
2025-11-23 04:00:00+00:00,86548.2,90427941.4368025,0.002776781996312261,0.007782619038719574,0.6152572891068602,66.80515230805683,362.13019690553483,96.18957556210363,0.021062642168675927,1.057869359221024,0.0,0.0,0.0,0.0,0.0,0.0,0.0,4.0
2025-11-23 05:00:00+00:00,86358.28,51165894.943896,-0.002194384169745822,0.004162076568534623,-0.4341804741883417,64.08770155303822,411.22420350387983,159.19650115045886,0.017364481548227007,0.9349072592194995,0.0,0.0,0.0,0.0,0.0,0.0,0.0,2.0
2025-11-23 06:00:00+00:00,85864.68,47081215.0352601,-0.00571572291620448,-0.005142712412931516,-0.07983208176295553,57.536996516896956,405.62635450255766,208.48247182087863,0.010257335733636186,0.7636759750712738,0.0,0.0,0.0,0.0,0.0,0.0,0.0,0.0
2025-11-23 07:00:00+00:00,85782.19,62402866.2892816,-0.0009606976931607614,-0.00885067511513804,0.3254302430926388,56.497663622332105,390.0376539516292,244.79350824702874,0.008288346461317042,0.715795937775046,0.0,0.0,0.0,0.0,0.0,0.0,0.0,0.0
2025-11-23 08:00:00+00:00,86137.19,47682422.3469543,0.0041383881665879585,-0.0025601482567739753,-0.23589371478687515,59.858253264996016,401.69849934391095,276.1745064664052,0.011122101419735575,0.7961626675379897,0.0,0.0,0.0,0.0,0.0,0.0,0.0,0.0
2025-11-23 09:00:00+00:00,86393.02,36856076.7984702,0.0029700295540173727,0.00615317031403384,-0.22705108120782436,62.128747344973064,426.6648198154144,306.27256913620704,0.012671869516814871,0.843228123634867,0.0,0.0,0.0,0.0,0.0,0.0,0.0,0.0
2025-11-23 10:00:00+00:00,86066.23,37042333.7067806,-0.0037825972514909934,0.003311176830528506,0.0050536281799296034,57.64359560052112,415.2943322097126,328.0769217509082,0.007912825294560388,0.7164782416458968,0.0,0.0,0.0,0.0,0.0,0.0,0.0,0.0
2025-11-23 11:00:00+00:00,86331.28,58178722.6147327,0.003079605090173132,0.002253265981859931,0.5706008988327613,60.15600905194272,422.79672132537235,347.020881665801,0.009806274819528227,0.7748682128107475,0.0,0.0,0.0,0.0,0.0,0.0,0.0,0.0
2025-11-23 12:00:00+00:00,86530.04,79500537.9921514,0.0023022941395054453,0.0015860077584970433,0.3664882008258348,61.97738608686515,439.7119638367876,365.5590980999984,0.011045878513634033,0.8064097422353123,0.0,0.0,0.0,0.0,0.0,0.0,0.0,0.0
2025-11-23 13:00:00+00:00,86928.31,55998796.7113986,0.0046026790233772985,0.010016472198213,-0.2956173866782257,65.39132170668984,479.72451037609426,388.3921805552176,0.014292579741961742,0.8895378697810841,0.0,0.0,0.0,0.0,0.0,0.0,0.0,0.0
2025-11-23 14:00:00+00:00,86547.4,99691070.0386619,-0.004381886637391252,0.0025033800031690756,0.7802359317190417,59.85591080743244,475.2204427316465,405.7578329905034,0.008737196986289941,0.7439288826270106,0.0,0.0,0.0,0.0,0.0,0.0,0.0,0.0
2025-11-23 15:00:00+00:00,87087.44,65933755.6726839,0.006239817718383334,0.006441693543652649,-0.3386192399468311,64.45054493920392,509.35611118421366,426.4774886292455,0.013568035214220453,0.8802329234623948,0.0,0.0,0.0,0.0,0.0,0.0,0.0,0.0
2025-11-23 16:00:00+00:00,86685.6,126320489.1677572,-0.004614213025437408,-0.0027920708455047016,0.9158697677537468,59.03604331622347,498.2403401862539,440.8300589406472,0.0075946960865931334,0.731065952757806,0.0,0.0,0.0,0.0,0.0,0.0,0.0,0.0
2025-11-23 17:00:00+00:00,86746.51,65253133.4093921,0.0007026541893924154,0.0023005890413807517,-0.48343191322878676,59.590207725534725,488.7123675788898,450.40652066829574,0.006936101338504752,0.7422513041038236,0.0,0.0,0.0,0.0,0.0,0.0,0.0,0.0
2025-11-23 18:00:00+00:00,86995.02,50810736.7976421,0.0028647838397188874,-0.0010612322511719396,-0.22132878311206527,61.85739322792449,495.5022196092759,459.4256604564918,0.0086954642362842,0.8174011680686039,0.0,0.0,0.0,0.0,0.0,0.0,0.0,0.0
2025-11-23 19:00:00+00:00,87325.01,81001274.4390273,0.0037932056340694853,0.007376196277120828,0.5941763403593512,64.69032280279754,521.4991439110163,471.84035714739673,0.011006364534699609,0.9513993097457785,0.0,0.0,0.0,0.0,0.0,0.0,0.0,0.0
2025-11-23 20:00:00+00:00,87483.36,63578092.5720733,0.0018133407599953966,0.008494289856733284,-0.21509762639684238,65.99548348966374,548.5560031911737,487.1834863561522,0.011369218147343263,1.0188068176954914,0.0,0.0,0.0,0.0,0.0,0.0,0.0,0.0
2025-11-23 21:00:00+00:00,87992.02,56768053.9383951,0.0058143628685500826,0.011460426125541545,-0.10711297489710347,69.85064411302258,604.0799128472572,510.56277165437325,0.016009219641890393,1.1271056145204694,0.0,0.0,0.0,0.0,0.0,0.0,0.0,0.0
2025-11-23 22:00:00+00:00,88004.0,70820714.8123324,0.00013614870984879346,0.007775435697058741,0.24754522832837123,69.9370912840904,641.6531194114359,536.7808412057858,0.014973453422609362,1.0300580416160279,0.0,0.0,0.0,0.0,0.0,0.0,0.0,0.0
2025-11-23 23:00:00+00:00,86830.0,118935565.0130396,-0.013340302713513053,-0.007468391703290833,0.6793895024669914,53.6903879062626,570.126108948476,543.4498947543239,0.0011323529830566947,0.5405205908272448,0.0,0.0,0.0,0.0,0.0,0.0,0.0,0.0
